{"version":2,"hash":{"type":"Buffer","data":"tff9ciPeuiITgN+Z4mIpUI7sWfui39knOzkK+r5M8EYcDR3402OJ2Nccx/I85dD4vS6gzvMstPmDvwZHGdzf7y/ToEKHPGjUICU2WYgpc6ctAilmYyuO2IkhJh8vbMe7o7eMCw7MkmIzHzZFLn6KkfCojSwbiiqM4Jv3rA+SBiI="},"indexValueMap":{"b5nuUl2oFEzEQkkT75SbRnYUqRvFROQsrvHHhrPbBuo=":{"valueMac":{"type":"Buffer","data":"aHjvXSVSxy9AT9y8x0bQwJdFu6dZk2KDqweuVCrxaSE="}},"dpBDrKxI9S1lcvum6LvVelHGBqc4eTyHMU02FayXWvc=":{"valueMac":{"type":"Buffer","data":"WWJvztb+c4uarivNRBuuJWPjXXxYDwofFTgi8yXw8o0="}},"IGakhmgEpU1bMR0Bv1UM/FQ4L9V0NSpPS+NR+PfGZNY=":{"valueMac":{"type":"Buffer","data":"QxGp+Z3mzoTHZ3RKSCIqDxnHFasi0WWGJFFA6uURm38="}},"Ge+YOCCcgaEj/YoNJqD1ZXuTuGdWTkruxNhX5hUPPi8=":{"valueMac":{"type":"Buffer","data":"KPOVnCXHHnw97txWi8wXRSnpqB0oBINzQuSUnQCUgNs="}},"hngz0LV6zFfix5nkWwFt2QjeLZwGPxGv0PHuZfIxlME=":{"valueMac":{"type":"Buffer","data":"PRg/OBVE7lqSmxkM6mwmt8cUAMH73fnvuD9co1HLniE="}},"SkCXNeCWS/US06v4iry5aPvNRBMP8BjHF9hnhJJWSO0=":{"valueMac":{"type":"Buffer","data":"7Uz/2N7GV5OA3kCvrekG8GgDGcdqXRd7OzAC896CaHE="}},"8SL2lVEy4fmBvkfc/r6CUUrtGYG/ZoOV7OdhteJTbIo=":{"valueMac":{"type":"Buffer","data":"p/Y2vGQ05WDN946awHbMuPgWqrwOGz3lLLc7xxTnIyE="}},"BmApR0hoSgeaHzZ3cGuPNffzQjMQuhnKqc6RUFMxUvU=":{"valueMac":{"type":"Buffer","data":"hKmnWIlPOQ8fmmB5EmBYK+LG226FdvXdllJRfvk28Cg="}},"7ZSR20XeqEPDz7brg9L7RBaMBxBeiRKttRzrPKCrfwo=":{"valueMac":{"type":"Buffer","data":"DoTVkkc9I+4ukh4TvShW8mgxW9YOaFPYRgGItXqFwP4="}},"z9IYNVNczbwwdhfUqomflqvoupRDKT3UUrn0pn7rM74=":{"valueMac":{"type":"Buffer","data":"Oc0TTPeEQs9opgtV/qqbY0xHqNw6ynBg1P/g1Oi2DJo="}},"TbTm5ox/MV6seYC7DUuhcxOrjHIOCzW1xxlAjQ29HMU=":{"valueMac":{"type":"Buffer","data":"lR41+SuhVx+uWAE3LZDBIljhFBRNx2uT8h0+krzoPc4="}},"SQkoHHSYT4qwuxst+Ypov1MPsbuUdJvFf7izKAlckT0=":{"valueMac":{"type":"Buffer","data":"TqQgJY94aIdpIsS0zGU3SjMhSIbENHRsL62w6ZqjEqo="}},"zDBMBDYvHGT3GszTGkQFA3xrEaMhEUMrcKSHv7rtRdI=":{"valueMac":{"type":"Buffer","data":"EuUaLGMINc8U6e5ExMDF73I0wQftOn58kEr6kUJUJjA="}},"AzfBvwByAuIp6geIg4Vre7VYKnTIIcBw3X6icaSoqFQ=":{"valueMac":{"type":"Buffer","data":"wri0FpYVpa8uGV4ONxrBNiMstsa3g8dpBdYm0HGluJg="}},"ykbuO8PYObYzRml6oMMQAwk1Yl24YbqxmrBXs1XlheM=":{"valueMac":{"type":"Buffer","data":"OwWYH30AmIKAh9LhIVebC64tDVMNcej+1njn1rt8cLw="}},"aVjB01x7wZCAlGSsVhreNv1G49L31SywJe8KdC6Potc=":{"valueMac":{"type":"Buffer","data":"sXrebnKYei3c8sGa3jcjIJG3l+7VhJa6CJaroOdBSew="}},"0VWWtOReg27gJMwYWgssa+0WpI2T4lCEccGpqagobIw=":{"valueMac":{"type":"Buffer","data":"zxE5cVoIi4rZ49yMi0xPEEaYSWSLR1p5O/Fmc0eWbRk="}},"pn6xJTo3IzZz/tdGULYrbwrvl/N3BWQ5vu1XTX5PtLY=":{"valueMac":{"type":"Buffer","data":"fQn8wEMiv6RmbUD4pUE+fVR4zsYV3A5tqzuIu+Su/Vw="}},"cB2bahsv6JakZUQLkI8dkKD/qPmwWXOn+XGwyEH9XZk=":{"valueMac":{"type":"Buffer","data":"42XlTdmWSuRMNq4Yjn4zQGmzn7N6HUXxuDQoeKbCZXE="}},"kBoR5UTFJgW440ddGDlwCjHerlQqNMtkLrUuVzbY+e0=":{"valueMac":{"type":"Buffer","data":"wo0ExMnJ7o2wYVhGjpvlDCmnq/zVM0RRBBNaQdmMvVs="}},"e5GLGxlgY8YoxgZ+ZSGC99BdgxiPenYWmQorPzG/pc4=":{"valueMac":{"type":"Buffer","data":"zRw/N5uXolY+bzXPMKQwi0H8LnJK8dmhzn8RzovwaIM="}},"YzLe6zixpbnx84Km2bms0tz3MR9yPfPhOrAuY/NQY2Q=":{"valueMac":{"type":"Buffer","data":"djUu4dLFbdMgWGvmK4lacqaLFwwrqLCYVG1T24hxqgQ="}},"d/1BhAPOdvm27SFkOh8Jr8E8tU6x6sPyc2OsR0rHYaE=":{"valueMac":{"type":"Buffer","data":"EkNUq5cAqayt10P/7wU+tPmyEiZo6RqmdQKlXaLhh0g="}},"RS+WqcYwAvsBxhW1+4PWK5QGXPBIreHnv559saZC51I=":{"valueMac":{"type":"Buffer","data":"Mo2+vRjN7o86Tq/ByB111DhVxRGEpPZ0dZV+zsldk1E="}},"1GO4n6pxqApOcjzjNAD8LJJC1LStOkUjHAImO5j1G2M=":{"valueMac":{"type":"Buffer","data":"BCSeGJcvgIJ9RtakfWoOWcDzog/AwXZZo98gQRtqoGk="}},"4xkB5JBdUTVYjAepniYUJsTI7TxSlylaSI/POTKK9UU=":{"valueMac":{"type":"Buffer","data":"K6e9qxQa+52ZN7Zwe6K03tv7cu8OApRzFKsn89+znKA="}},"YlAQcEEMvKwhcVagE2BJ2bvdbt4MsGUlsfFXpgo6qpg=":{"valueMac":{"type":"Buffer","data":"eTwZT2vbJHaFtiZnBqjV8OHDcthfrCPq492BUlXzt8s="}},"qoykL0Ma+lRJZEvBQRzXKjuOgzDdjEQk6LfjlUGaBPY=":{"valueMac":{"type":"Buffer","data":"Jk9HOSyum+YXKYfS3KG49TE5wFRmltiUPlouTkHjPNs="}},"8qVYjZlD7gGgKiQMnzMH/yoD57dDaVKyaoYdvN+Ig7s=":{"valueMac":{"type":"Buffer","data":"LYsdUgYw/2APAQNi1sOx+Wzh1jd+jtCjfOMobYqq6AQ="}},"bjKdoD8hOlKVMWF9udiCJKiO6fI5UkQWZmYBRyVK9FA=":{"valueMac":{"type":"Buffer","data":"AbOS3DX2Nh2fnFK4M3ijD2zCOKSuGBJCV5BH6NUwkQs="}},"Vr2BlZe43ft1dJHIZPc1ZeCBj1GDczN3Z+v3xMKHxH4=":{"valueMac":{"type":"Buffer","data":"7nhxlf/fttJ1+4FiSm4GiQ71XJHF4qaagnJ664/qnf4="}},"e0N52P2wLExIYHaI49NvR0cmGDqKutFR9Vt/IHgP4UQ=":{"valueMac":{"type":"Buffer","data":"2xjz1x3gDOxxJiR6efEYuzao1Mc9qwLK8XFAfJCNxSo="}},"G68P61PvD7Yr4nV++SQSMkGF4BPPCUDQAogAtnkj4nU=":{"valueMac":{"type":"Buffer","data":"ycVjJ2BJ4LunOE7TrOCmyyAMS9l7TGgrsmMHNYzgK9s="}},"JolTk627qSM33TIZmLklcHSXrD2pSRDW5DzIwdWQozw=":{"valueMac":{"type":"Buffer","data":"+Vy0okBwty+tTTcvaNum6yoxjwAZhiI36yITl2hgIXY="}},"DzeNvFUXbOeYY2TMZa9PE2mSQkPNFJLG9f5Jl59tQe8=":{"valueMac":{"type":"Buffer","data":"CQhNHGoz2Wp6+K0s4vrgDxQ9Jmli8qjtL7slDmVqeag="}},"PpKgZ+R8DLy28KSFRgmH1tp9HwTpWSt9bsRFfRUh3mw=":{"valueMac":{"type":"Buffer","data":"w6lGr6044jJ9WR5lIS7I62UatNtOs/SOcXobq0Aj0T8="}},"dIHBMKIXklHdfnQrlWInuMXz+Z8Im2HzDuYwlOGvmUM=":{"valueMac":{"type":"Buffer","data":"mHmIwltkTRX0r18nWqNrVCQckmy6+ocVCr7ZzKc+0SA="}},"xlT5PMVkm6E02oiWPETmDi+gt0Hq2JK/ScJNtnPFxlQ=":{"valueMac":{"type":"Buffer","data":"qg55uAx8HfJPlQ27Uc2zoMzYkJb96otgRe9PL85svaM="}},"UYE5RPcpVE+saDjGVqUAGS6NjZzgVogVZ1AqNoUotgg=":{"valueMac":{"type":"Buffer","data":"ryMkrDKL90tCB9K9H1zxVaqjfXKp1kY0Q5aPOmY2RGo="}},"wqpaxWRTK1422+5SSEUf3f0rUvJwZGmK04u73HfUlcw=":{"valueMac":{"type":"Buffer","data":"8NtW8xwiR8Gs8CaDs5O+mzOamUMWhQgCGYHc24HFqY4="}},"FVN6mOixwHqp8aOWkJN4QdMOPzDL/SgopZCIMkJJLNM=":{"valueMac":{"type":"Buffer","data":"oShTvFrMKvHMIBloLDT8J5gYyDWGMtxqg4t05WLGhL8="}},"aXSXhMyRP2PczU7W2BYz++1iBH8r8l0tsYBmBT47PA0=":{"valueMac":{"type":"Buffer","data":"p4Sx6OjST+QLQ6SGlRcAb4UK4IbBj2I0suVszrV1f6Y="}},"KmV3u+6iSK6QrJNRrMYzrFoEuQ/yS4vpdz8lXqjE778=":{"valueMac":{"type":"Buffer","data":"zmweUDa9rAoWwl9GivO/DxOQARSrni9NbroVdPnP9mo="}},"hUfYrMls/sSxB4UABNQi5uVKKz51mp47VL2/tG/JnOE=":{"valueMac":{"type":"Buffer","data":"YZ8uU7AYutVav8WKiFvRzce+jsOrY7RAhcjKm/g5E88="}},"WofdJA/cmdYs/xyGzP7EGFlRwVWEqLJfC19s0tYaMz8=":{"valueMac":{"type":"Buffer","data":"WHsIptT+2cihbaHZx7P+u3sv1GgWqRIWHGVekpUHTds="}},"VTde+Xs+jMWpy+t/zs+7d36GGHirHZcaD4a9+Z3/2Es=":{"valueMac":{"type":"Buffer","data":"dFKZcc5QL5BlGNy9teDCvFS96WYADbDbpemM1v9t1OM="}},"xCtfMr6LWyXnh9xmjOKq0qUPPZl+Ob1ZzG6lbn6GHI8=":{"valueMac":{"type":"Buffer","data":"hggyCRBAcMDXxH5LMhTe2MoC2hnR05L5fgwq12ajxn0="}},"rnVrT/vrh1wm5XwQQ3o8oYG6wL1uLK6pGpd9Gb1rTYg=":{"valueMac":{"type":"Buffer","data":"Y8LsFwFcvugXxS60C4xEt/qP5C9CFYmd2EjQrqrr4ak="}},"Ig/yaYg+NTeVXgGITDkIawrl9gaiMD2OWOzYPOad0N8=":{"valueMac":{"type":"Buffer","data":"nIRPpagbDemAvIdfiCwuX9alDdjF5TiR3SjBdomB6hU="}},"9HsqgbqpyIgy4947GLiKW78dSgn4Ljn0V+S4eHy9DTo=":{"valueMac":{"type":"Buffer","data":"lDw1t/tWDy4mV/hYcysvTxZdAcONNTmrJw+YQUIXEv4="}},"3aOw0QHSTm2pQub3oZNg8LSoMmpqnlvIW5Fbgm8oEHQ=":{"valueMac":{"type":"Buffer","data":"HuFtk1Mj6zhQ05GHmHT2ej6k6nxSN/UeYQGOrQq0iwA="}},"8ZRzYO1GQuaiAevgcjwwxkWj3kaxVBMpKjoS1jFFuIU=":{"valueMac":{"type":"Buffer","data":"wMY9gKA+jCJDwDfyTzpsy1pxAJYxzsqP80WRN296f/c="}},"fCmJG+XLu10q80RCsrWc6sBGjUauMGMKZdkV7CI7njU=":{"valueMac":{"type":"Buffer","data":"bpwJ0nr9POFZYdKUeQvXJuSfz9Od2JCQFYT9lgAwPvw="}},"JZxxmKkbh4w74NCOWbowhU/Pl++8FLNjMinO8BGJMZE=":{"valueMac":{"type":"Buffer","data":"d92TBisPuUsd3cs2krBIU0aXTfj/OWXqn3S6w9xsjfc="}},"3d0AqAxD+Ss6cvBvLr88LPZlcxPGBLc5bnBmgPxN360=":{"valueMac":{"type":"Buffer","data":"Eq8LP8e/YdvJ7Z6ajESxK0LmXFrSL0VB/e1S0J9939g="}},"ne+gmkmCKHdwJd/Xx6JMwLG3BucXWmxVbr2/PMvU5nI=":{"valueMac":{"type":"Buffer","data":"Hske6Czx6vJppNUYuJTU2lGZfyIqntWavVMClFRbARM="}},"f6WHJBzkX/bBugvGxgo2ox7A0ohuHAhN8MDZLI/T3GU=":{"valueMac":{"type":"Buffer","data":"0xYXwVPJMSwVjSES08fRTaetk6YhUDzxhh1cJxiL2ds="}},"MGjZZ35oBw1Xg9h5TPNIKxD8eBYufQKF5fFeO2AbqPQ=":{"valueMac":{"type":"Buffer","data":"Ot52NT5m755JFSGCWchTWxGnF+BXZ+2hkYEGV8AAAfg="}},"3KRx8GbnB4yYE9RQN28C8vNBukVKbUC/Q2FBMwXxKVY=":{"valueMac":{"type":"Buffer","data":"F5LveNwa7405YEOwypkVZzONT2R9geZdyK/StKvXXrU="}},"SVbETXkLHh3PPCL8rwk+aN4EQvgLKxfIwZy9xb9EIbg=":{"valueMac":{"type":"Buffer","data":"pQ6UwUerlyU2CVzi6sOcavGEJXlPLdM0XRpBEP+9syI="}},"U5a2Ys6K8WyZhJD6Z2yB5TTP9sHBxOU6yUJQo6ZRhi0=":{"valueMac":{"type":"Buffer","data":"zzdLn7ep0tVLI3IHbiqMEww4MN8DDSWMGxbN05jXQJs="}},"i3Xn+rePkYRc8S/Ql+RMAlag2y2eTQ7TytZGp1mj5ds=":{"valueMac":{"type":"Buffer","data":"VpeWg54wOYeOCwj21zuD7nXiXWV3ORYVmq4W9R5FkOk="}},"2aSvUTNWyXHSWs1IRaWPz6WLZHIeaQbD4TdDZdw11s4=":{"valueMac":{"type":"Buffer","data":"Ws9mGubLVc0sDX2E0rjr9+NHtZKGWbr6jjLITH+zb6w="}},"4TmVRBAAPIwStbuhaRz45pKBRrxRBzTHdlvp8AFbNS8=":{"valueMac":{"type":"Buffer","data":"jiPN21zsok5ywz7vJ1gMwHtdxrDBmg1B9CsPCACW0uc="}},"2pzfQHcNLQoNohGxtW4kvAxGmdyuhtyZbw6h+uyKFDE=":{"valueMac":{"type":"Buffer","data":"RYVFNbidcNfC2OOz8q2fwlnBwP+j9C/Nl04Y9NNepoI="}},"yAIRZIfI6oRS83S4U2gDGGp90mh2krjQbzvJj0OgqGQ=":{"valueMac":{"type":"Buffer","data":"Ur1nnSj99NNtAn25SiDEaW1qaVwbDpG9QNFA2Y7QTQc="}},"vehVrsBxeZaci8VTdE29esrrTNyFGvrBSoJFYqQeC9c=":{"valueMac":{"type":"Buffer","data":"15vDe6gxT/O1MF8pt7MZuWywhdAVhfrvMdIobc626Q8="}},"xDN6ORgh0CMi3WYlThzv2A2K8D3XKxhm6sQbAieWxYw=":{"valueMac":{"type":"Buffer","data":"XKw2afy6SGeumZ8iJOWpBV6RpJz/YmeDZr2yKFKpbsY="}},"hGaX8F7sQgCQDVbzTorbZYQX9ljesmF2T5lbtK3i9W0=":{"valueMac":{"type":"Buffer","data":"To/lnqWL1aRNc5A8xBkTZagvx/gbGfbPwoVU0pUWhjI="}},"7sALaWk8paRfzqjsIX+RrpuUCt7sjK4fi1D9HxVbmhs=":{"valueMac":{"type":"Buffer","data":"xe8Pjrwdp8O8CVdGiU3SwjZCuL982jDF8d1wA3XWVKk="}},"JAvAY3mnBwqGZkv2czsyg9Cx2JxJYtGRCCv9UTL5jbs=":{"valueMac":{"type":"Buffer","data":"Z0VOuDOCTcmhzwH0g7tMTNAXx+FRY02KVKzGB6F68/4="}},"N/OUTQL+nA6fAE0APqJL/y01TwR+USzVie5KYabW2rI=":{"valueMac":{"type":"Buffer","data":"/3W4x/ndoV5htqNtPneqc1B++W+MI1vEcoLpgyz5Ofk="}},"d0cXx+3yHQh4qmQdUtL7g5bSATG3ialk0q5lo6sqjQE=":{"valueMac":{"type":"Buffer","data":"JKSGjMZ28+ye3jYpaJR0X0XBlepVabXGO6ZC9qq1iqg="}},"NsPk7CkV/KPD8EWL+oZxAUYnyz4LCfBHjB6yPyOkjKg=":{"valueMac":{"type":"Buffer","data":"SGDMb9WAbqD0wQvj+CZK/s/1JtInelmNYP6CetEBSvI="}},"RMOFzE93YbpO3gqHgRGa3C4dLnyEq7IJYA+II1sznXQ=":{"valueMac":{"type":"Buffer","data":"7ER5HgUCjYKv4x3K+Jcx6ItbJNsIdREEc5/ooLWzFUE="}},"kW2pB9GsxR8D+TOmpzq71LZaTAemjgxAF9Vo6KcgeW4=":{"valueMac":{"type":"Buffer","data":"WYWr5X7Hdayurmv3du7AkNafNktiq6vLQorv6YiJO0U="}},"uO1wIlTCQ7W4Et5wdGIfEzq2m4Qybo/9bXeESX47Ry4=":{"valueMac":{"type":"Buffer","data":"TEhBX3QXTXrK2tI+3abFKdADExLdKHtueWxJZVuR4XA="}},"KriE9HrfnGQRVnHWRc1XTO3UMc4eMmCBplBpGtLEn3Q=":{"valueMac":{"type":"Buffer","data":"GeArKWcKXF9YaBZLIACwh0rlFXmVTCEYNr8Y44v60F8="}},"G9l7zgE/+DTS0O89DeOSqIYyNIAh8WNyYEL0WAc4ozQ=":{"valueMac":{"type":"Buffer","data":"1NfbAevLmznydcJdWae2PT062OEI3bRxza1BU11IA/Y="}},"M2sIsZZlQEXpd/cctRUsh3P/lYPGcguyYRPb+e8l630=":{"valueMac":{"type":"Buffer","data":"N9lIHszBqk5ZiFyuO/LdlxRQBLopMgRVjvN5NI45opI="}},"xuQYO9HziFg0QYt2f54XQX2VCtfeUsATbCtBs5jb8pM=":{"valueMac":{"type":"Buffer","data":"pZIYV9WRAIDRNboDgSUzExnYRJdinAdSI2rHB3/WfVM="}},"zIq+buVUe5z+jxWAVpV/w/6L8etwldit9o9Te5mzkaI=":{"valueMac":{"type":"Buffer","data":"PXs6Dnfo/KXLISPF6e2SXks/8+dG4aF+OLR5hP2WmxQ="}},"dJ1p6iDd8ZCwTcB+GhgY6GfRxj41nhGV+Ad4pRxaVqE=":{"valueMac":{"type":"Buffer","data":"XjYkNE3T8U6yXaSzbfaf08KsRTF18g+EF7iEg7/+Bi4="}},"xQO7fmVp47S6lNxp/OUuc6KTJK79mGYYx+VaLjvt4GQ=":{"valueMac":{"type":"Buffer","data":"waXin3NvkzWd4ZzYg8ic8bH7xhpTtfxDP+bFAVRzHPo="}},"oxosVhV7tw+v7F6pCQVuL3lWfHvqoWy0QUiPoVYkRx4=":{"valueMac":{"type":"Buffer","data":"YRkE0O7ktIpCK4hgA1IIWU1l9eVB4i4nOcR++TAYTFM="}},"ccfH3ivvZJ+Vh/AaPGpkYgMLa1C1QAN2JfFIyhkPW+I=":{"valueMac":{"type":"Buffer","data":"XBstY0HWoNwSmlDK29IE2xoYWSiXZE3cXCcVbF1HejM="}},"7EGsQxhJ098yoYAHMXUjW+m6+FZVkH5g/OAA1abyCxw=":{"valueMac":{"type":"Buffer","data":"JvnIObQVPUtCPtrsXx9ymtVarad5AHjddJEsstXiUBk="}},"XrSYaopLuinVRD7dzLkxQ3tD1OmL7RW/WPTss9Cvm1E=":{"valueMac":{"type":"Buffer","data":"ntK6hvOrCHeK5kBx36auKW/Dikowv6x7xppZ2VV+lcM="}},"9K3Or3sz6F22eBWwx8tH6IFfWrGD66v4A/pQbsr0Ilo=":{"valueMac":{"type":"Buffer","data":"a32WhzQ3w0UhY7N/nEhOA3fHoLW7btkPuVGRyro0UM8="}},"iv7LBedL+58pPxRLtxR73tBYnM0ZAuVjf+Z+S1k8+Iw=":{"valueMac":{"type":"Buffer","data":"pXYD7rFXZrjwVm001sGByDZFmPSsurcID1towZkrVX8="}},"IxqK3g2xKjaMn64K3BvzRdbt5luBjlI7sVtMQRqtEt4=":{"valueMac":{"type":"Buffer","data":"aJ0a43FWuRu5ALMPM+wXqe2Bd40oVcm2trQfUzkE3FE="}},"jZcCV7yX0LcgwXBBZE8+BD8ltTrTTR32vmJ0vksyR8g=":{"valueMac":{"type":"Buffer","data":"B5BZKkcNGeNvD/ECjJHrzAlBjUu6sDsbOy86DALfhN4="}},"V2kUXjv847spGMq79hXpIYSDgSGWXrYGsoRYeH/JS/Y=":{"valueMac":{"type":"Buffer","data":"JQNmgu6e2Wi8q2OxKfiaaIF+AkBi9bCSvJBUXlXD2tE="}},"YWjs9fAPrwjplPPeH/MM8yt2lLAwlxpNplKQmHsN0rs=":{"valueMac":{"type":"Buffer","data":"+NaycLA32pyA/URS8GBdYIzt3axiuKZOWrOChJgWAYM="}},"SZjqA9MwrB1YJDNMtlwDZEXsC7HN0P3nH//Vqn0oFGM=":{"valueMac":{"type":"Buffer","data":"Lk5ddmunb2rkjG9fO9rzSTOzi1TTW2mzDAIASJazkB4="}},"1RRmjBuf3x5QZ7htiYsMiiRecgNc9/WQbbNaWnotrzc=":{"valueMac":{"type":"Buffer","data":"wZNF7Hybp5anQzi4lbBLtCAwPK2HjeLWg4Wj+VRJ2m0="}},"06BBEBqSvlYV/kyWpgEWKY/KpDl6rPFjGH3e8pXF134=":{"valueMac":{"type":"Buffer","data":"87lEWCAPf7RTRDQJYAJbOogCnfHH4gdt4h9r7tgg+mQ="}},"SL4UGi4WiWjxrrNej9Z6kkrOGNBIRq2+g7FKtBA2HVo=":{"valueMac":{"type":"Buffer","data":"SSPNylceFcG6o4u+YUBYDsdKye/nee6SLe8Cl+On1T4="}},"TKPQVzdRBfAijq4w8lWyEoN/9WrFiRZJbA7clvRrkWg=":{"valueMac":{"type":"Buffer","data":"jvhg9NxtJQlN2BJoKf7v5pDnCUS4OiVg00M2RMJvGx4="}},"Py71WVGLQfzZf2rholXg2Zm1Vg8+5iEwmWQJd5lrqko=":{"valueMac":{"type":"Buffer","data":"oyd2y9NasDKpQ+dT5tKzG3X1O+/japlaSSU17rZABjo="}},"7YScz7AqnrITiN7EpEklSD/Kyj97rqtwUJUav9FTnnY=":{"valueMac":{"type":"Buffer","data":"d5K1KZ946c+HtPOxDtXqlL5yRLeS1h0H4OCf8dxDYA8="}},"ZL68HFED1MNWPkWX7UqQGG3OG8Lr3bPCrrpwz/cMVjU=":{"valueMac":{"type":"Buffer","data":"wV9msWSme/YYxZyHKUE1pcORaDTh7AvH/so7HRMDg6Y="}},"PdSaXOmml+QnUbnrhNFb/gF+IB2+ou5FWKiy9gycagk=":{"valueMac":{"type":"Buffer","data":"jDnkitQXC4CZ+yJVIKeaSCqbOEZtNJdgSQgZ0wrNEZY="}},"VQ4nhuNg/IESUNiWB/HasqDB8fFwV/bpmuWHyLAJ8BA=":{"valueMac":{"type":"Buffer","data":"xsdLMHpbGm++0eJ017/Gp//X3TK8d298ups/nbDYveM="}},"Vi6Apj0pabwctVrzCxcUJAzWJErvwVnuiFHgNwBDb7g=":{"valueMac":{"type":"Buffer","data":"/8M6/dm53ESUeZZ9uPCW75qIyLrWwPyaofq3gCx14l8="}},"qZMOrmB+D6+eeuBaKedGilYrypNqXzoyy6Yuc/UU1ZI=":{"valueMac":{"type":"Buffer","data":"raxbNgnkyvfri5Hm4VmKJjSEJ9lFYZX9Q4DIgukKxsw="}},"RmnYUtF+EUU7z0oi1hAd1k8r4fK12nLHINITu1KZMcw=":{"valueMac":{"type":"Buffer","data":"4Ou8Si8bLv1yEcEwGoQpt8e93FxCeilpInxkC3UHSsA="}},"slnz1syf5frcs7cXmciPOl7jc4WsMrBUFkeQAhnhMbw=":{"valueMac":{"type":"Buffer","data":"kw/0Ntw7mfJpJsh4ItU5Slqts92Zrje0gI3hDGZyxpU="}},"wdOkN5Jwsno2WsbBL/Yo2g3ZVFRPORP34dz+WAnGHig=":{"valueMac":{"type":"Buffer","data":"pod3XdcKgiXdQWS212EezhTXn4GmW0xGc7u1HC5hbBI="}},"xP5Dg/bL84y2KnLSHGWf2J8QVElgFls+PogGBb3pzoQ=":{"valueMac":{"type":"Buffer","data":"6FdfyUReqeBNtP2pdPm+p8HozyTFbP2yAaveK2ufuzU="}},"uVk7zpBZUfMEIu4/Wcs86gNtqpnv99wsmPkxmRnUeVU=":{"valueMac":{"type":"Buffer","data":"6RWU/BaEB6Bp2GiklThs5A88BeBbXrnILFqRbmEj1Wc="}},"mHFs520VFRQRwDdNH/O+HnaK7eY/Sw6d+ZMI0lVz1H0=":{"valueMac":{"type":"Buffer","data":"/EP6OGNgsgHtyehxgaKLITJfg3MpVgEaLFgf3j2en5Q="}},"7Yo7A/xM4OyNIRtzIbmSL7xBZGffRY4FxGg7Bz6fg84=":{"valueMac":{"type":"Buffer","data":"ysXW7+vtbMhe438AkNUfzC/t1rEFlju8jmAD557/7lo="}},"7V+dsjhCab+RuCPBf9FgA5VJykuygJhDKrzLIYMQgcI=":{"valueMac":{"type":"Buffer","data":"+z17nrI1Wk94URhAbZOixEvT2VC6ceKt7UfL8K8yi4Y="}},"hflHSpvKPKLU8K271sM7uz0I3kGWuv53rFmHNXg31Lk=":{"valueMac":{"type":"Buffer","data":"Otrh0fJ7Ad3kvLdAyqFJvdUrYr5HAr6PCzLgwgF51BE="}},"vI2pWtAbuIrZ36A1f7Y5KHbagktxTePqg+l8Wpn8cck=":{"valueMac":{"type":"Buffer","data":"4PnyzTdNsEf+Q773Bvugr0Q0KV9zTyukxS/DMd0Fs8k="}},"lNF+Uo1nvzMEBMnp4NJHUTr576haUn4B9VqViSfuFp4=":{"valueMac":{"type":"Buffer","data":"0ycpXtITAoLNyLANxOo0Vdn4PwDvVif6ASr3L5WK9W0="}},"fatwzs6cTSrHK0+V7ZAS2exBEcQxRJo0F2KBEcSqbB0=":{"valueMac":{"type":"Buffer","data":"/XrLlooqWuFZDAywJjkSz+0gfGb/IQTOixKMHdLp+dk="}},"g9uhy/mdScXTpyeSKyERj1VIFS1WvCajvbZ2x414FT0=":{"valueMac":{"type":"Buffer","data":"u53S1POWwDrv71kJdX943oAdTOTZZw5Bg7/i5rV73Lc="}},"AtzfpacUShpjjpiQgpLgFdBu5hNRSz/nlXIZKxI5sFY=":{"valueMac":{"type":"Buffer","data":"joY928tClBYHySfLxVlfqFNiNbPb2Bi5wi4uqqfqK4o="}},"b60NpDJleEdPfFQzV3AGtNh/ce9oewgtVHLktVetOus=":{"valueMac":{"type":"Buffer","data":"s1UdA2k2+OGoHvrZeOhc+C57BfIS19uSh/fzByOf/Cs="}},"0uKYZMOscX89b0p75E9cViZYhS8HebNXYiP6l0q07to=":{"valueMac":{"type":"Buffer","data":"HBGLnbp3UQGPZFrs51Ai1eHvdDIkqA7MULYHbzi62pg="}},"BHOh4ooD/kz2aximwymiwaF6GqFy9VUnNugmIduyo3U=":{"valueMac":{"type":"Buffer","data":"h0Hi1mP5nLlnyeX9fIiErihNDXF1VvAE4K1ubu6VhiY="}},"npBz9yiNSfnhjAJxu7LYnxFTyi8J1xwHHz+Jp0JIttg=":{"valueMac":{"type":"Buffer","data":"sk8NpfySXV4RNQUC98Uq1QwkSz7Uam0nS5nsGqzbdAY="}},"XrWzRVLrQBy4cn7mUYcDcbFkigoSg7VqIa0vZu/4qEI=":{"valueMac":{"type":"Buffer","data":"BgH9ihdKjClYebpt7W2la0VSn4xbWHWgiaSdIykS5HE="}},"82dYKsxV9UPEZmG8e6t2np01MknFcw8PFkMDa44pYas=":{"valueMac":{"type":"Buffer","data":"PMzK9L5PU279TiDy/DWE5YcZr5YWKRp1zVqTH5BgWbg="}},"Nodo49Q6lCazKfPxcUo40ehkF+vyqzP0QMveCJy5keQ=":{"valueMac":{"type":"Buffer","data":"XaUh4a5+cFHA1SrakABrXLSrxBWijJAGevjMdlo9kiE="}},"pOYiYcvnmSgdSznQFSJVC351ra+4KAtxu7GiB28qZnY=":{"valueMac":{"type":"Buffer","data":"JuvgaWaT3M1cHZuqx9QXQ3yCncjWMz53CHph7pPgj8Y="}},"MFkyK7M5QRDhbMy0vS9FAoul3vWw7beFT9TSlZ0TjOM=":{"valueMac":{"type":"Buffer","data":"PSKFBX6+Vsq6586dhci+ozxJCi3C0NUBCltQYYEg3i8="}},"nO3qooEMCrAy7L4YpeP+Fp2myCectifdtNfSGUBG4U4=":{"valueMac":{"type":"Buffer","data":"jE4FAf7C1Bui5o43wPRNi4iS//CK2okP/RWEndPtI84="}},"XRJUY1bGhUkKEQD+l9CWOYsER+KAy7gYdv5/tI3cp8o=":{"valueMac":{"type":"Buffer","data":"Wmacn4ZUYnjQiE9ixfTj9YlYLke3QnXsDBztT57wNXU="}},"mUk8mkxihlmRwLIKruKdpX4F6hKTMcOzXJzRKDJcaKM=":{"valueMac":{"type":"Buffer","data":"vYcaIQJpyyiOui2YcUdMLcmqNkQ0K+P5QsJxz+si/0E="}},"gXxBDOXUceJg4BtGj0mge9hnufawcOucELuYx7eyf5o=":{"valueMac":{"type":"Buffer","data":"KFZCsKposVzTkCiMM+6RnFBGnj97g6nxs4Uh7pDNiC0="}},"6Hp46UDVQVXcw2QhjVGPOp1Q+Pn54ZX4x1y8g1C8oHI=":{"valueMac":{"type":"Buffer","data":"tY9piF+T/GL8G2xpFdPuRc+/lx20bbvQ4ENyeF+aRpY="}},"RTnM+BM7AQLF8/TxO4JodRaj3J7DS8/AZxSqq/Jx9o8=":{"valueMac":{"type":"Buffer","data":"/5xqL4DZOMBcUtKZP/vysMO+jHpvkdhq7JPp58m1z5A="}},"kTECwm0HGR27tjLubO78cUQHAMT82a4xkXO5CaWgBrs=":{"valueMac":{"type":"Buffer","data":"RaqPP2P2Wjwvi0JK6I80z4XQ9IXpxKizUkI4hSZY0QI="}},"Y9ji9tKrMjRpCmX49Q1hhob1fzOA1+lOrSi6sJFmCxQ=":{"valueMac":{"type":"Buffer","data":"TSXSCvcEC6H3vbYqUVMGVN+6cChEP+jW7PiAoMMYol8="}},"BSWxrHcVtKnqqQIZyMrTqeSkNSp/ymk+gcb2mT/Y1qQ=":{"valueMac":{"type":"Buffer","data":"HKMq5OxdXxj1m2fvbeQ23HgCa8Oo28hFUMEGbzMkK0M="}},"5zMbqHeDkCg6zWa/03QMOM88F68xWoEsUXfI1njmm64=":{"valueMac":{"type":"Buffer","data":"PD5kqyYV7toQ25Jr3SxVpl79507CQS9pdz2xsk+5cug="}},"AtyHPUuPLxb8SAPMQfvqQ7YZGnzL5fKVu/cCvLSXxCo=":{"valueMac":{"type":"Buffer","data":"x0CCtF/uvk3rlt2GEtmN4VrjA6QNrW0GlmxY18YSEOc="}},"YtdTlNGaO8FaOPB8amkT55dcUqEfqdVzF7GDhTgj0CI=":{"valueMac":{"type":"Buffer","data":"6QWVqVqmgCj7l16MPueCFIYBsoiSfUOtcUZfPX/sYWw="}},"53A/s1v/MS0//yj/7OUrvCpTYNluVOBB9c1+39xc2zU=":{"valueMac":{"type":"Buffer","data":"cNJI+MKnGT0cI2nvCA4T4LmXYMiksyP6wy41edydELQ="}},"08hjOXUjtqcWpmUU/o6dACMz6SivMVyM4QER22EkIvs=":{"valueMac":{"type":"Buffer","data":"ZfpNde7iEhhN5yJRTy/dAoZI5Hkd9sJJCoWFAnM+jzE="}},"YwZOF3+B00zjDxzC0Xhj0H8Bm1LL3aoLKxeZBXfy3xc=":{"valueMac":{"type":"Buffer","data":"albcuLvNh2aLCaNB2hA88UZVtuGbLVDmrDPurjngHsE="}},"e0NpxkTelANxtgvvcpdLOs4A/qVz0czSHBOtxfK65nI=":{"valueMac":{"type":"Buffer","data":"Z6E4VxHRajmGmmFY6VRXBfnl65VZNpBJhL7nExRhAIk="}},"F4ns4BXMDPVxRZdDyAKtzp8Bv9plfnA01+gMq5sNlbE=":{"valueMac":{"type":"Buffer","data":"Wq0eH4hymeagGOgEZ85LkQVBpvlG7BlQ7PpODlItNSo="}},"HFzzD2BB7M46tqhTpsUlia0fUoaudVf72eVScy/nn4Q=":{"valueMac":{"type":"Buffer","data":"Isb8dXSw1Ll1PnkKIK0n9Wt0nhPjE9NkQpbiXzHYo3o="}},"bMlCO1CDPoxXXibIWNXhZQHXyL3sPuv97msCRu5+hKk=":{"valueMac":{"type":"Buffer","data":"h8dDCkIjff2aGqNURVs7ARNaP96PKBvbXsW7YCZ+vm0="}},"yHt7XR4lASuIP3R9vNVSyabiEuMkahXJ2c7QgBYbIiA=":{"valueMac":{"type":"Buffer","data":"n74s9ofu0oJgAEEq7KkuI9xLN2KM6T2HNOL/YQj2zfs="}},"F7z1NrRp0Zq/cCba+xcdPHV3wDhCvar9nCiXLZiW17s=":{"valueMac":{"type":"Buffer","data":"xE58XJK3HBvCY56TE9+GzsGl8BOG4260XEwvkQbR2Io="}},"CA5RuOaIjX+hjbonRmxIaOegEmF8aCluQJgzs47Cn1g=":{"valueMac":{"type":"Buffer","data":"umyJYiQ/lMKXN+pPKrTv5jYV9qjfL1vL3raLx7oXa9E="}},"DEB9BRdzQDGYb8oU2b8GWGW4qWVfuA7qvwCuke3CB2E=":{"valueMac":{"type":"Buffer","data":"c8R0YoWiRQd3qdoqecS+d1LZxxmhPdbsw+XeMoaq1iY="}},"UG6BVa2URcHVSo70+cZZHcIdVen+M+Td5lOZFRGlrkU=":{"valueMac":{"type":"Buffer","data":"sQt0tUtFKQESUONH0xKwQgTY8xvgUegzIDsAVPTQtHc="}},"Xb/3MCUqeW7OFitOjKi7teqZlYvHzzV0xgRLsFBakCQ=":{"valueMac":{"type":"Buffer","data":"rAFlMt627y3ZrX9pIQl9gqsZ3sYOlfhtaoMRq0MqsTA="}},"RLom1R+M31mcTdreonZZPg0vhbhgBKmh1LJ3CxZXLhk=":{"valueMac":{"type":"Buffer","data":"T80Gw5R2I3/A5k3Po8FyNtRYipZ9w0iVwrwQiml93O4="}},"XJUvdMIKwK0nKWjt2/d3sgEVNv8gQ9+Pl8GJITXCmu0=":{"valueMac":{"type":"Buffer","data":"31UbNVKNNnuL+RuSV0uldhnhdud9pf5Tpb75O3pgDnc="}},"E3WAsnPuNYH7wr0g4rG8penWnKVtZIROMXATwYUtV6Q=":{"valueMac":{"type":"Buffer","data":"6zv6TyvdwaLNg1hzZxdQ58uN+SMNBebF0oL9O3I/KI8="}},"ZRRwmC9Ujp8M2HyFPEMrG5fOHLc25V8d6ESmCNb6PMs=":{"valueMac":{"type":"Buffer","data":"MP6G3nOrjPOLOa4VsybLu1jZWNGlxdktMoC5eY6SStA="}},"QY6pwAWkg+rA3lUahlfFVUqI40f326VekjAlbr73Tx0=":{"valueMac":{"type":"Buffer","data":"8OcUc3kRswtbuRapW4scF+OLTGKxCZcugaa1C6vBkJE="}},"x/l2dyVHtntTW3VbWkG8S84KKkYFoBOeP1Cr3Qu+KuY=":{"valueMac":{"type":"Buffer","data":"s+ypKINeGWgMiVjaMz+pW1du9aYqsfsb7QUnpkkz65E="}},"jGbx/PgDaHKtv6uO/StmBElv0M1xiVyjzJoIA/JEHbU=":{"valueMac":{"type":"Buffer","data":"xm8tFfsbAI7NLIU/9+XzQYJGtO1HSTQwSfQEmv6Nsa8="}},"NUBwmVysLSKId0dPPNxJFXjXj8VcoLfDHP3TGUHXVjw=":{"valueMac":{"type":"Buffer","data":"elXswxyaF8bqe94xoxpqt1PlInROyyODxqgW0NgGPfc="}},"bXNCZ82skkZYduNM0XIhIPvFI6yVG1ZUgTjXETqea+U=":{"valueMac":{"type":"Buffer","data":"ZExChSnMMUhAd+FGuAIMPGS0vOUb9unh29wXY2fpsrA="}},"lUgbfQm/ocdjFgw0EE4JnHT7bufQPydzR/9xdX5C0KU=":{"valueMac":{"type":"Buffer","data":"Kmr+b/4Z1ZlQrHyuS1MG8Qu1in9ggbcJSmmEGoj2WFg="}},"jR+mZS7DYOPoi40XCu6blDkq7EUFAFSc591b66Ti+M0=":{"valueMac":{"type":"Buffer","data":"KX5TnHJtPx6kWRRFRBaLheQt+IXn25Z0gNn3bK7DCbo="}},"jXXlEVSv3IPnbgyCZZXlHWnet/kiTo67RJqBae/KVzM=":{"valueMac":{"type":"Buffer","data":"pS5d9qIZNUJ3r6RqL3zyO3iRklHo6Zw2i84vHYS6msE="}},"nnKsK/dHuJzglo0Zoik7OH8lIoB6Fc/C6LBXv5yEQQE=":{"valueMac":{"type":"Buffer","data":"6NXS+bC9jJGbqbv/a/pU7toOtb5CXVTitmtQGbYLImI="}},"m33gS5YxerFB+n0lteq+vQobvOo03w8RT9IKa1lw15s=":{"valueMac":{"type":"Buffer","data":"Gm25AL0QNxPWEBL5C6DYBPgiQwQ8GkNo7DG+GZqDRHA="}},"ha2dGeaGbhNUe8r1ltVj6yWDD9069g6zBegv/XrZ/8s=":{"valueMac":{"type":"Buffer","data":"PrEszD6K0wwnjMtN4XIOhua3GZKe9FkBZX0MGIjQN9I="}},"FQg6gu1o/zQchUu4Psum1ts08TSDoFonnJvzBnU0XNo=":{"valueMac":{"type":"Buffer","data":"T0W+1TWxcxc2OVAKPPh5cWprsaSY3fD2LiD+3edjLRY="}},"u8KWZ651y7LoJNEOm9Xqp7quG4TAXexyN3t+tf5K3Bw=":{"valueMac":{"type":"Buffer","data":"fdNSAFZQqt7Ladg69mXklBLroJ0+WU8o30kdFLnlhjo="}},"TBa2xAG4RISWXTmqARmyoUVVInMffcWZ18XocSehiGo=":{"valueMac":{"type":"Buffer","data":"B2ZuRqahAZ8/oytOmv/XJHs9KDsCBMVlFr1fWVUr4Vs="}},"4y+DCOvgWvVN+0ksVx/khEtlxouYhqOxrxWT1CyENqI=":{"valueMac":{"type":"Buffer","data":"kvxf4uvl1K12jM4jQOYI8LL/Y51OMyERFXsp4tm1AFg="}},"KXYIIx6nfbNlOWUoaCQJQCSSb9Ow+wSUDpYpLgKGk4Y=":{"valueMac":{"type":"Buffer","data":"ynGMb072I4n11BNMeisswAyk2KcrjZrRRRdtzmWV1Ug="}},"RsRqCQ13V83huVXcy+gO+JdHyI0aSy7iQaQtNjm44kQ=":{"valueMac":{"type":"Buffer","data":"MQXoEjXPmKjGs49CKx6cA/L9pgrWehQVIdWs74fRURQ="}},"OcrDTv4zDsVKkpDW58ltOkKkgNavGli6aiF0PspZdyc=":{"valueMac":{"type":"Buffer","data":"+YIPADMSUjwXo+/z/adtD1zdAckyMuUsCD006VwU/kI="}},"QV7JzWItaf6fJ1q+I1WcihfEBSJyaJrJ4oqthbJq0hU=":{"valueMac":{"type":"Buffer","data":"yQSvHLha67p4IyMySeidWtokdLXE8+N2PTRuyIK5p8Y="}},"glUk3A0V6h5ndNZM59QAKRFKpbLWOZpuU7sLgqdEyfU=":{"valueMac":{"type":"Buffer","data":"q3D7itRzREOhKqNPT0j2B/Df8qWIvqfVIs7WuIu7v/k="}},"cxQ8Ar9ZKCywo5Tu8wImeGGIcTZJxTOLaDzWg5HA4nE=":{"valueMac":{"type":"Buffer","data":"Mz71++64D5FPMAtNlQZfJKbAMCjHEyYw3ctBAw/7Voc="}},"uq8ZL+XfqSzXZN0H+PqaBu+jLfu+V7DS3ptq4otk+Qk=":{"valueMac":{"type":"Buffer","data":"ZWRA4KGMXZANTT8Xl22OEoyzXwwQ2NFfBG2wF4TXtJk="}},"Llq30I+OOXjdlOryVOu5B+a1P5baFCIPb7hZxCwRSCI=":{"valueMac":{"type":"Buffer","data":"trrAInnopbODakjtsNLHSv1izqtrkjmQW0AksRb391g="}},"DFHirKbOn5OmuqQ4ufqEUl7ec8PqD/lSfmcZDN5urI4=":{"valueMac":{"type":"Buffer","data":"HvcqmzCiVRZ8I8m4Az/JDnVPIFR+5Gm+Nmgznyf2Mxc="}},"3sBWRHbFVuX0jGdBa43Vq8bda/xyGQ/wsvaPct90mKQ=":{"valueMac":{"type":"Buffer","data":"RBR4TJjzxXvSwSjwOZZ7xdG6D3lb0XpdK9vaKZNlvxg="}},"G/3y+IknWB96tstWWI6ElX5yT7hzW4/FklpXBDp9iIM=":{"valueMac":{"type":"Buffer","data":"20VcuB3OGaO2exuDoZ+kUNP9JgccZLZZriWsjPTMkJ4="}},"pOwKQAVDMp4jLlmG9ixO30SwaJOW7pYrhtwmz4j8JtE=":{"valueMac":{"type":"Buffer","data":"DUFvk9gPFAQreDRJpq+loqAgN3yFgMzRvh7x/Td+j1o="}},"+63Op6v94UyNRlMjMN1Bt4qhCw6zRu4ezNso9O3jf4E=":{"valueMac":{"type":"Buffer","data":"LCUJ85919BISlJWuqBJpvvqe01Ik6MiMlx2R1O8uLAI="}},"itKJSUo/bXS2hpzXwFVRWcyRXUYyP3pEBpk7Gx9UrGA=":{"valueMac":{"type":"Buffer","data":"Fr5cdgeHr6Vlmm8v9fP83MoSwVznwArZ4AJCq9ygyUI="}},"NeUwWF9V3wz3PNDQkidjb6BXaJQXc1hOmluRkaAPGzQ=":{"valueMac":{"type":"Buffer","data":"+n3lb5oKxcNhS5TkX2i2sZGys5uN1tSo0X9dMv/J9Uc="}},"8cOztK3aldhd30vdYvWVDn/vuK6zxEbsnVZQ/fXVoBI=":{"valueMac":{"type":"Buffer","data":"bGc5GCSdR2O1QU3ABDdTD8i+nUeHF3DY4vHc+ERnwt4="}},"PiiqjSNG1t3mAEIofFpTWw0oibrXF0pFBNTjnehWwcA=":{"valueMac":{"type":"Buffer","data":"m+9Bjssuxw/ebizykTgQ+fm0TFFlPGURdt9HNQ0+61s="}},"TSfCgzdVHw8/7MrFzKcZFklD7xDu5VMJMCAGk1WDVeg=":{"valueMac":{"type":"Buffer","data":"qhbVSLtTRbdcXGL1/Fh1yk/dyFhyqg3xiVxwd9uHwvk="}},"8QrSnjQf4yZ5ApiHUl0c/cTyBpbqFRBkn75DHn1EWVA=":{"valueMac":{"type":"Buffer","data":"ijAwdbdCRgZ3hi3XFyMB54zTBpvKJ1ceVgzbSdAIVDw="}},"8fgBXm1Dad9llW2YnvLeozrqaVY0adgAf89Z+b2BMmE=":{"valueMac":{"type":"Buffer","data":"Qh2/nN+6sQOsV9b0FcGZ5ZtCbJOoTGDGX9K6M97B7Po="}},"aSyldVh+A54CGKlgPDVeBFPw7BzwMonfUVY5Pialuhw=":{"valueMac":{"type":"Buffer","data":"wQlpyI+waB7N/xYquGyMKwOoX3EGga8sNYfi2zsX50g="}},"/n0o/dZDKfTZUvysMZm8jGSS8TSoK91e2Cg/pbTt7B8=":{"valueMac":{"type":"Buffer","data":"jjDs4q0/AzJxpS6svb0/LsP8f1y0wcaUpM2CCQQcmi0="}},"ogSLYr5IpEbiPFxEbg9tghi+eHgOR0b/MBlErJ5jXGM=":{"valueMac":{"type":"Buffer","data":"eWTc7HL4ACSCv3oSmPeIRaxLj+3UVfEgHjqvM9egt5U="}},"T8V3wv7cKHoit5ppTS++owL8N+JXI1hcAZOeR+XBhEs=":{"valueMac":{"type":"Buffer","data":"VxxrIV2Yg9yYTCHZbacs6bkahnx21Q++mCO8nmrvJwA="}},"UmIVs71rYqHVPLA30hGGQJi7QrTJXu+o3ELYiOGxelY=":{"valueMac":{"type":"Buffer","data":"qlTDrrpTjDsLD1gfOQYxZ0sAn9vw8zoGLcwFkstiHvM="}},"L/of3ELpfcVG/cwN+MfcVVMq44yyXqGleOLZDjjGxvE=":{"valueMac":{"type":"Buffer","data":"0NDQmxIy9wCpjEDbf7EiIimwn1hIFNUu5hNclE93jXQ="}},"5UWxFeibofPlBmSwy/7b/KH1uqTGycLzDk+dxs+DxUc=":{"valueMac":{"type":"Buffer","data":"DCC4hKygldWCee0xj2m3bybT6XVu/+oz0UzQLd5Zg3c="}},"vudZyWmezpVgTwD5q3O5gjS+uBnzN31BUYktbH+h36M=":{"valueMac":{"type":"Buffer","data":"ik+ZkQ2xZxacolVWAav8AHzjyyOMif6c0SMrqHitdm8="}},"vpKc++sK5x/WgthCimYfDHLLdUj/jBDsjngHdPsigXo=":{"valueMac":{"type":"Buffer","data":"5QC38C95LvVv2F27OGRwhe09bVSXfF6rRlLnkOu9ljY="}},"A9hS/AIzxtbwikuCKc+eRWW8U+TkgoBidqdHkimDU6E=":{"valueMac":{"type":"Buffer","data":"FWWXPxfll5oP3FXOqIqLvwBKLmTfTadjxCd0Zk5z1SQ="}},"oAmCgEZ+kQ+cq0TYhqXeFiHf4aS66+xwO2KJJe/MqbI=":{"valueMac":{"type":"Buffer","data":"mleNft350fcQLIKocFzz0m2s1QDb53cpwxb9V36R97I="}},"94t6iTUTzEcBp+9glGsYFZ6gpkeUANxcwarJqYd4qf8=":{"valueMac":{"type":"Buffer","data":"ivev4nh8nxxReeuQXHQud7PZwfXcB/kr9EI8F3Yp7D4="}},"fFl1a1ICN6Sq8gBVM+jHzy1B9rPavNuoxr5fW+3eJeM=":{"valueMac":{"type":"Buffer","data":"AxH9viJEDV0tbDYX8ftW8BsQAe9MtGc2ZWyU1PbCdHs="}},"hvKuv0htG+kdawT4Zaq5qEUW/7I0AfB8fGS3pW4Syuc=":{"valueMac":{"type":"Buffer","data":"j/G8dzrDzfnbcLiU14wuPaOomZH5DuVilEb8CNqWFpk="}},"NpaBT74oDw8lcXjiRQssVAcBuBAeb3D4LXWSxNqShwo=":{"valueMac":{"type":"Buffer","data":"h2sIMtVLFqy1GqaC0rDW5MUUuQ2WqRK2M5zcRYQB/HY="}},"fEW30P1W+Zkpk/Y+JrFRvkl763HxieFL+dY4xOnWjhc=":{"valueMac":{"type":"Buffer","data":"eYYr0dh0lZ0q/IBWdY13OkSywr+e1SqOJpeSiM9n3zY="}},"kgMs4tE5MJfI9t2RyX5kQQplXnfnWaVNC2iuZ/iFk1U=":{"valueMac":{"type":"Buffer","data":"iSMlde+ZAv5ut8ath6s9HMd91utDLzBcYIl0R31mpic="}},"ljdUBtFyT/sVki/6g9q0cSNzZKg5P35bos3cmV207P0=":{"valueMac":{"type":"Buffer","data":"I3YwWp9QRz73f2O7X+JdknWaZnoAT5On1h/FniQvxUw="}},"uAVqgQo3iZaamTXddXf+jvN3XffB67p5aRVdAtqTVnM=":{"valueMac":{"type":"Buffer","data":"C/FkL/gDy9wWEqkzlyCFoe1OTghDb5fxiPMMTipzyD8="}},"cY/UdG71cG8I8OnFRLfvaWpljbj/zsypsXjNR3Jnb88=":{"valueMac":{"type":"Buffer","data":"7RHBtWghnUinEoyrlE5Z5nlN6vGH/CXIz+V3XD16M3Y="}},"WswRo+Yi8fZYcpiyRlswij1yWqJd1zsuXecUYN2ymPs=":{"valueMac":{"type":"Buffer","data":"4tEiXcw17Kf6/B8p3dUZLRYWyhF+nuyQoooQHxZ2TAo="}},"0gdcjvKzh7tSLfFsngGGCDXBircaG9y4DwfOK0UGSww=":{"valueMac":{"type":"Buffer","data":"+HoNvqZf3jAAqW7RFoYEYYgGNwETyTm2EBoFObY5DCI="}},"T500jsYeYNuGLYeiwWQSkMUYnqcjZxZf2Is2+32XaTY=":{"valueMac":{"type":"Buffer","data":"uO8Zla+R39Oe2bUo4sWTySqtR5jCCGiDZaWLHrK0cOY="}},"L01y8d98uGbmLdj7TUBRO+J0TJwo0V8XQ/8zlqW0M2k=":{"valueMac":{"type":"Buffer","data":"i/dXrf4LFSHphg8OHjx6wcJ/HIS3uy6bawJXy5ZtAm8="}},"264grcLKNbsqTewDPYiJcFy1PGT0D5zED5SVeCQpsQE=":{"valueMac":{"type":"Buffer","data":"D/guePs8ufCtLdA3owXQ6Vt/BxZY5KZ1OsVOQKHEC4o="}},"M8e5MR437KLrLn6xvRZzlJ9XKuDhTGywHHDpPLwvKP0=":{"valueMac":{"type":"Buffer","data":"KTjhjfswYJuay9YcbPle8yyRfPSuYyImfjOv/HC0HK8="}},"e+R9JRg8WAk3TD+84fHHAfYYu8So9gMjypYyOPjNMpM=":{"valueMac":{"type":"Buffer","data":"qBtSK8Ma0Z7AJ+wXSKCcB5/uouFZJNIRtjookvuqIBo="}},"bl6Yiq8Ij1yuykLQKQQJ6XQbkHlRGtUmoZJCXPm9NmM=":{"valueMac":{"type":"Buffer","data":"Tnfn0N6j476gFiTw7MWxzg2quNEMcGJA7FQyBozy+h4="}},"V9lP07JI/vxcuMdym5VquPL3S7DQnH7YmvmjpDaVXtc=":{"valueMac":{"type":"Buffer","data":"PL4lA96ie8825wH7Vex3+eme3K+r6VepJ7hxrGQvvVQ="}},"EMl89DwPiF6eLCMKY5z31U6UDocf4JR+cYooCUAz8JI=":{"valueMac":{"type":"Buffer","data":"IdjIITP7ROyYRx9O14lWqxOTf3iYot4zcav2g0mtkm4="}},"L3DQijtTqJ/PWqpCLU+16aK8kUnjZagAX6CpFmuLuBw=":{"valueMac":{"type":"Buffer","data":"CVx9DW21mI+J9eb2wFLIF6i0aZXIvVvhIdLk0s2cAWo="}},"2+18bq+sKvFjwX7SWDuuLyszdOnVZlY4wveS1G6hYd4=":{"valueMac":{"type":"Buffer","data":"y2IIjSeImEO7ZAztQKnYUgTpWjQ2taib43hgcmiTBL4="}},"tjrkooqy45iW+R+XsyfMcjGvCLM7Wz3OARmgnwRLAzA=":{"valueMac":{"type":"Buffer","data":"2CMPAyDJvx6fxu0R8Gwm16rm4Dc5vfh2NK1e+TcO6wI="}},"ZwGx6ev75S9KccY2s3DRVgmzvL9mDNsEmiqL+oXdkYA=":{"valueMac":{"type":"Buffer","data":"ReRgW0LDYAasMW+wP1vZy9/PiGvqVfWDjhKQ9RcPZnM="}}}}