{"version":1,"hash":{"type":"Buffer","data":"FAO1W9LXhUCgoGRJusnLM3c8jIr8f/wRbqAaVorQY2sQ2xIbKYuPjAbyb8EE5t0v99aa54csU0NyT32iCX8UNej2qqpdmDqKf+Vy3SNVkK63yuyyxVpWQEBqmcBv3rgNnAl1Qi807HDJTeyrRHV6m2mVXxeeViZRjh3uEWTN9t4="},"indexValueMap":{"B/QgJkwk+DU+i0WgVsS9o9KCFnVHo8RSc411bS7Lmng=":{"valueMac":{"type":"Buffer","data":"D7kSMvgowq5o0nm+lHavAKWdh7RdOP/Z3Barxy8fP/g="}},"ZAiDBfVwoZScQA3unoew/hGnAxzGtO4QHT3QDONsqng=":{"valueMac":{"type":"Buffer","data":"nvtdE2Mo11t+XJ5Uigs9r2jVa/cRT0Jaa/8EuBg8Tn8="}},"UanjxZ+inmg3e7vXYUwt/K0Ma/2dkCx0msXuhVCabRY=":{"valueMac":{"type":"Buffer","data":"SOqs3iuy2VZw3siVlj90KTP+BiNVuXW+FptAeWqzDXs="}},"HoP6jhejAvQPf9lOXSfB4+1fPTxg/ffVTUamV63W8tQ=":{"valueMac":{"type":"Buffer","data":"qIXLP+E9AI79q9Rd5iZFzEgJIDpE9WDoP1Gz6dJy8Y8="}},"EIIgCEVybwxrcOoHO6BfL1SOKKH+uIaApRjNMQWSTdY=":{"valueMac":{"type":"Buffer","data":"BTt9YHDbzlPbfCjGsB76B6S94Zb4ZSOpGWSTyVedJt0="}},"LKlq/kKf+DJSYnPh2uqvKgzmaJkhskSzMtfEHQE6jR0=":{"valueMac":{"type":"Buffer","data":"CQ83Jvmuxzb6W8SwoCa7wUd5XD9QdEB5mYL39IET5Og="}},"uJ9Eb5dA7xwh+VkUlTe6Ax3DpNeoYpPiDJ61d9mJylk=":{"valueMac":{"type":"Buffer","data":"FJ8102ArxpEL1JmjNX8twr9ocWoJi90JoGf5Bcxlms8="}},"v6KkkMhpl/soHSr/NFkue70fozrYF0beGHrxK1fNanI=":{"valueMac":{"type":"Buffer","data":"qLoGio0LDTdPaX+lPwu5CDLpeD1Lbp2f0THEG1N1fGg="}},"1eTPEO0j8X8i9QpjTzMX9l7qbAG8n7PG0yPBI50jkx8=":{"valueMac":{"type":"Buffer","data":"ZhreqbrWMWP2iuQbDfo10YMtHs7EjezMX15CZHcVcVI="}},"BLnEOdinRLRdsiEBfu72BzCCsx42029VrzAvnt6O7YM=":{"valueMac":{"type":"Buffer","data":"NnnZl+yt4DktzoG/awnl6Zzmee0I6A3NaD1zXwi8ggY="}},"8vWTFLQ4MDKMoI47Zl7VbwnGWNJo5t0K33bKnzK9wO0=":{"valueMac":{"type":"Buffer","data":"4sTstaNV1ulfa7nN/EigDRimOhBGAR9YZok0JDuUpSA="}},"kZrDKehaO62BjALHJ5D1NIIxCNTL8TOS9jm+inQiBsk=":{"valueMac":{"type":"Buffer","data":"kqhU3UyoJMpYPRdP0qUv1JWLBlRkbHGtwuG2u8RqTHA="}},"HUNMcB4N3Uz8FY65WG5WLV6qbtZKQw/RQWydjyatir0=":{"valueMac":{"type":"Buffer","data":"jB7OmS0axADJoeT1Mwk1R8bzeWcV8m/3aZ99JUiaprQ="}},"ICJZZFCGTkYoXt8Bu+1/dI2EeCsJtodr6zEdeDJHweU=":{"valueMac":{"type":"Buffer","data":"RFT3FjDJD8QespjaXfrJAufgXHwEL/7bnqt7d/COYIc="}},"5r4lrSkBUDrdTynohoiF/DZwlX6Ly/kCSrLTQm3GSRw=":{"valueMac":{"type":"Buffer","data":"F8Mlfz3tSbB6HsoWCdImFr1MLaBx3fL9V3xDs3J4rq8="}},"r8vUyV/sW9w9x2FVhj/Vyk7YoFihRjh3aiHf4VIF+NY=":{"valueMac":{"type":"Buffer","data":"gW5iZffC/ZJa1ALB3pVDXliX3Cu1kVFIVeaUzeIs6jE="}},"BrWB+9rd+rSh8Q21briLcrfifn8ttA6mHJFywB09EQk=":{"valueMac":{"type":"Buffer","data":"WQ422lSF4R0PVflD/k83OyRcidvzb6x198Z32pQ9Gzo="}},"IPacMhz8lKVoKuITKTulAHv851gBURYlIQdEJdGCkmk=":{"valueMac":{"type":"Buffer","data":"7PwOSLex2g+2TqNnBVl6de8dOjmw9Aq6pAtDjEwZVGM="}},"uOJxFOLFWU39PLuSp5dkLcaFGatPM7ygmZfwXFa0z0Y=":{"valueMac":{"type":"Buffer","data":"J7aP7Zo0hYBoqajMIrLrSsmlHrcvpjkRIcu+i0XwstY="}},"D7mtJ37LJ34J9bPnfmfBBDv5B7Td0lDLWebUvRwXalw=":{"valueMac":{"type":"Buffer","data":"cirozsI/d3T7XmWgGH32GZx3xo21hGUO+bHVsoy6iMg="}},"1VnJ/TjE0MufSBLb04pFgLExMyRcnV0WFvdSQ0KhYho=":{"valueMac":{"type":"Buffer","data":"IgrBzFsTcbGKAkP2ZV7xFeJKg1KMOl6Xn36kHqu8BhI="}},"T5U+pjbFMcIvN/0FlEFVV4MuT8uxhC8EdnzdOPYpGLA=":{"valueMac":{"type":"Buffer","data":"ZBXyZ+l4YFfdtdl9ejUFuuuAmp9sAGib+ReEaUL/03g="}},"iaWk8klDCBHkhXZDsmxV8fSHR6TgNW+wsW+wgNBDUww=":{"valueMac":{"type":"Buffer","data":"hgOjgVcqQamlY301ebQvmJYBDn54QY0sIPiMTxh7MUk="}},"x7FzEFfR5W6l+tNCai07JE9xyeP6egn7fmcBuq6FZ0k=":{"valueMac":{"type":"Buffer","data":"7iN0EjWwyH5INt5Apso2FZDUZFPH1e+PcqBJ10YsMqo="}},"lUyQSrneN+SiWaQDBbUEQqgqnUsIGZt1P/00oSF5MIA=":{"valueMac":{"type":"Buffer","data":"4iEzWXFhCr00wJhel2Vprz63S51L91tmgq/44+6aLN0="}},"hB1oKJBCXXrwC5nMkPGkstzSvMpfd/OEOY1LFp3e2Rw=":{"valueMac":{"type":"Buffer","data":"D7nZPp5+fLksjQ3A/uBRr3dPLcJjf7Q11PV4eCx4U9c="}},"jK4j9eSitn80JHW7JftgcVLoH+kccPdC6AZw7eN50b4=":{"valueMac":{"type":"Buffer","data":"iEv0l6p3NkENshrp8UQ8PO4tor19iOitcBnkP5AFAb8="}},"PDQf80CU8pzkfNMhXG1lZwkQ3pyIHu2InlJc1f5vpwc=":{"valueMac":{"type":"Buffer","data":"6BfOWV/yt7ibmgVMjT++wg0hziRatgyIzw5HcmohMzQ="}},"JNAmO7PhkP/+wzOMCx68lTDVuSFODTYicKk7RUrIIr4=":{"valueMac":{"type":"Buffer","data":"WAI4vc6va3wTv9oaydVAYxDYhdFIrH7lxzS2MzdVCDc="}},"dct4W6gVTBQ9HpvBBGHXUhreh/hJQ2NIHcHbPEfJ2ZE=":{"valueMac":{"type":"Buffer","data":"qh5dYXaFnjQ1GNkerwCsZem/979L5BnxzunqfT3GAzc="}},"fQiZ/8iq6mnYX8H4ASn1ihzKgkCCA5lOrW6HQjAh5+I=":{"valueMac":{"type":"Buffer","data":"zEQd+hRzBa6NbFjTpcANyVtBhckpqWEe/V9c3rpHoaQ="}},"mQNsCRTeH11XrDsS06QBKS2b4CQG3iyaYFpIsYZu4UU=":{"valueMac":{"type":"Buffer","data":"2ZEJSV9NcWWRzRsssnlVs+FKqJMU97ZFEP2cOCbI+Uk="}},"3zKoyXwsoc1e50ohkAQOO7nwkA1BSaU/JfFVrr54+Uc=":{"valueMac":{"type":"Buffer","data":"lpMo/XDLIV9v97U9hItRZztqV3Q8jKZWp3lPhwEXjHY="}},"1ue1KeToq1SRSCB6s/puOUHHbk6fcVxSjtF6lq9vGbY=":{"valueMac":{"type":"Buffer","data":"0rxe8T+cmvVG0AVRaWTsSrPNhgjxqw7OM0D6qE4EeRs="}},"+Dq4nowTr+xouvrNMUrh4b3B6TNeXv541wu3KeVlsiA=":{"valueMac":{"type":"Buffer","data":"obT9UTCpbr+vcC64b7fNuKg4VAKpWQ/73FwTaxMK5ME="}},"Fb6Wqjnm6Hi7aEXSQ6hQmXPsjHxt8XdDX8SYpsqAwBY=":{"valueMac":{"type":"Buffer","data":"Ae3xItjyceagjE0SKs7RLlIANaP8j6CgQ+yMAhJgocU="}},"pnV+ZTQkf/zv+TtxlREUuDotLHuetT9dtbN8s20WSKE=":{"valueMac":{"type":"Buffer","data":"kFF5Jn5ZdkjdyqsD7Pf5z7mPzuR6nAOgJnQRdQhLQfo="}},"ZAJS9/W55ke2qqj/485o2cDjStfR+t39Luzuk/Is2Wc=":{"valueMac":{"type":"Buffer","data":"XMSE6HVUFuYNY/ASEdLoRIcBD+Jps1a4ARmJgmWhM2Y="}},"WZz+sfyZgdGi4HSHcswAtGlPC1tEdH9Kx89cRxbJCjI=":{"valueMac":{"type":"Buffer","data":"6YI3TPwWa6Ogkib8EGONl5BnqpxmPR++c2bjfOf4k0o="}},"BLiPzu792zu7gqTHfnvyHAP1OlF0y4dx7sce8f864kg=":{"valueMac":{"type":"Buffer","data":"Z82Z6eMBrBVkDSMN2P3pkSbKheasWr8lfK+UvMLbyds="}},"3qAFUHvQSjDORztwtT5ht5jt4v7GtwQsUGlv5Op4Cr4=":{"valueMac":{"type":"Buffer","data":"EUX8fndlsPI5O4LZj4rGZP/4+Y4DNOP7fhOUfs0RbQA="}},"kL63M+vTT/p04LQOtpTcsjGKqgfeXg1Hqepygk3+ojM=":{"valueMac":{"type":"Buffer","data":"Iny7oOtdNAIfzAWftQ5sCOk6+8+CcVJA5qalOfbtSjI="}},"XY75OJGNsnCOqpD1iQAWJ1MNERCW1fNfPNlH258+93Y=":{"valueMac":{"type":"Buffer","data":"WLDV6WZSHNy/48uA2kPSTPu/WaUz1T4dnmR4qYx+oz4="}},"Dqr7Kjd6OKmcq74tZp3dQq/0OpfZpSLaQUfya+IBmL4=":{"valueMac":{"type":"Buffer","data":"JycKZjwmntCW3Gwyd2Gvh2Vy4zEICJl7zRVS0Q94NFU="}}}}