{"version":1,"hash":{"type":"Buffer","data":"NcQkNLTqxcTfLh4/ZTZMql6ypX2efGDDgIMfm9iv69iyZwDmdsb8OqtPRtkU4EM8hwP+0uYzDFl5EuxbYdc7jbAJUmPpS4MQqH05nb5ZK/oq4N1o0QOf7n+hhEi4MO2bSuiK34NiV+XQHgwvJKG0loJBANEZSjDRzaWPwTWr94s="},"indexValueMap":{"b+VV69RAVL33TpYwxpa8Gb8YTq1QVB/fBk+ymoO5FhM=":{"valueMac":{"type":"Buffer","data":"PcyaSBOaXotqRIt9jPsCUmCJRengmnFyygH3ncWCiXY="}},"EWMjKDoXU5BqQUuOjuGFgMw3M2q4LhmAtZ9ig7DlQKo=":{"valueMac":{"type":"Buffer","data":"1VAddit8LtFOblsdbhA/Ye64XCEIFl8qIVNglSyioqg="}},"iWFoeuDsUSkUwKsIKZFDtRZ+SIIuB8nVJaAanNJoyR8=":{"valueMac":{"type":"Buffer","data":"OoAaVqoDls7v8LfK339TlqqTZg0iajTrJXeI+7+JmN0="}},"aKr1QCqqHAxlC1k/XhbQMa0bHxm9u/11gLky0UdYprY=":{"valueMac":{"type":"Buffer","data":"GglmilgSFpMMDkT0Jq6sXrvpSD5HSeRzy3Mvsh/+Rdk="}},"+or7446RD5dun3dqkodVNisH4Jrfybyosq9Yg/ZvL1k=":{"valueMac":{"type":"Buffer","data":"2f6AkqOPpDjzcATXxS3hAlr8KPSBiyFb6HL8sIVKzMQ="}},"jN1Neh8QKzjlP1yM8jDJjPAHEulYMoMh7FylRK2tnFk=":{"valueMac":{"type":"Buffer","data":"0Uef47L6gve0GEp18L4FjVTIFn8Kdi6xn4/Rzk5KtWM="}},"IVaxX+vtUOmyAz191HFOexls1OiGK4eoC6hMmFQb4R8=":{"valueMac":{"type":"Buffer","data":"vm0qOOpOn0FcGz5ZwS7w4lKSr5iGpUtGo9awbTTUBJw="}},"mvDN1DZOkcugybYMbwtKIQOsFu01ldOvf280IWOe4fw=":{"valueMac":{"type":"Buffer","data":"ySmFRak9DhjME8PibmpOwPCVBv5Gh2HuFtzFk+MN1Mw="}},"7S2dDijYHyh+l1/tDE4lvobt2aL0WWHoXzGxgKJqKJM=":{"valueMac":{"type":"Buffer","data":"9aW6cjZravCHGtmQjFkB7ljeN2T3rOEO49Zs36NoyxE="}},"aO50nGT8CIci5HXe1r+f+imitPuW1n5z0s5bNZ91LZE=":{"valueMac":{"type":"Buffer","data":"Ar3Zk50D3ygAURn0pD2hot7EdX1l2z2USA0LW1JkPpU="}},"VPPBPBbZpReqmYwJTsvu4xz9/FlmDUU+TNvQ7AnfWNI=":{"valueMac":{"type":"Buffer","data":"PP7pp6rhaRE6OXGNts6Ug+lM+ybr2EkitXjj810AK3A="}},"Gy2hbAnxZaIOjl4Nz4pYpQpPZDwGt6jkpeA6/LYEAFo=":{"valueMac":{"type":"Buffer","data":"ToMPFQChGumnXflsYjkW/8gg4jYZBE2qFOIMR+JRsH0="}},"7eiATGL7ATeAaWH+SSVB0Dhybc8Xt8t82OlBMhG3Fd8=":{"valueMac":{"type":"Buffer","data":"JXAt4BTHj70OsB3Kcmcho/2JW9V5Lkx2AXUVbLURTSw="}},"j6sFPWb5KeOMGEEjPTZ4mz/6PF9NZuzGFDk6D4UltJw=":{"valueMac":{"type":"Buffer","data":"5VuLHt5a/SJE4L4MCcX7YUjmZxF+Dw2mSFsjEX+kZHY="}},"U8H0ByopisHJcZ22opoNutjHhzvC+ytod2rq0tWYH3s=":{"valueMac":{"type":"Buffer","data":"NYlxlyuDAdljfXQgjwuMZoCcjRKQuaZrdYZ7ADA2dgo="}},"4+wHmECIs73XJlrium9AdtWgj5ruAFQ+h0jdgHkAE0Y=":{"valueMac":{"type":"Buffer","data":"/ifajneHmxPtsyyiJXqCczynuLdMpAjLJSOzD2DgGlc="}},"wWz1UxbbJnMQVFuxvLySh0yaFzpc6nM7G20OwV3WWnY=":{"valueMac":{"type":"Buffer","data":"oQqTNPbT+fHBqNvjuhefyPztSKXWhb/BMzWXa4BXGGY="}},"G88XDu2jLS1zHGDNyYfKcV028dtDqY8sEaOFiT7GlYI=":{"valueMac":{"type":"Buffer","data":"9kisgajzkuECsjKnlByBT6nAmhG13xXpcNYsy21OBfc="}},"oF5UlJw7t1Bp6CRixuHO65SFx2TsWdWJGG5aghZbHkM=":{"valueMac":{"type":"Buffer","data":"2/T5aXyBSELvjjiXA0PATXi/nxho5xojrOlSXAPguKY="}},"Fo4rW8Ly4gj1GwQN1Z8FuaxwlKGyYzpcpJvRu1a1VS0=":{"valueMac":{"type":"Buffer","data":"mtlz47hQcDUuQjDzG3FLBxW9FlYaJvjVBhW1LUwXV80="}},"YQlYWtVMjy9oGiVUPFkzv9zG4+SaV/u2R4TI/X2q3VE=":{"valueMac":{"type":"Buffer","data":"JmbxMTXS8sCNIRrCBn29WCCR3YRLUK5kqpqoLvSqV+s="}},"01Q4t0969RuU7VdvsaPOX/kNXjMLJZqhiqww2CGUKf8=":{"valueMac":{"type":"Buffer","data":"lVsgbnttWbm0y4UifrChtnNrBSAeG6DzStn/IpiZ5Wk="}},"IQ4opxm5ZO54RVUngOPKiPL4XLgm+wfDe3cFDMMok+E=":{"valueMac":{"type":"Buffer","data":"L2S4ncrl0tvV6tnCyiBeyNOASZ9mu/IKlrEyWhq7jFM="}},"+vkpL2vzp2c6MmulQ2cy3ENIbSCWhme3RVYMIYpcQs4=":{"valueMac":{"type":"Buffer","data":"4+KiEWOuiJj4wfblv/2Sv/VArP7Kg5ggwNxn8YsO3Gc="}},"so9JGQbgvmkcB9BEkXqp+KFO/qWoEkP9uw8EXbLXxms=":{"valueMac":{"type":"Buffer","data":"Y1jkgNnWbuTPZ52IpgQPTpeuw0fCI1IeWLN/EKhHDqY="}},"U7bozB0PGwGD22P/6TcA1ALpTk06vKDFx8AV1iqp120=":{"valueMac":{"type":"Buffer","data":"gWWfxdM6kiJEW28//MplKhZorvWH4FZ3J8Ppvai8Ui4="}},"wGEyJYHQG2EbBuPwaqmlly7jNcYtZ1XXCPytzzaVJMU=":{"valueMac":{"type":"Buffer","data":"1nJnGw1l3VWSCO5VN57e6KvD7CcwtjP0hT4Ng1hlVdc="}},"iORmHtBkQzehvgizBukrbzp4t+fqKq982eIlUHaXm08=":{"valueMac":{"type":"Buffer","data":"rTslmAZzp/LqBxXGe0nU0MBTyb4gwUQmbODMi5FPDxg="}},"sXKkdx6/x3UEn/mmw6zYLa99vaqDOfxtY7UjmNojAG4=":{"valueMac":{"type":"Buffer","data":"Nz6MBVyEhXaH6Ydf0KIqmfhYHjdWydnesqDtelfuSp4="}},"M3HTtX2LnwpCTt3HajjdUeoRX3CELiLtHPydNu1G+aU=":{"valueMac":{"type":"Buffer","data":"jI4KT3kH0JP+cjjWt5eG7iYS1Zl14qVlS73mw8fv1GQ="}},"WgG2929ZJ/46xsWObRdONH8gIPhzTyY9ai29i4QH6L8=":{"valueMac":{"type":"Buffer","data":"oJn+44XUKWrzUy6kr2ocYgh/hPG1eVaUWKg+9BIcFWA="}},"90p9VSB9kRpWXMSxSKR9AwrC8QBIPWFbCIrRgwAkYrA=":{"valueMac":{"type":"Buffer","data":"eZdOu16+yuHz+BZNjq/AvdwzQiQazbk08v06sHYZS7E="}},"wUBkc6PVX5TO1qJDcYwf7rLWdrSIMHrWQYFkq3SnBXE=":{"valueMac":{"type":"Buffer","data":"WruDr2WeUb6GNXdVNfOy2ho7Z4v/nSFzUC6+5L8J5wg="}},"sxic/NDNdZVIpiEzTj47yyrV8UP9CgTdsg1DiIIBftc=":{"valueMac":{"type":"Buffer","data":"Iv1scf+1OYfmeH/oBl+zMak3V61QbMacMyNkhvRwt9Y="}},"fyxN6TWju1IS/uKjXFzYGuc7KkqwuQKDFvgvtUzaIlY=":{"valueMac":{"type":"Buffer","data":"BD25FwNX9DalomDu2hVmM26EmQGo6wIOOj1SjHWIZ88="}},"YMEEruWuUVmKOT0IKf9DvBZ9+cbiBy4fzmKudZAA+h4=":{"valueMac":{"type":"Buffer","data":"R8l0w36mzYes9E5u7Z6da56sq798NRM2kGW883JJRGI="}},"EO2K+dkNkUMd0VUo8VEQ6FdTi0WQCTlDrp09E/YCumc=":{"valueMac":{"type":"Buffer","data":"PidC+gVo6pBqwvmggWFSlixWDyM42iR44Qjvy76IaRY="}},"WNyJe75WbQ9LTWTWF2Ty7vcrqk3ffMlRLerjgJPBy70=":{"valueMac":{"type":"Buffer","data":"8mz5KwaNLSu6h8K36MCo/Jf8/zn0SiwbrjgHDGnQ8bI="}},"uA6pbWzYY1uW/Lwf9VOFGGzVVs3/p41KqmstI3M4p2E=":{"valueMac":{"type":"Buffer","data":"ScKuUVnuD8YVgCoZzLATTK1/umU/SHbj9dvBcOogldg="}},"EA0lTpEl2yKjhCLvf/KXp1fnUhaukgANs9XwA8fbLNE=":{"valueMac":{"type":"Buffer","data":"+xDlEjmuuBE5I9/YrQoknw2G6/35RYpWDmz2l0i0Ly8="}},"JgKu4h+65yaMd0OjAJpl7rsD9sFaXxolOijdp6oXCmU=":{"valueMac":{"type":"Buffer","data":"czd1vuZ9dvHYd6R00wsePFbNA/AqHBdnMekk8dXfFTU="}},"Ez3zjPSFAW1UROWhMLRNNO9lRrI6zaxC7OjdIUeOFm4=":{"valueMac":{"type":"Buffer","data":"a3aZJCVID8LROXu0KJP/sNJyCQCV/JhSfLVaNkCjpqo="}},"NOJx0YoKcttqDv1i79V1CRETeHhCmnlqN/E89IHNBYI=":{"valueMac":{"type":"Buffer","data":"01uU09qL0snqNrx9GTKfozXAZZmgU25GS28ZkS+6IwM="}},"VwvtVgEpZrl8nEj441552pYEBYASHdZuCAnHhEywMaQ=":{"valueMac":{"type":"Buffer","data":"LRsj3kIAvvMXtJ38kPkiwi0/c9Pv6Gtjldz6bDAETJw="}},"r5Q3MlHVi20fG+8zezeyQBCRfH3F3PuYlPrdhgFh11I=":{"valueMac":{"type":"Buffer","data":"mf8AZlBj2JW+OEGrNeFLD44JQhgdKaYFEAGlk1zIwXQ="}},"zgL7Ec/+WYOGAXJ3xqml2O0XSF5HuNRADimx03y2Rlw=":{"valueMac":{"type":"Buffer","data":"8rKrvjI+Or6RNM7DNk5KZPf8b38Lx22QlG9L16tsNzA="}},"K0CTgKVFgtGaGGfot5mvKAwxahj3Nbr9VhJjUrEiL+Y=":{"valueMac":{"type":"Buffer","data":"zQph+O2xm894+IGc17s5iTldOGvfxoAPtYPQy0c7rLY="}},"s4VOXe8fBdIKHBJv39P5DCWfNf4X2qWvtbRxcyGshDI=":{"valueMac":{"type":"Buffer","data":"KU4sDs8IljDMwlJNXwZQuo7yB2V+NNOREjg3/zUXzec="}},"DeSqCCzgTvcjFia2BRRA3xMjvPUoOxOAlTwcow0B9/U=":{"valueMac":{"type":"Buffer","data":"AOKZywfHpMfTM56+Y1ZEZDf0OoUGrMop4kP9MX0cips="}},"sXJ6DTn4JXa4avytMQM/I5tx5jF4UKGbXeSUf3hwOAE=":{"valueMac":{"type":"Buffer","data":"6q83C/xnYG4LKkdKn+Cp/CLGT+j+794JPEvSGXPSif8="}},"FzCEiOV1Llqt09S2p8t8roFf+9fhC6yt47CoRFPKLpc=":{"valueMac":{"type":"Buffer","data":"P3EYN2EFtI/wMUnOYs9y3XSR7cMBR593hcS/9ZXnMb4="}},"S833rXko7aueLgLqfNoFcylysNk216fGiO4aMtdK/4I=":{"valueMac":{"type":"Buffer","data":"xj6Nbp3z6japmHgdHF2dUFPUc7rj+enhznK0iSNBEe8="}},"uBbLFItYqF8GtZcGLlXW51EWgDkB7mDoVQfMZ2XLeyA=":{"valueMac":{"type":"Buffer","data":"PpthOYtjzo3kENOPf62ng71vMN7ALvqspOOJ6G2Vc80="}},"6+vcAI++/jyLzdHQzRF23Uwu9gadvupm8NaIozprMAM=":{"valueMac":{"type":"Buffer","data":"FXyDqE7aSiB6BdOUWmO1wJpRlccOh5mXWdxOLN5GpAE="}},"p2bw++DloUpxeTmqDMykXJdoB9R404vNgby3NFUG24s=":{"valueMac":{"type":"Buffer","data":"E4ioJUAlTSEaJxorgrBP68YcvCgwgtXsrk1qVgo+txI="}},"Xhaj9qKK8e1ik5AfD6frIN2WkZonYp3ZIy+XwU5aBlA=":{"valueMac":{"type":"Buffer","data":"g6siBGcT3epci8kap9pdz0ckX9G2tiExz/30OXMrMAg="}},"Jmpt60N6RiEcBPEnqkpY4P5tmJ28UUczNK6nZJWTOpA=":{"valueMac":{"type":"Buffer","data":"bSN5+HZ743o+g+w9sec0ftdlPx1iinTxVbhO5pBTSpQ="}},"IFTATEzQQS15KxCd6sEIQRCRBPvnGxBiMxlfeKzWQRA=":{"valueMac":{"type":"Buffer","data":"zwY3fclv811U3X09VXmZojMaGcTIbT2fD31ZjnMUfQg="}},"wVQ5IX42f8GWuq6LKM6jETtHiUrhnhmPdonvEbuhTRE=":{"valueMac":{"type":"Buffer","data":"OZAetdLoBsSyGq/TLgqw7Fgb7+aWeoyZrqLI3afKKHk="}},"IOCdL4Vd9sRkkm+WCQX1LHY75fXhMA/tvbO8tpYu8bg=":{"valueMac":{"type":"Buffer","data":"45AQfGxV1pGpNvs/VDhSz9VhEVOD4BHaQv3Y3ck7jow="}},"9ey9Dok+3VkmdN6hgWOR8kGFMEAEsfJKU1MN0U+JJAc=":{"valueMac":{"type":"Buffer","data":"QjoRN1sdvvtRzEW3OFGxl9eS3RQF9TeyXPBM4ag/7NU="}},"XHIU5m62TIfO5leSZ70sySK+IjEPL6lw/IMwkcPibu0=":{"valueMac":{"type":"Buffer","data":"YSD1bpQOYtzX3GbONIQuotVtlLTQYA61/xAsi2vePy4="}},"LK02nGx4hhT7XOpLRvYgCX/VQL6KO5vIgY8xBe8/O4I=":{"valueMac":{"type":"Buffer","data":"btrBV9d6iyYgvzoimAqmAmC0Qv9ZyowWm2kQ2fIl5f0="}},"SwNzXpz9MDELbcR/XMOkDHJLXIjO0LaiP2Cejwu9Wcs=":{"valueMac":{"type":"Buffer","data":"FOijv1OGqKewtkhFvJ3lGSbiMU1/MM4L5RzRWsh0oeI="}},"9mqXf5odjUZfxvdifToj03dB9UxhBC608TWRBkj79vU=":{"valueMac":{"type":"Buffer","data":"M4fXdHmzxYC6tP0NgdbsDbpeeizMQuKB7vaMuHuYzgo="}},"TtFSoPVH6fI9ax3YXZ8uwCbWjIwwZbj2ViOM8LkJgXE=":{"valueMac":{"type":"Buffer","data":"38KmCwxFdPgi9PYrR7sp+mtSKKUzLF8mqu/CENrenDg="}},"h0o/Um7WBWM+Vi+qAjTgWOU4wP6DcXVTtOX3V9fMrXc=":{"valueMac":{"type":"Buffer","data":"NCWgRjwnsjiotSg9/CtugfnoBH+DDEcZIoxfgJDGalQ="}},"AVGonICLtaDaW9QIIiEi9fxoEgn+hpXWPhE+sItkBHo=":{"valueMac":{"type":"Buffer","data":"XGgppioXRe5/IWEozs+BZFX+nQJpMMPyW8Rud4pCV10="}},"Zbo8IBt6JTm9R/KrVmhoNU4GucIX5/OPI9BnLpeAnhc=":{"valueMac":{"type":"Buffer","data":"owEnsV5nLX4orCVw3BUsodq1dgZS7ki42bRRlM0I3iE="}},"xkOUY3+K+zi4rK4NL5Rc6wVmS402H6JGwRTKbz4HQ7o=":{"valueMac":{"type":"Buffer","data":"rawe8dd1T3ywrVBLqh1AKMh/wnyBpUJI5wCgYCxgU/M="}},"NBNRhpM1C3kzfJpwiXYTl0BpiYHJfxWMe7OXdUbcbOc=":{"valueMac":{"type":"Buffer","data":"1knZ+vTQTyWXosXe7COXf9ShA6WmxXb9p/pbvWiqMUw="}},"oyl60wRBE2wkW49AJ/gGsVipzgyccRiELSc1L67M4SM=":{"valueMac":{"type":"Buffer","data":"fUeaM7TD0ZuWeMiSVvf7I98KJClhAGQTgpVqYjuJhJ8="}},"rrH6A9LBAiz7HE1gtG81EaJ3i/cH125ymy3Hqkj74iY=":{"valueMac":{"type":"Buffer","data":"mEkj2d0d9fJ16wnJEQ04+k6YXCbuvuzrC1isCU4+JSU="}},"IAZOd6B4zETWh9iaM3yhu9o/Gqvcan0O4Zw9n8XNwfk=":{"valueMac":{"type":"Buffer","data":"JUh0kqTgqjCkQls+36goLxtC6xDaf3baMAdJEZqIKME="}},"4XBk6p2eHx3ZIdbZdRg9qQQ42TQgK4V3IaA6fJ3uQKI=":{"valueMac":{"type":"Buffer","data":"pzhE5r2T6FHIgE6k57O/rmz0kP5EDJCRb4IJ+KgOEL8="}},"bZLE2vNDL1buTWrnevs8ucq+qg9jG2a/c0iMRFl9atU=":{"valueMac":{"type":"Buffer","data":"bejcPSoePTmUchOJo4o7Gp2TaDSMXtcHSjAR8og032c="}},"2GbE8kvRMmDbOhMx0NRjoEnerX3KiIJxxu/bfwIiAh0=":{"valueMac":{"type":"Buffer","data":"BFs8Ux1JJGoJ/Nn/oAAIISoRRZqh77m+aUkRbNXktgw="}},"3yrVcKWGGNn9dx5alzqOh4gxxXXVSl/mnbZTLCKA0Gg=":{"valueMac":{"type":"Buffer","data":"lob9qJSFpQADintWDkSCXtAALw0Cdq0aOBMZcQ4CRPk="}},"a2PD74XoZCdFMFwosTeAW5ngcw51LVpFqb039EKHrls=":{"valueMac":{"type":"Buffer","data":"ngWq+aAbWtQEwYPrWx9jUUylOHDwm41lM0hJRHqKn2w="}},"ydhtuW+PldSiauvuiuB55f2gwgNy48eqZHCBDFImsPs=":{"valueMac":{"type":"Buffer","data":"akNtFro8Rb5U5KN9iTrOVZQlp88HCjD2m7kIhTLlR7E="}},"AfEUZxb40vR8eOOO7xQlGbZIUp4IiIcjplgLD2ROzMM=":{"valueMac":{"type":"Buffer","data":"9PET5T55Adzz6mLk16vm0k1z+Ms3bfqqz2BKtcqqMjI="}},"joVNscoN67X6RXNEAuLjKqya6DrtJEdoseKFRSiCgbs=":{"valueMac":{"type":"Buffer","data":"TwKNpD3isU3J64GwweHoE4aLlFi+XKCunIpREcFGvr0="}},"kgJBCVgOjMCP332LoOMoBvhfQgbjFwPKJ8n6hV7a8fE=":{"valueMac":{"type":"Buffer","data":"FfRWXiOjACfBb3Q6YAz983OqHlti1wXm+MA1MdcN5oE="}},"IU0VlDrSckO6VsHhGa8QY4UDd/dmNPh/Q+1Jr10HPoo=":{"valueMac":{"type":"Buffer","data":"Qm6xHy3IDqEdu2dDJhlRaI0E5khWj2KwNqd/lFVWT70="}},"0wxZWWnUpq4fUHTAw/reRBq6a9jMQ03fmiJ1F/TaLy0=":{"valueMac":{"type":"Buffer","data":"NvBt6GpvXUh4i1ydfY6kEqtI7Wxdv/zAxT9kaAjnwTk="}},"gfBUIoNEtRKGGx9kseiEkXtSsr1TQIG5iUKvNYf7m7w=":{"valueMac":{"type":"Buffer","data":"3KE1PuAWt3MHLfw6lL6NLWXXFXo3qHFWfJfoTAO9umw="}},"GRbCCZzZ4jddUZ/37a+iCVCIdc70ALbxWAmfmG2BIBQ=":{"valueMac":{"type":"Buffer","data":"VB5LQcAFN4LWSIe896B43HWcs8vPo+LwLquxvx3Gvpo="}},"oGu31RJb18vlqFYWxvyHcf8zLifm/hVukCSQ/P30vVg=":{"valueMac":{"type":"Buffer","data":"uygyZa34jSW6z4UnyIBcnyCyroxlnrnm0Fjq4HMyxfg="}},"zQ2Ruvy0rElPqXQ1LppT7+I1Wnwz/wWrH5JaXK3dZj4=":{"valueMac":{"type":"Buffer","data":"I7d6Km00zfaIpLTsxsZFR8UmDXf5UMTp9THWG+ooQWE="}},"BolJWgMw/lPvC4sUENTOlJFssdb/uzQdNZV4pmcy2ZE=":{"valueMac":{"type":"Buffer","data":"qUokx0/N/AX8Zu2+/ceHFyilbWWqtmLMqj53oLQZSYM="}},"Dm90DbdyqmpO7Kl0qg+JSG8G1rv93N8KFDnZqun3UqE=":{"valueMac":{"type":"Buffer","data":"NcSg7iXBCCkBRsRZegV/6BDDyqZaqsK9Xufpycm9Qos="}},"R58p+pqcO+ciEbzFQnjwHECWHi8LSvsjoEwFUpg/pvQ=":{"valueMac":{"type":"Buffer","data":"SqHJgYcfLVNgZNqlnd5QCp2wx+8AzvtrplNaYmTvdq4="}},"Xfkkpxr1+hxU0mihSZxuVQ68T80plLpfQx5EV5w/KP8=":{"valueMac":{"type":"Buffer","data":"faNiXoZ11sQgCuQ6MMiBY0XmIomGyjEeFDuJrTlhjLk="}},"uS9MIwjVrjr0QKRRK90aoG2b4om0Tg3rDBT/+RO0QPc=":{"valueMac":{"type":"Buffer","data":"xNh5MQFf5jMPgy1b5fYNU7YL5VSkY5NbfDIy8/+hnq0="}},"kOaRk24VDKk3I68dkq/Ex+LZjR7XB4yULkixcETFQCg=":{"valueMac":{"type":"Buffer","data":"/Dd5hF4BbJNOtA8QbTTTDIUGhlFC22KOW56Rj+6ZcHw="}},"mOdL1vVvO5JHXuaoO5xnnmJC3zaU43DBG/DXlYcXODE=":{"valueMac":{"type":"Buffer","data":"0vgr9N5JatGUUE7awIzcqX6AzsFv3Zl13tzOUZ7NaC4="}},"zLPzw0Zw2MI9wMuWtYosFqFiwbPqgpQWWIPLcDZ8Ty4=":{"valueMac":{"type":"Buffer","data":"146JP3ITknbzsksjsLLIIykNtpIcnGzo668czhDdqY8="}},"aWgL4xFKcLBIEqKTU6PJnsvDHNF/QlX7tb193IW1MFE=":{"valueMac":{"type":"Buffer","data":"papVcofqHZO1Z6xQmp/kDYClSOhtWG4Chic/fmZOQi8="}},"WhH3ubUO5GME/BGF0jFMA1PXiFsjnI60TcUQcE+F7gY=":{"valueMac":{"type":"Buffer","data":"wWFIsrN6M8qyxoXVv7F2cHPxxlcbJLvwtDXQgbbTaXE="}},"CtwKhLYrVZIiRdEM1c5b8OX5O1/TmmyWFDykFol0IqE=":{"valueMac":{"type":"Buffer","data":"uFUuHjdMpc4soZqzAjRebfDj5O42Kw7Bex5MzqC18gw="}},"+Gb8seuMsmpw6Pr0DtK8mmpAtjvedoiD+Im10a2/PSY=":{"valueMac":{"type":"Buffer","data":"OiU4f+KUXDzVHjx2rlpuuhlt/gNmXgKmZPSv0AYe+Es="}},"foWac0j1Sk/rL+yRAjrnGYC/TpEzWDvPeEex/dTSNWI=":{"valueMac":{"type":"Buffer","data":"H5Y766G0Kp4631DOglafHjxESRudL3s9RY95aJiOcfk="}},"OZ0CuwrTRb6J++oo0qkCUYuckCzOuzdbq3V3JVO6bEM=":{"valueMac":{"type":"Buffer","data":"DhPouRWLvrhFkN4tHsO13QHPyUqvfoh5pgJbWs72KUw="}},"VSmZK/HekpmIJcS2zftJtpppkE2Pd4lz1esRPCH5nY4=":{"valueMac":{"type":"Buffer","data":"h2pTHe98Kwigbs+mOB8se0UWTQ6/1MrwrNcBXXXTy5w="}},"OA47dyT4BKrN9P6wgO03mYa71guL3n9tGS4PrM0YILo=":{"valueMac":{"type":"Buffer","data":"NyYF17c2y0PsjhSB4gg9wf2klfuWrK8YP4ARsWYEc0k="}},"u1G8rXuIz6+6cOQnEEsp9Q1xu61+vkXhz8P0/lhJJJI=":{"valueMac":{"type":"Buffer","data":"3pk7Ep/BEvY0uWBimsHFvxn1hpr5oA7Qt2SZbNGTu1M="}},"C3dBrhzUA11gBdqpOwxkO73fdCq9W4iLgt7phRPqAD8=":{"valueMac":{"type":"Buffer","data":"Zvg3IhgbJT4bgE1gcN4GSWpjyhyl0KHR+zXngrMI2os="}},"PThZJUg+jo/lSaK4TkHDTsGCaFIlsnFIo7YAnpl6K54=":{"valueMac":{"type":"Buffer","data":"yxwyiL0ICf6bRTtPnuZ/QHHwLUn+TZwwBb8G18VWO8Q="}},"127Qc+l/6yqF4pF48dMS6hClGOSmxkcohZ1V+8qTctc=":{"valueMac":{"type":"Buffer","data":"PBfMsnbEoFlKu28RCACNqGVVda3nrMMVME9z4MjdPxM="}},"8DsdCa5ol2IJ7baMEKjAYg1X5GcmG7r7JTpJKJ0gghA=":{"valueMac":{"type":"Buffer","data":"TtCXMiqXzP4y9Ff/z6ElE9k5GBZV93SdtWPzAm2Glns="}},"co5NfWPgKEMgIetGhGzEsc17svOY586h0YIIToNZb9E=":{"valueMac":{"type":"Buffer","data":"+7sozYGi5+1XelKzIbxR00ZUTrRT4dAlBF5wd7ggmNg="}},"XeFrw2PIMPTgW7dEQ1RwcSb4AMG22FTfmEbpLQYEMDs=":{"valueMac":{"type":"Buffer","data":"CaPQX8EfR35yX0JqpJhN3CMT9r1+mRZ1wMwcjR2XeLg="}},"jNvTBziHfJ1VSntUe/dpSWnjQu+mPRGeQ/PnNi0G55s=":{"valueMac":{"type":"Buffer","data":"/iSZZMU6MMK1nV05V4h62zF5yv5SMmmTDGJL1MHsGmw="}},"iE/T6b8Gwg9S4+EgA0tpe5trPGXcDXX5Bx6G9yjj5+U=":{"valueMac":{"type":"Buffer","data":"g324LPO37UGl4Pf1qmGCmN0MDSfFSMiikxyoWlLwn+8="}},"jCqcyhzjBo9u08xvTFDvG731dzBCPgvc+BrANwqzp5E=":{"valueMac":{"type":"Buffer","data":"UR5+6xLBsPsKVNUVc+ExBzNwBcj+W+H2U7BuvY+Mco4="}},"YEhV2QA23794pmy/K8N4KJxyWrktoR8900f+fVgQBeU=":{"valueMac":{"type":"Buffer","data":"AOYhh8mwObyUEcUJsrNHHnI0zJ+uXWwzHAhoZZeqXAU="}},"JklGeTKnLKpPuWUXuqsi6Qq4/wmxMxCunujDJRDwXnE=":{"valueMac":{"type":"Buffer","data":"k0Peq4OjwZdcppLWOT9RujEwqTUGY5yzaY8RbjZWBFk="}},"ujhY7HC0MR/hhlJYqDn56NcbZq+36i5Db6PzWYKJvVo=":{"valueMac":{"type":"Buffer","data":"JDvUdo5WKsZpnD80fyGb957+XL8CMnD2xoQooMvKNHc="}},"qwox9LGLmSHojmdhdCPPFUs/H7OTypbkqZCtIDiAsn0=":{"valueMac":{"type":"Buffer","data":"snRu48d99uM1uxDt/tAWqwebmmYpcbiy6XpK72k49d8="}},"EHARkSNqtblcBBposfWmgVR67KC95vPpXO1xScabx+A=":{"valueMac":{"type":"Buffer","data":"AJC9r2LdaHQr4A80EsIbWjMIJFtvq6pad/8mcA60ww0="}},"N80HVGlI6A+A5P3CVjIFwut5i54KlfzWo5wHiXQ3Slg=":{"valueMac":{"type":"Buffer","data":"P1NXHOVerxHsezFA6NjZRYP0yasIedAlSeBoKKy/cUQ="}},"cmjzMowaoRZr9pvetyEgAF7/0lg/HF1DYZdgzA3URAM=":{"valueMac":{"type":"Buffer","data":"TZEuwdjNaZbEGFaS9b+Gjs4qppEAqCAFNiY0smrmp6I="}},"hLcIWnDNL93goc/uPmUDD+7Sez+BuYB8tBBWne36J1Q=":{"valueMac":{"type":"Buffer","data":"9lIOXwoUzfQ/b4RfisihSeX+MWXs6rhULa3H6siUPbQ="}},"gvl3ifUy/bEQ9Z4xmHTwszqrj+Vq/r8yMnc5qFOCA+E=":{"valueMac":{"type":"Buffer","data":"xDMCfS/9QMlG/qiVDmP0CcajV6Gazf4ZYCbju2RNiT8="}},"QfVLU1rMx0sf0uHlRJGWDw1i4xjHNT8ynRCGBwqt0fw=":{"valueMac":{"type":"Buffer","data":"ldUIOFXB5QBXDW9mLVA/68IbuHWqBrTw+A5UP0WZXVw="}},"bvzJD6gQ/qTxVEEJX43Bejvl28KElT+jEfC+YJftOjU=":{"valueMac":{"type":"Buffer","data":"DgshQcolsU0Tp23WP+PtmZXHY4+JZcLwoQd53Fvr06E="}},"G7FePHqZfgFifR/tzMkzBxNO/7BbE/459lds4AK3Eh8=":{"valueMac":{"type":"Buffer","data":"TqtvP4etGEMrEgEBdrgddl1uKm/DIAC8piMK3h1p5k0="}},"ynyVR4xsb1aeTPVcd+dPV572UMghlDOchxsV8DGby/Y=":{"valueMac":{"type":"Buffer","data":"HGvXl0a6639yMaJ+cRj+dJrz74E6PN3VWimt6DZaLdU="}},"K3RYzuU2ddDVEs8yycHqFDEIXP4f0TBj3i5Hwlh6kh0=":{"valueMac":{"type":"Buffer","data":"DtLv9Fv1dFysmMK1ECmg47ZAhWr1uM+cKNcPsFvFf3o="}},"aOuMIOoq5ju15vT9yIsiD79Z+RHtKSFJx2R+R65KF/I=":{"valueMac":{"type":"Buffer","data":"Qx+P3Onf0T455FGWeBAUtPnsYJ8/1ZfA0bVuRQLwm4U="}},"7J9FgjHt/sWLeK4TMHLKBYFhD/+6zxnnIyAU6j0uayQ=":{"valueMac":{"type":"Buffer","data":"oi/UpTLKYV+hZML2bDGQyE3FaEUCi5OfiU6YZc3U+DM="}},"t6RprrZ0B+uc2r1C9BMXp/CrNlQKI6LewRItRv8Rprs=":{"valueMac":{"type":"Buffer","data":"sHss9iOSsd8hMsdW4y7T0TrFrWPixZsMvL6M9Aag/sM="}},"rE/qOBKI8bqZofEzZovv6XVANDopyJL07WIw6XlIW4E=":{"valueMac":{"type":"Buffer","data":"Ud+PYloip6Yl5LneNLitbJyX68n/0x8ZhP9TmN1YySo="}},"5lG8GisRTS87OBcUz/qRUXLWCYn+6hxxCIKRJk8HxeQ=":{"valueMac":{"type":"Buffer","data":"Ed+vYPMdKkHJ6FdWfEC8VK+vk7jHKfWcYMc1F9J/zRU="}},"DyBRH3s2qyg1B6cJdjEqnSlBpI4TgftiBKP52MG6hP0=":{"valueMac":{"type":"Buffer","data":"hpEj6W7B2zsC2GcT9uOlw+GY9W+3dPNB6TlmCZNndRQ="}},"k9HAXXibuKVzGxytGsuQjy6RxXu/q4fh+4K/RnNkrks=":{"valueMac":{"type":"Buffer","data":"vzH9tUJq4qSpFtWqYe7+neHqvnA1jupcC5OFnnPko9M="}},"NCdMnwpPgMKOAaiE5VOrKXK8Gf5GE82uGnoSXqzB0OQ=":{"valueMac":{"type":"Buffer","data":"pYu4a3/jn+rSraulh9vaHbtAf2KTjNup4mszFuc6fsM="}},"tkVejlRbDo4b892XeBNaLxsSwi5c2HIY2wbU5WFHYs8=":{"valueMac":{"type":"Buffer","data":"bUN/DRUoBKq1wLsT+1EgZxFSRLIpEqv+AofVqyYTXeM="}},"W1YALpYeOZOf8hEWRrzXV5mTLkV7l59N/s4Jq5XdWFs=":{"valueMac":{"type":"Buffer","data":"uD8hFfNQU3KsSP7EZpTu/Pr8qozAz4Hpdc4SnY1gCmI="}},"iL6ehVCxp2hifJx9C2HjRuB33toWxuwa/Uk82CVSwso=":{"valueMac":{"type":"Buffer","data":"WmFxzLv8Xcbp+K1B6a01eZ+G4da1nv3XpddVlxQ0rxo="}},"qRNNcA6nWIGQbnSH/gRMKFUZRpriUW7q6m3QyPrqwSk=":{"valueMac":{"type":"Buffer","data":"5PuCwwY6YcZ0vGBebRKiT+GQc3jjamUN7JOk2Eoxwy8="}},"art4jUkBYyvQAL77nG5ZrtKhs3y2KcvVSMaU9fO4mwo=":{"valueMac":{"type":"Buffer","data":"U2BN02haCWTEwxxJl8RQp2pRmqeUNGqAxK7Uw+OTUzM="}},"04JYw8IJcV38sbA5SuXGgIvBQTZShXN7WD0ZOlty2+c=":{"valueMac":{"type":"Buffer","data":"MldEhngvC/WwL9TKF9Oz1lC/IPi8s/eUdbE0r9aU2Fk="}},"mnFtyvzOANs7BzfxSZFZsPO37gVhrCXNVb5Igr58FeQ=":{"valueMac":{"type":"Buffer","data":"dWPPKMYRcX6jLpnqijIYQ/nSVz1kjyUv0QKE9xUvEdA="}},"RVYh8YBpQV3HdTUGcvLuBTzJDEMUIvwiC7+9OZRlUcU=":{"valueMac":{"type":"Buffer","data":"c3s1UIZ3uEdDzw7o1yUhKjI0alZv9BBRIVja8OjFVYk="}},"h8MpfhyRufw1DcY8RZnBUhzvW0ObkEGouB3vWq2HD0Y=":{"valueMac":{"type":"Buffer","data":"2cd5pUBvoyhOfxFKEHDLAdLOGThz1cay2efeaa4dbIk="}},"xbXjvTtS/I7ymkYNy9QjMj747AgBN2x1Z3F7afEVT7U=":{"valueMac":{"type":"Buffer","data":"tTB3198w1P649Absbux0M8LQcQT1tYYg9VYHLEakxY8="}},"ha1g4KTC4rPaa37mrj0tyLr53/a5mrZziGDV4bVivfw=":{"valueMac":{"type":"Buffer","data":"ajatljrVBnFzw/6NjaMx03QpAIctw46kHB+HZlFakXA="}},"tn70g0w2T+8ifhOmeixIW5Wm0yk3c/ewsAFFkGnUTgo=":{"valueMac":{"type":"Buffer","data":"IGRG5YF2xF8FBS3FAvQi7zkEWn1oCkiN3VVIa33fkt0="}},"NkSLqoFeA8BIFGbGjo4i4wuQxS1NWDO+kh++YCMVwAU=":{"valueMac":{"type":"Buffer","data":"SpwxIdVJBkBSDiIq4gfiHD10hZBPClADkcI4z5dHOwE="}},"OCecJ6TjCEFBRwzear1biDFm+AkhvkGmNcPRzSaXJ6I=":{"valueMac":{"type":"Buffer","data":"OAIKjfCEhwICqfYADisllQzhQWNuF8tUQvjw/2FH0W0="}},"zdAvln+GYXFUzFWfiB0vaV+w++v5AS7Ws7sQ2jqPpe8=":{"valueMac":{"type":"Buffer","data":"gXqmHaMVHi1sFkZeqM1LysUiCEkPPOS8lBTikN+WbGY="}},"fXYcpLv0xEVre1fzwo9C6eNXKZ/JO5fMKP4mJVl68z4=":{"valueMac":{"type":"Buffer","data":"NAHzYXyHfXWNq3piLYALO3nJfYbGhaN+caMAu1QfTM4="}},"1zbwdjm2f4jTw9qL9lA+5yf+Ihgtnn0T3Ewd6RsByFA=":{"valueMac":{"type":"Buffer","data":"YXseyx+VpWsTfBp2BInnpbUifJ6mfl3FWFxcxgS326Y="}},"SEl6sGwQxLQX+7O7F9QHzQKZhr3vdQF3VvwElAyyZDo=":{"valueMac":{"type":"Buffer","data":"U72eQxPP89QO91CgRJVuYcAgr0JPm5j7khebrXFZB+A="}},"1Zv0awyxyqOKsAVBGwmGZOy6L+gRTJ4EVorEcmeKqno=":{"valueMac":{"type":"Buffer","data":"If+23l9E3qGHiNG2afrBekJB5lv1KbK3YtNgS1LAOEQ="}},"322KPHj5z1DzYUuzsbgTVTOYK9EnV2z77uv5T/EfLhI=":{"valueMac":{"type":"Buffer","data":"HlNgpACVcuSZOhiiXvDLjr5GPSHUZe+4OZrPIFTA3iw="}},"tO16tAk0s7g9SEMwhozDSl6KcKJTenwPuZNnGCh9jzE=":{"valueMac":{"type":"Buffer","data":"y6AVi/uFlS2gFc4uQzPdthdo84i2gUPKNn6rvqvcd7g="}},"nuG1KMqzGcjZLEHkjjtyHPIV5j/YWMu3sSj1dCkSpgU=":{"valueMac":{"type":"Buffer","data":"v2ICREgqjXhZxNLJuwa0M3G+Xaj15d1Tp/ahtVfjjw8="}},"n16PlOlctOhl3X8ey7j+M234zJaINKjUbF5TkFfuVa8=":{"valueMac":{"type":"Buffer","data":"fZOk6GsPfKdl4r3Lu7VzlAAJM3+ZM8Vj3ZGxjaXFCjE="}},"Xy56Av3bqO2RFuh70psQDov0yByc8Ll2T9Z7UZrc0NQ=":{"valueMac":{"type":"Buffer","data":"MXlKEHO68iRkuT/4KJdZ/nu1fyW4Xt08ntQwiIvcp1o="}},"fiq/nX8Gq0dJMYArbpp9XhSAYxejEkYBC6km4IaS3aM=":{"valueMac":{"type":"Buffer","data":"AsF6OSm2c0aT3f9HOjKPABvB6ivCv4GqyX2BPEM6vxs="}},"+eTpPxdVVlz36iPNx9/SVgfrhKG6QnrAiVJOsd6ZSkI=":{"valueMac":{"type":"Buffer","data":"/pEk/VKGwEcAOdNVUSjozQT7wkXuyJU+z6BIcZebDbA="}},"dAQIA0Mp5KlgA+NCky56uIgPIDO94FrsvI37UxBQyb0=":{"valueMac":{"type":"Buffer","data":"HCAHmZwCc/SfdQYzpy5xQk9GA/4AhPZs2ZfPF/ZB/S0="}},"IJpWImEwrmErsMkYzmI/YRCYbonX0XRIZmwdpIM73EI=":{"valueMac":{"type":"Buffer","data":"9EWbnzPeBFaYbB7vnrulX/3ES8QQRI+PgYQ/SqJE2kE="}},"70LbpzR4THTnu/d6aqvsKVakEoNPKxXMR9sjyxKfeK0=":{"valueMac":{"type":"Buffer","data":"lImlzq8qghqTTMy/psOJU6j+F5E/Mfwb93v8gO3lBI4="}},"+NJh3EJRiChF5P/KVLTY7W1Iu9guNepgxwEgQteg7dI=":{"valueMac":{"type":"Buffer","data":"6NvwDznRqd2Rt6zWAwO+V+U6Ty7JIgiabBAOOZGIamE="}},"7eH16w0UafdUBCZk5CJtzYYlcwf2fWt6pUy+x5RNvOQ=":{"valueMac":{"type":"Buffer","data":"1oz6hO6uCX+W6kGDs18ZWLQKZ2y6ZppwyvU6u/TFSlw="}},"qLr8VwB6w+DynC7A/REICr+WG2WF2JLUO69XAFZ1zrQ=":{"valueMac":{"type":"Buffer","data":"rNpf/dQtbmdhMJ3zq4Fw/5KPfWClIl9qtfwT/hPQ7Xw="}},"+vC8XBHM8NTTdlfrS05TmTIgCvqeOl9Ft4mBnQCuwnc=":{"valueMac":{"type":"Buffer","data":"EO8zdCV0guN1Bg5AxBveeez7wk3cwjFyfq86Lkt25fk="}},"E7QzvMz5XB9xN2lGDLHNhwPje7wMavcphuP1SRFr8nA=":{"valueMac":{"type":"Buffer","data":"ludTHjx/kQe/h/K6TRge0fvFkLUBd8FH0iaqOvZQrp4="}},"B8HvK4YDzAnRhNGdEi/uUce3uYT1E2ktAvjHNmiqFd4=":{"valueMac":{"type":"Buffer","data":"dSsLueh+je9Dj2aeo+0KpHmSMBluLppHLiHMp2q5BDs="}},"1yEjgUDkXhsMnPAhNUSKm2HYJC1kJci7Wb/opm8q3Sc=":{"valueMac":{"type":"Buffer","data":"MkmEEtwZjbeM0eXZgYN3qisT0P+XhyVwDJDriSnlI94="}},"FA6A5RMao8N4NWvfyLHmsNQ4C8SvIetL7/RUjMRfEro=":{"valueMac":{"type":"Buffer","data":"VjKGrAxqJ6ZLRNOyTGSjsxosE7qBJCzIId7gUE05nXU="}},"AO04JEAXO+NO0OGacUinkeU27oInbrJQNCt3mK74f0Q=":{"valueMac":{"type":"Buffer","data":"9wifyxJnGaVTBACgSf9PhAmhzt+cImMFrRBEMGSFCvM="}},"Z08QxWNSZHs9rsmsnGmTpnhMXpxgvzjYSho3iZ68i+Q=":{"valueMac":{"type":"Buffer","data":"XpfNKS55TCoOA0YY6Fr7eA6zYpmwJMYZvfHi2yjlP1A="}},"artlp+0vWR1sgpYeMd2OszYA4KFeekCimFhY+djUo/c=":{"valueMac":{"type":"Buffer","data":"pCxLtuSgQH3C4ra6EoiQJNB39KbRiyRhT2+Lph+OH7k="}},"n20p5L8xxS7TS3TNoEnLys+jb6gg8NCHJ5d+cl6DUes=":{"valueMac":{"type":"Buffer","data":"KY1zkkihXaZ4mIdmZ08Ndw0fABB0kAEBG55cLsfVqWo="}},"xjEqDKxp2oEgWiRQc+s3TQu9sl3UouknT2MAekzKDZA=":{"valueMac":{"type":"Buffer","data":"UwTYGSBV6FSkr8LRYvzEYa/vImLACzfgb94SdgYaHgs="}},"3CIr6+M+G9I/VavcKRclpb2b5WZyLZHBT7Bv+N1gdEc=":{"valueMac":{"type":"Buffer","data":"99lo3e9PGb2kty6DQPpkXtEmyYAOxbmQ041QOkcTT3Q="}},"FxU9FFNAs2GMCKDeayTnVXG3fVgwp53+adBAQLid0mE=":{"valueMac":{"type":"Buffer","data":"m7dOfzDBzYfYuiDeS+344Ak8vDHJrING9MJG5arO0CI="}},"QkKwTh2xUBStw1w0F8Vc5gvHtCWZve51gXM8k4zWS2w=":{"valueMac":{"type":"Buffer","data":"+VQDpkQ1SwQm28FIhJMDPHewN/W4qYOfymldWXwnjhU="}},"4Vb2aFHlT+9Ww/bk/nHrQYzpjuYN5Qd6oSHLk48w6RQ=":{"valueMac":{"type":"Buffer","data":"A0EaZHtRJ6Ri4i5sy9R3j/09ER6DVUUmsZnV+27BJLM="}},"QX64dOsrw915zDOoKYC7pfO9jxiN8m0QVLwrG9EsESI=":{"valueMac":{"type":"Buffer","data":"pidYJJ3rdHrRbabSyUOzUY6RtUnsisvgKMwuCUAhRQM="}},"h8PsCi2aneSLq31wRmRsid3aTla1hAZEbgAlv+IvYqc=":{"valueMac":{"type":"Buffer","data":"BF6Q69A1svBi5Ze3iNNmhG9oVDSLu59Y0xp3XEYKA2w="}},"SZdKF7tppqRVYJsW8ITohrhqNaW0W+PIv/yybHk6BKA=":{"valueMac":{"type":"Buffer","data":"jQeLe8FJ8dW/WKltQkkNAwePzD8n8TFTxvoPHUGonH8="}},"YLINpaJYVsgw2yqf6WrECT6hSvMq0BdOQtNXamC0V+k=":{"valueMac":{"type":"Buffer","data":"HpvT2hYD5dSZyTFKKwHNDtvsN3C3z5qDhykb11KaBHA="}},"UV2QVckDR3fMZtbvG1XiXIoFCJXnCQ1wYW4/UnPGIb0=":{"valueMac":{"type":"Buffer","data":"6W6aSLNtzs6cje5RVa1maLV0++gH+2X6WlvaTKBTBeM="}},"9L/SL3QvzXcbPHEiXgTUrDP6L46ZgXUcP9WGxu+cun4=":{"valueMac":{"type":"Buffer","data":"hHTiLY//HZucypnOrs2kA+wWGP3/HWw3JU/ZgBuON2A="}},"ixZ1IlHISnLsM1SIoMcN0IMEPlFgXr9/0mdazYpOdRI=":{"valueMac":{"type":"Buffer","data":"9z/EA7uFCGs5frr7aYbTzA2itEpVTCmECByUQk2yNZY="}},"Z1iYKeEWia5FbPoM2wJq+HEsp4m4XgTtInIvPmJOHms=":{"valueMac":{"type":"Buffer","data":"JU5XCdM1cBvDQMDqgCsasa962yAM5siYG+hnfnvrNu8="}},"pPPh19CABbhefe98JaInLSfmMyPyggRFMcFeLgEHHvM=":{"valueMac":{"type":"Buffer","data":"I0xg+cHkQTh+c7+WgJDj5A5pjSCVV+848A2mVP8ScG4="}},"QMq6TXZCK+V3hMElAw6vfDCr6cdNNKZjukthjo3ZMhs=":{"valueMac":{"type":"Buffer","data":"lmqsR0ZKDnd4dFK3mkkbU5XGYg0+KElMfIv7zu97UzA="}},"Q9tJy2Dol83dZhv93yC+vxY0UJ1Ko25e+gO29rRf0io=":{"valueMac":{"type":"Buffer","data":"5Thd+cNLQB4lCyeXOLvmo9jkO01beejG1DChOg6LKcc="}},"QS4dW6zS/NQMmE1d2ubd+f2pU2M2whmIWxxAfKqN28M=":{"valueMac":{"type":"Buffer","data":"T9Rf2AFOc6Mer33rCddXia9XNgjz9K2RIe/+27kUbRs="}},"ZBqvFQPEPIdMd2KrUvPmHuGn/0rDMDuCPNXnjmgNt24=":{"valueMac":{"type":"Buffer","data":"0Ml2o5GudOgS8HGmj+Xy+Bme+eDKeU9USNCse1vSrsU="}},"iYrp/VTuGyb5QQKRPIPUrnryOPc4O8NHDEM7tB7R3Ik=":{"valueMac":{"type":"Buffer","data":"/PpSx0ufC8IPJzUyNQNMRsBY3jq4PEQ1amxHKNOYyks="}},"+l1AqW2sFoVBxvgwr4F+VbzrAv7SfpAFHCN/mk+TOjM=":{"valueMac":{"type":"Buffer","data":"6VEfFsbW9I1EtrQn/jdBMnHDUDJqS2ma+A1ZQr3SPG4="}},"Rf2Gzfpyj8jI+RF4G9oO8GlnIQ7SDT+l5Fr0ZBB1btM=":{"valueMac":{"type":"Buffer","data":"gj8Ew72oyvjgk0M833BapzMFACK/tPEuE1xCY8jQq2A="}},"ttkwwO9sVx9mEN9gNuBc3FiZerFn/mMKtiI5TZOW914=":{"valueMac":{"type":"Buffer","data":"ybYgjk9v8pTWpGk462j76izb3eR2lTd2j/RNlKOU16g="}},"kBOYcn1AMm3DMQV3MEJqPpeQ/7kGwrMxcEkPFkyLCQ0=":{"valueMac":{"type":"Buffer","data":"Vs17PwSzlT0xF2uCMniPnzlZxi6GETS24ABt/q4sZRU="}},"ai05X5NRJk163xo/c/oyewKbmfdbDD16m5/bMPivLvM=":{"valueMac":{"type":"Buffer","data":"TU2lydTZiUrYDOrTSgwAS3cVsClgQtQHfatTkXJ0DIA="}},"s1uQ1vBQCDnI7ZgnGmK5Uc1FDHg3Vnh4IarkApL6mJY=":{"valueMac":{"type":"Buffer","data":"bDUro8GrhnV5/MnuFVwjXE+yYGwe973veyegy3m9bdo="}},"fJ3pAftDHCcn2AMi35MQSbcf8NW8zvvOnYrEWaVWsXI=":{"valueMac":{"type":"Buffer","data":"1oiguPZcMs83EOOe4S4QMft+werLlsNne1wviLDmTQI="}},"vOimg1K5D+LwJ8MITwdos2Hl6iyc0iEg5oULXs+30aY=":{"valueMac":{"type":"Buffer","data":"vPLUhQLMkFBNRZTGJS0wNI7N8hXgVm3i/u1O68H74iU="}},"GQJTRD6jtP+qzDipV+LBGAJZ0rxFKS6UcvySOkdhj9E=":{"valueMac":{"type":"Buffer","data":"C4Td9VrNW3XfSWQATlDyCg3cHOlTh5nonaX6YWRJ10Y="}},"JYFHr2o6kHJbSI4HBmHcc1AorRaIdHZ2KTVe0RRxEsU=":{"valueMac":{"type":"Buffer","data":"yXeNqDAvf0j1+QfKAqJXzf966GkPtozgKeQMOkYEhEo="}},"Ex6tiCcEHYw1i8dnCe8kANVv+kBmwtcXLTizOWWdizM=":{"valueMac":{"type":"Buffer","data":"rF81CGYgQaxDTCTc9C2Hm37gfE/EiDTZhfKsE04Z7SQ="}},"W9cCZ8QSugnQwwNSIxywzQ+wwcErcItgD1vxGP+2P9k=":{"valueMac":{"type":"Buffer","data":"IeLb6kXvhf/mKT1dh/2e8BSokfRGK1TQCjqAFtpEeYY="}},"sCkWs7HqqEaP/3BT1uPoRuQyalaRBiPyaLSc7QLWpZ0=":{"valueMac":{"type":"Buffer","data":"aqbanFVJEQCqClUGp8+p1TywuNB+V5hIGcuEgY5u7us="}},"7+dlrqBiyBGKXfwFxMnMw54YNCTXRsf3vMkI07gahpU=":{"valueMac":{"type":"Buffer","data":"NBE3le4B1VWfnZkY44WAf2pvGn/xip0c1C2DOxz6ZsU="}},"u4HEyxwnrc8nT46HFD+iieDhrlFx5BxWqCDN2awaYCY=":{"valueMac":{"type":"Buffer","data":"+3ZtEUZkx8IlEygCAgmzjXxVrTNMPv6Ybmg7rSIjOiI="}},"BBI7Yw2xw73wFzp08d0EyFb8LdIF7VuxQGHvGvjtBYI=":{"valueMac":{"type":"Buffer","data":"9dKuIBXQ2JvEUqv/JG3FmU0v/3apZiRmdGVgx0ocATY="}},"eUpG2VT2LTuAePTMNIuBr33SF6NSCSFd2Zk7XHQeaCA=":{"valueMac":{"type":"Buffer","data":"DQtJL0WLVCdejrxk8q9EyN6N/4OCeoqtI3k5N3XWhX0="}},"iRqWq4FNWBsNM5HfSUktX9pGjxOXQrcE/2jXGzQG9Y0=":{"valueMac":{"type":"Buffer","data":"Xj7mbxTNq9iFBJKGu5b92RtufnYitejBPDKzcy19DVc="}},"nJVzYa1ND5BUN6Fkdjb8dK6CvfqUqzVhxNI3NpkKbWw=":{"valueMac":{"type":"Buffer","data":"ujktxmA51iQav+WVC82nxXGyz+ap9+jgcytiOgMMHfM="}},"S0k5LPP8o+/yNb5Jt0uT+YZWNk16k6rZyCqwyWEoebA=":{"valueMac":{"type":"Buffer","data":"d9Th6o109Uz1fJj3grBKMqyK5dtIMldK3PIRjUpbQro="}},"UmuDQX/GBypytPOsEivQmMU2XAWdtSpjaac7HNBX5og=":{"valueMac":{"type":"Buffer","data":"OCINnw4aoSFCfMxaNjsBLFBLzl9zQmkaNl1xMi2V4VY="}},"YxEejCwOQbDKskpaIch3UoeBS5+2iMrI1oAV2KMQtbY=":{"valueMac":{"type":"Buffer","data":"DQ4o6dZc1yZh75LS28Twu6C/fmknkPuyGjzmNi0qKzg="}},"F02h2AHTJeYfd63xM5sdNnAoN3buvSJuF9SJliS2QY4=":{"valueMac":{"type":"Buffer","data":"QYjkUgFkh54he8acrPRrep8fN9EBnMaFTU6ONIdbMwU="}},"GIt1dLR1SAfrjdr+NjvNJj1POF93AZlVDJauL9CScOk=":{"valueMac":{"type":"Buffer","data":"AwaZn7c0e9/OBWhMPJ0RvbXgYFj/GeU++fqfAEjqYzU="}},"vC/16u2eH7kUGC9M9qyJEM96xFdpXbF2jSwoUiGeLkE=":{"valueMac":{"type":"Buffer","data":"wMlA+wKeH7Qgs9nuByC40uxv3QgJSIeF8tgH6/wRiIg="}},"DfvCidUCjOTAIbGTvxUcoF285w02l4BGu+Okl3f+gNU=":{"valueMac":{"type":"Buffer","data":"snZtIAGng+1++F/8yND7FqirNP3Gz5jZfvfLzoOKQmE="}},"6y6atvXs63+oJEcfBrwSP6ke9vk2Af5Hq4xxArnhG/I=":{"valueMac":{"type":"Buffer","data":"S5qut+X+r6uPswkBm9VxQ85WowAPH8DGy+R1TzFpx9o="}},"qhOqH/WYdWEyPaF/DG2I8QDXL8afsOtymW5c4zcTDVI=":{"valueMac":{"type":"Buffer","data":"wFTnTmmNNzcR30cziiOl5GhpWQr+sDWnk/YpgkeIKQc="}},"H98Oxz9Bla2xzS2QZm8AjVFundbvSWfNS6IJyU6rnfE=":{"valueMac":{"type":"Buffer","data":"9rO4IsdiVsgq/4FPVid5Ze4VHcfDwtGdBvo+DvmqUn4="}},"eKGsdYsoj0T7O9lgh3tPdUJR67qhVP1muLh3gYyVVic=":{"valueMac":{"type":"Buffer","data":"Esmf+UWv0mIteZ00tvMNNsVZC5cf0k/162clC6za/ow="}},"TqDMBDRTVC804qtsZOI22TjveMfjje6LqvyR8M8ZjaE=":{"valueMac":{"type":"Buffer","data":"Iur/yR2q7Sdpzshlyfg8ebO5DDxDZ0UAJklZbF+wCcI="}},"BDcWXJsP5i0fC7TK9xkR1uZDfgAb5lJARZxzboPaPxs=":{"valueMac":{"type":"Buffer","data":"/Lkm1FNZwFba67DJt4pDD8d0e3ZW3Liegqq5O6XUIRI="}},"sMSJMzzbgZmIaasii7IvSW69vAUwxWE5+88O/OAOS9Y=":{"valueMac":{"type":"Buffer","data":"6WcaetXITKgumhGCYVaCg/DGzaySjeI1Epg4QvfPdYc="}},"GaxjfzjTUNvPrVopP7fGTg97GzZVWu8YGb2kPmZJ//Y=":{"valueMac":{"type":"Buffer","data":"92ciem5BgXPNRSyqVtS7qt/tzM47y1nzo7NBj/WkBDE="}},"I3lkVpO/UMzhR8l68NGajmj9rCCe5rNQksr69SGfG54=":{"valueMac":{"type":"Buffer","data":"HxjRZvLiXGGp6N+y5PG1/sRyOKuRg94ZLNpYvbQOCnc="}},"SrIogP9jab0MTKoM2XCrwZ5l+LkWjwp88JzYp/vC8KA=":{"valueMac":{"type":"Buffer","data":"DYaiJPRgcLPzvJH9XAAnPefnro/IJawT4iyy9MtFk0w="}},"GCVlsHOND2M126pF1rYk9pzbD2dzWBx1rXML1/58z78=":{"valueMac":{"type":"Buffer","data":"GW8Gg8wELLx8K4TOwaZcLjIA3GuRaXwCFpyv3UjUNmw="}},"c1n/wAuC1pyMnPPsAPv3k/kV5x/XEZfKOs3RxyIwms8=":{"valueMac":{"type":"Buffer","data":"8ofWA2E/+G46A4YBRlIUW1RGQIdPt+piSoTUZNuA0dI="}},"D252POhAPyhX17mmQfsqO6/WKohCgxBVm7Dxuz1oMQE=":{"valueMac":{"type":"Buffer","data":"YsBzxqCDpXWZlV7iF7R5vIeLGyTmNSnBSllmSpdmn3A="}},"giX3yMdEtxQRuyvOMmwB3mXRc82539XfsRc21GPO0es=":{"valueMac":{"type":"Buffer","data":"0J+8FCiWb7+41lvn03kIIYxoogLIe+lA3hmC+Tb14dI="}},"WCNAFvFsHMn/Rvn7jtFhr0Z/09zdvaSrfSoWB4b1a+k=":{"valueMac":{"type":"Buffer","data":"QibemHIops5qw3l8Eng3kjP3gR/hSyf6vIKvONYxacM="}},"KjsAZXXqCejtSLhoPQrSx1W2UYyhNmx14i/KQNhirww=":{"valueMac":{"type":"Buffer","data":"BLvSW0sSCdKnHET9Xv3jeU5XiVWJ7wbXlYmlgZEAOfA="}},"kQhPFyv2e28+TmZjPz7CzIWqqbiEd6kWyqUROQUqohw=":{"valueMac":{"type":"Buffer","data":"Pp6fMJ40ak5n6KdVUoRT1uHAxCP7bQG0PJXSXDaWK5o="}},"zALrIeOxXxiK7hifSPgpH0sGGjq8jiffnotsWaI1es0=":{"valueMac":{"type":"Buffer","data":"4q6RIoBGr73SHi76Bwl0qWJro2n+QPQUW9ROVpqA+lY="}},"zAs+UK05hRFtikGC+Zhgsy3MP3n8u0nImDwEomZOzo4=":{"valueMac":{"type":"Buffer","data":"93fJZ14pmF4lcqfi9s4qzrq34mism64WL0QYHrR70i4="}},"trepe0G4nHPH0Q+02jVnfBzAO2AF0UZ5EgkQFl5yhh0=":{"valueMac":{"type":"Buffer","data":"4auyEY0yzOC2iX6hyuPkaevJzRgQttzMiDvYU80Y0GE="}},"6bMilb1sfpf9/5EO/7b3LLjCfEU5l2oL6tOUWkuysU4=":{"valueMac":{"type":"Buffer","data":"9WELBjqOOA5WcWz4bCaiXMuKyvx+x7ZOnfErdq3cwa4="}},"+ZVP8iP/kFjtRYSacy6fQGVAVgtB60K83Uh5Ycd5+qI=":{"valueMac":{"type":"Buffer","data":"qIi5VR3NqRXGRlTrTYRyrtZVBVqDcHI+YLiyMJW1UnI="}},"ZBng/1Cyv3JLM6M3t4wOJIuO0D0W4bBmVv51j0hmZUg=":{"valueMac":{"type":"Buffer","data":"zSFeZPW8QEf45kOULaAc5NkXE9KZ/2Hq5EVLKNHp5to="}},"3tu+a0mC3bZREsxbHBElewhBCcRonKYMgjIZbEcoyIU=":{"valueMac":{"type":"Buffer","data":"qKBatqFjIwv/tOyTtN7MUA461PXrDb6eunwvc6rA2/0="}},"g5Vk69WoIz8IiGBA5UUMmebRAfC7y+KQlEfluktmmgU=":{"valueMac":{"type":"Buffer","data":"xf5jWZZq6a8imKh2mbPqB/iY7U+Wx3kp3Omfmk0POBk="}},"FHkOGhnTYflU6njsfEU0HOrte5FpcNdFalZPD73l8Hw=":{"valueMac":{"type":"Buffer","data":"NkDjIuVV5VhrCvAvSjfq9E8LT7DkIemDS6nHkQoh1Y8="}},"4EGmyjYLApQA9WCyC/hZTHwc4cJZOPlebIarxwX0RKM=":{"valueMac":{"type":"Buffer","data":"Ff/pwg9Pjvb9v5n7gDTFdxjVVzgV8ZNgmDSg2ssgf38="}},"NCyOvZwpX8rzxH+qUxY4XTOHS1Qs0c8XxGhaz59ZMh8=":{"valueMac":{"type":"Buffer","data":"NRiKQP03dMmm9f4QHqtCxbQqTcxmjzaSC7uGOt+CC1w="}},"XnI88MG8zB0sBlD9iJbvtC7uZ82joEgsIVjYRgibqtw=":{"valueMac":{"type":"Buffer","data":"UPhctP3O/FatLOhhZEwVwtYx/NSm1EF/CcfuX3uTmGE="}},"DYKAfBTSILHDpGT16NFJkq+/xvsp1+Dny4XM4w9VL7c=":{"valueMac":{"type":"Buffer","data":"xO0Yg81n3tezwUfK3iPYg6suY+ImCH0FBqR9KVpKMiY="}},"UVrrNiX1tZ0FONOsWbcbmoRZy3ObF9gJG61Qm30L7o8=":{"valueMac":{"type":"Buffer","data":"e9KaEsnmCnfHMJV3wW62rdUpNXCnytAGKuaiPqvHRsU="}},"npfeL94nP4vsxkZvS7MB3zg/i0+JrN2byHuIv3M6o98=":{"valueMac":{"type":"Buffer","data":"+SkICEy7D3MM2TMCaH8LGv7P5uv1Pp67Xlj0r67CDdY="}},"OtI3tPShcUH2bZJM67Y3QNFztDx9saDYghjECGshGJ4=":{"valueMac":{"type":"Buffer","data":"i7KU/wuHkVDacsAH7IwijfI1X7fB20IteCpbRghy+lQ="}},"SRtCWwEtq09cb8YuUwwlD4nCaO0tIQXKgLUYfITBm9g=":{"valueMac":{"type":"Buffer","data":"e86W+IMvaHhhNEN6aOzKlzEsicEV0Hb49LzU9lrl/F4="}},"MY0sxFyInyMefBMUk992bJ7g6F+6LJOCNqGzjHutFSo=":{"valueMac":{"type":"Buffer","data":"+A5JRY6dpSOlErsdDOHhV9WIa6G5czENFUzeVppyLdk="}},"i/0eOHaRNmyTyiAxccF4ENFh8Yg8szH9XEUPLwjbM68=":{"valueMac":{"type":"Buffer","data":"Q4oLoKydgS8GTNhkgCnqiXrJJlm+jG0iVf/v0mMZ1pw="}},"ozSyqs93cOO413Q2epJna2ZLh17bx4SPEhwpkiG/IqM=":{"valueMac":{"type":"Buffer","data":"e7zk/CA80ygvH0wZWDRsGDDx3N+GMSeiX34m9kE1A5g="}},"cc9Ep9Ik22WvKGOyNPTS7hJH06oxW90hUjNVBYKXX1Q=":{"valueMac":{"type":"Buffer","data":"RPgJgnPKzWRnKGRRS+W7yHDf7OMbvizZuXqBKcUreBc="}},"9FLbnnA0eag6i9K9RNUeS3JtURvu53Tdga83vTO0Vlc=":{"valueMac":{"type":"Buffer","data":"+aodfgEFCFHGek0D5BLC4Ou/uTDiP71tIFoNQEsaweQ="}},"Y45euJJU8GDnrNCeq4GBzFhNT/f+xS0mdZi/H2LPi6M=":{"valueMac":{"type":"Buffer","data":"oRh2vCmO6umqd4ARhdjCDv6N6bw6zuGy3hTNXYUpE2s="}},"QUeVjitWyigmVKGORVtwXiU1eflgr89WJygG+C3XNvc=":{"valueMac":{"type":"Buffer","data":"QSoekv1q5efZYxWdmKVNjSwOSGFbEvD4nLdnwDiDB1k="}},"9OJ+cQuL3A9YHnex6Rbf7WKweNXyxwNiHKotV0vrFQo=":{"valueMac":{"type":"Buffer","data":"6UpReaqcQX1c857pta3oXUmhfL5NRqgDxevciPufJHs="}},"r8Q8jdrR6N74eEJghhBUdWS1DizOZGwPtQkTVVLaJ58=":{"valueMac":{"type":"Buffer","data":"LapxTc9FFxG/+KchWIImWhYnIjC9y30rQTmBCE9Qteg="}},"QEXXX5tSg0VmoDCJOHHnOvraQxeBkdZQl7VT+jC1c1I=":{"valueMac":{"type":"Buffer","data":"cEiPmUwg2mjEM7/MekcuS0+QTGe34ga98M1Twit/I2Q="}},"jb6TlO8H0ciildwq7jP7R0e4kZo85ImduGFE4fZ8zS4=":{"valueMac":{"type":"Buffer","data":"umzqzLIeuRDq6f8t9bYYTFnX3f2lYGPhdKWnH0nwLLw="}},"bpyrZjPm+M0Tq9sEKtjis9nOFIq8Rkoxes8On3BYQeM=":{"valueMac":{"type":"Buffer","data":"FN3VWTJsC6amIWWzylVk4yOh2Og4kPp9YkiJZyT+mDM="}},"iCNSeKT9WN5668Y5C+q1i5lZdgvAQhAegXTYQh0MHTw=":{"valueMac":{"type":"Buffer","data":"yzF+WANZVQFp+j/kEt2W6cO9UsA9c3UJsNMJORDXDu0="}},"Tvye9bPO5vhtcsDopq451Tpt8Y3/TdJre/SqB3CVJ+0=":{"valueMac":{"type":"Buffer","data":"2FwtWnnkVXl8dKPuQ50JQeYMdeI90ikHNAyJH6VGPis="}},"+FOe/lhr8fbOLrE+NgIb/khI07xbzn3j4iXKxEEPx4E=":{"valueMac":{"type":"Buffer","data":"RHGtrIv8oUn2Rde2eoXIZxm8ghp2e2lP1nY+rnqe2/Y="}},"IOGcc4UmF0+BL+xrjcrOFrxRsHHfDNmwptYvlw679g0=":{"valueMac":{"type":"Buffer","data":"YumAwiWWuQq8lMFBAXcRld2043N8T8fm1R5Hikfidi4="}},"HPX5RCHh5kwVJFfX9N4tgudEVP7/7/BVBvACbLIwyQU=":{"valueMac":{"type":"Buffer","data":"5r6hqhZy+SKS/iKcTXELkABGf3lyER2vDqt2O4WwNV4="}},"Dq2DAhGKRsp8YOx0jqE1UBEb/lJvVQxTzMv/uoHAKJw=":{"valueMac":{"type":"Buffer","data":"PxMyTyZ+iU5YUokQY/fJqsurvmZ2NhMrdmkwmOZ/pRQ="}},"vUgTXA9W+bFXcZaTK2m/FX6Tt+QStn0OM3rOj1ZaWbY=":{"valueMac":{"type":"Buffer","data":"ILZ2FPehdjRCXXwqvlzzhAqUMUUpq5mJh4EVb8A5dBQ="}},"6ywl1RLfoKltzjfcIml58lWs8wIuDXBb+1kfZmvQTPU=":{"valueMac":{"type":"Buffer","data":"PakCcCeTyv5bQsJjXaM/HZ6vmXxk4JqVacBKK8FGDRg="}},"s/tEcu6AnmXuZ+gRnMa6xC4qRbagJJzfNOcKG1USabU=":{"valueMac":{"type":"Buffer","data":"HBNLMEVIg7QRcHSE3vdWW6U2tp6JAg4S82dDQVrJyqw="}},"bBq8qVhrTRWR/Ku7h1ebvfgIu0mjadHxWYtVrnkB2U8=":{"valueMac":{"type":"Buffer","data":"BRsRSenHQOVzeRHx2WKRA5W9FinCdwPt9VwoES6H35c="}},"18VHDkMi6qFZMzvXxnaF1kFRln5K0Jbs2H5D9NO+D0c=":{"valueMac":{"type":"Buffer","data":"BEWBkefnDSJoVsZfYZdxuvnbbN0bEeVWOWMCKCxneIo="}},"GcZBSwlZUVqc39bX9lt9mTb9ao5TyYrRI+ftHpTydfQ=":{"valueMac":{"type":"Buffer","data":"8xW18mIgI417XAMMkOWtS0tzFKDAY0pfHC0kRjCIRuw="}},"4sEBZQoiGk0q/q6iKMBi78TzDQbeN7IqmmdpOI35+M4=":{"valueMac":{"type":"Buffer","data":"37laPNN0t5sjl04XBJTY4Xfgep7IiM9yHiPaBVVfBJY="}},"7lb2blHQIz3iEpQ6hxOKROpZGwCX0xcInKwtHDCoCvI=":{"valueMac":{"type":"Buffer","data":"MPuM1T9ytSUeS5ozrbyX19JWIheurCBIOufpzekw3jo="}},"wANpPI9M5VqLn/DUc7De1SAgKq1QEfbVMM+b/6ylUyA=":{"valueMac":{"type":"Buffer","data":"lll7jdvB0wSP2H+yp2C2LbPoI5olVcfBSNGKgwDYChE="}},"5YF+dAcdl/mSjAL3ld0tuAt1kUSQKUzAxd6LLM14YUE=":{"valueMac":{"type":"Buffer","data":"bOThRTV66ksfuGkj2WKteblOw3od2S/GKiA/VWFtJA0="}},"x7XTcfkQQF1UvnGT9N2OzTa0aTpj5175ZKxdBBE9t8M=":{"valueMac":{"type":"Buffer","data":"2m4NmTwLUUTzxB+EP4fS30xkjcej+ZCfCtJLbpH84DE="}},"wuy+km8p8mA7wQeEoQI4IoSVOFVqnrXs+Br5B1jCaVU=":{"valueMac":{"type":"Buffer","data":"NW08peS5KwXxatmvDVyYngkbPb/BCyn1vU+2mjSDuBo="}},"LOjuqVw+GmuIrFHeNghdE+dPr8QBQDJj/fkiw/HGMmc=":{"valueMac":{"type":"Buffer","data":"rFecAm033zQltE5rlTi87NT7Yh298mmxRLTcl7aW6NI="}},"2+SxHGEH1iO9ZAoONMXcC4N3Dv8OJ2XFCUZ/8M7ZT7s=":{"valueMac":{"type":"Buffer","data":"wbpgn87zUMk5J5WZRIG19AKiT20AQD5M+cWJmQtVNdE="}},"Dl2LSLsql5uP20YGccS+G7PRyafc7rK2UvT+7KwdaZY=":{"valueMac":{"type":"Buffer","data":"UOmXe8AiNR9VUH8nKWaW4PqpE5GGg+uubPVEljlQx8Q="}},"zvHlhqddvZIL/rmJ9jUuhGAnd1d/62jW7/PEQOQgytk=":{"valueMac":{"type":"Buffer","data":"6wu3hzvOGW5R7IJdKlMbqCbnp9Ix3r9UM/rbF19c6aU="}},"nAD/hj4Owv5GiUnuKIW27cAzKgWVA7Uw5DuebO+y3Sc=":{"valueMac":{"type":"Buffer","data":"QXUEjvLCAxx6wRc9MuuxO/c122dI/bmq5GO67uCmWTU="}},"RXnNw0uUJqCjW4kMnyhFC2Db0c1dqmjMyGdBO3oHh+0=":{"valueMac":{"type":"Buffer","data":"RQyEoWNdHYRwlk3jl7VUOgYdrCYWNK7GwWoFcaVKGKI="}},"LhyIie28xN8w/zmqp4ecLYzvyuVTRBChvTuBUTQ93mg=":{"valueMac":{"type":"Buffer","data":"27UE0ZHJB4moDwMGOLoSurXlf6CYnDKtf2qB5jBDYc4="}},"bG3TNQVMxMddr1YtIvY7anEvxYQSwRActtjNmPiFSQE=":{"valueMac":{"type":"Buffer","data":"zTe9KpOSQgN4LMZSzjnal0uWMRTdhP4RUWQXpW8hPQU="}},"qRAwAdi/xdK2+pIvxE9R7b4V8vhy4K1depPUg/P60wk=":{"valueMac":{"type":"Buffer","data":"L3g03N98d3NGzXr+RfdNzjw3/UEhnGzncSq6m2ARM+0="}},"mX+Tq21C2wB3iDQeq8Dk4Acry8zlhuTjJsoPMHksqrY=":{"valueMac":{"type":"Buffer","data":"gW1lCXB5oWVvq8KK3GeqL4FoOdRf/uQEq5DxPEcuMl0="}},"UrZNtyVqO1oX/aRZkvRgmmVC5KnBu3061S2plwQeOLE=":{"valueMac":{"type":"Buffer","data":"r42xKoy2StseFAPvHCPvdDdc+TxHo7fWBbukDL66ycU="}},"CU9jVcp5IjrglN156z3wtPr6rpODR3RDGrIIvn+sAls=":{"valueMac":{"type":"Buffer","data":"OBOel1nR/z4BD/LLhULTNP3RzV+ZavwoocSFtzAMwxI="}},"1UZ0Y/sYEthsai2ZMANE7WzVkgJ6AAS96t25Hfx5urM=":{"valueMac":{"type":"Buffer","data":"JcEVGjyTj5NeZgNrWfM4nn6jk3SZW555UUqsUUXwBrs="}},"4n1sHHy2MgpP9cbFLF20RhdOcPiUjyGuIu3EsJtQVL4=":{"valueMac":{"type":"Buffer","data":"YYtDJci7sR+U3lU1/l2UQIJLjAan4wWLziFJ4LLGWuM="}},"RwpADRLQ3v5V4mvmf0aQ7IBzQ9dGwXhn2CNmWOLheiM=":{"valueMac":{"type":"Buffer","data":"IAlAi38bCrm++OgMhUCChJzhI8opd0zRC20QldenxS4="}},"eL3fVsx7e/9GalgEiv4Q+sKKFjFUkVkaweMTC+FbwB0=":{"valueMac":{"type":"Buffer","data":"BmZyy9/7ZTEV1k7chXOqPrR54QxoJp0eggoFvf30GxY="}},"mYEpJoVE1UbLpoUF342j8jEi7ECxvLo+X5cbkm14HGQ=":{"valueMac":{"type":"Buffer","data":"55KMmE5vv3WVFQn5B4o17oJ9C+sP6FR8puE9chjzOao="}},"ac9C/QJH0UIbb2bXyghaDUKW3NG+3bWRLy9qot+oRKg=":{"valueMac":{"type":"Buffer","data":"ckdpEUYtOdSlCiFIAi8MKbMh7BaFaEDKhC9MeIjPFRU="}},"Wfna2jUnlb4livHll2i/JQgVVeaLzANi+/6qdNGdVY8=":{"valueMac":{"type":"Buffer","data":"CQNYC/zrI//bNwlWrIpUsl2sqiETXwnQFxbqqCILJao="}},"mLakgSwp4gJNRe727kaqh7ow7vDpKzCGxudXIV6mkbc=":{"valueMac":{"type":"Buffer","data":"wQMUg9xaY65ja6N+6gRxOeeALDfb0+OZWixsYrI5uzg="}},"ZFU+hLjjVU/dBZnXt6l31R8IZzS58mgxwvEi6kHFEY0=":{"valueMac":{"type":"Buffer","data":"0GXkWmiHB1nPC1BcRmBqz14mUTh649xvCr/qnQ5/i9A="}},"I4YAs1w8PCopPOxMXy3MxJUf5gZkPtKhC9kpXBEMHgM=":{"valueMac":{"type":"Buffer","data":"Je4Bn6j8GBUv8CBAoD+m5WqqwZV6QqkkVllBa2ZoAmg="}},"cENqDk9qblvQzbsJekb8MVbPlwLFVPKVp3dupgTqSnI=":{"valueMac":{"type":"Buffer","data":"cMtNRkArBONnA9V2PCt95t5rwVK/S1IrKwhZtikPNgU="}},"XeTHswmVShgjjhRRkb+qTtxmjJjrWnDImPz+NQsj9m0=":{"valueMac":{"type":"Buffer","data":"kmz4gpSytKURI71W+AlzGHPlaWnroPjrgwGlcti/oWE="}},"ovd35tnc0tvmb8XqMyw2BQsT6w/RzaFhYSpcEnSHsiY=":{"valueMac":{"type":"Buffer","data":"Bi7kQLvm5alrG8kYptOu3MwcArw/kyc8oqupV/mC6tE="}},"2/5b0yEBwe2pR4QiyWVKCSSG3Vii88KmBb1DGsf/hJ8=":{"valueMac":{"type":"Buffer","data":"wufB9RDSw4XXVm7uZYQtGj9e2/GpSHoj0S/E8rlJVC8="}},"UQ/JTL5NPkCTc/TjtbPd/jzIvalKcmHRO8+ex+NXXaY=":{"valueMac":{"type":"Buffer","data":"k9ELFzI6g6HN6JTmD2qeOnA+GBXKo1zlY6CCJPphXCA="}},"4dfPkcQ3TKiN6ihV+n+Uq3ja7QVihpzU06JkeMJQ5qE=":{"valueMac":{"type":"Buffer","data":"zaSiWYWXZ6UdvnI5YcmnBZZVenODGJ5/duDBFgkF5Fs="}},"AMYuQDQoA20iDqUal1qbDA/k1kjQynuzrFns60AZoew=":{"valueMac":{"type":"Buffer","data":"zVVHPBBHvwoflznOWd/YsQcubBaqYheMwZxST7b4SX0="}},"Ftn0tQWe6958FL11Zu1e30e5T2lWPUjX7wACfdguJ2o=":{"valueMac":{"type":"Buffer","data":"VIbfQxnUtcQ/AaUMucv+6GGjPFJZSYtjfj0V8PS6R3Q="}},"wP5uTWHFipYRDeLnc9N+XSwSsLJdIIWNqdgHHJ++J7k=":{"valueMac":{"type":"Buffer","data":"1S/++zV2YjUdIYQ9KR5HXULhJ28u7fZ8Kdxg75jSKNg="}},"T5OsooBu2eLVSYDtPYmixbtRQ1prjdzplD56MwNlcwY=":{"valueMac":{"type":"Buffer","data":"s0wBzncpXgLclYOQChWEZhL/Kd94/yyzShJpLhRFKRA="}},"JURPOYBQWNQcuOwldKdG9dsdLqwbO7Hufkpz04R3c5Y=":{"valueMac":{"type":"Buffer","data":"mg+KMSve1dIKFJrHjDAXuaw0cgfb88W24cdLPDxFe/c="}},"OV8o8OK7DLNhpPhwQNLFYePoBN0bD+3hd2DLOKGSKyE=":{"valueMac":{"type":"Buffer","data":"aPHgDY0PpQfxMpTxyxL0pVuD0kDX5e5N96L6+Oer2U4="}},"J/MrODV4GApOcVAQHvwy15rAZUmBwn89LSE+k0BY/zc=":{"valueMac":{"type":"Buffer","data":"2m+G8ghIxYthQt4uHvjq/VtV5runZ5xMpm1x+9xROxQ="}},"EbaaeSF8pTvJvEcZ8pW6WhHXhsbmtw6PV+EmqSx0gPI=":{"valueMac":{"type":"Buffer","data":"DG00XsxeN9dIoQ0nnTbP1Y3R03OS1mNVZ8ENDG/ElpQ="}},"VcK4JSroA118eyJFnq4/LTrkDBppl260y4NrrNJLibQ=":{"valueMac":{"type":"Buffer","data":"zLHLBmurJnh4V6uvmvxUXa6QpEI4sRhG/um6L8vvdAI="}},"Bx3bfC2NqNlLonCMynFD3kwFHAJG7xuSK8XdgJy4oG4=":{"valueMac":{"type":"Buffer","data":"z6v0Si1heGuIBqGb0K7xbDYECNI2p9l6nMZTuOBpzAo="}},"6W2E3Iz4Wx4wHL7DET2rGlUD3go2GrGwCE+ORsk9+Rw=":{"valueMac":{"type":"Buffer","data":"6Ww1MBBaGLGyNDsYeNwsljC7k+NtaQRuPpuY2ZenTiM="}},"eIASd1wZDPR4ypm1pAHELGFMSQhGNVNlQVoghSre2UI=":{"valueMac":{"type":"Buffer","data":"cXT5aYgXVg8S9unSNXFyTVwooyS6snoVdbWBqymkwuo="}},"Bc3Zm1WPPsF2WajAJExkJPj3sSdcOx24VwqLhvNSWKs=":{"valueMac":{"type":"Buffer","data":"5fzl21v6pjG4Dw/DnTukDAG7yRatw/qs373aUoR5YVc="}},"b/V5Z4UFGpURIf9ox97MYj5UFMZqnoBhXRLVaMBGeAQ=":{"valueMac":{"type":"Buffer","data":"MUxAjrR2eBI81TNGhOIwpIOmQOH/bRnzhGBlCxQiDpI="}},"X5yAV1SeHYoK09asML7t2Gj0+lOadA/OeSFVZuMCV6Y=":{"valueMac":{"type":"Buffer","data":"oKzkG+tSmNtdPu84VUl+/Mh/SEbFO/O2JOLYx/lTE2g="}},"njvlMGzyrs3ZINpnaNLdIRf5NZffKPfGxJg5CsxIFP8=":{"valueMac":{"type":"Buffer","data":"zSIr9WqQk+7Vj5hmFK4AlR8FQbpvPD5iiDbVKIkPYsc="}},"G99g+E2qGrK+H2EZkrciiFzeMXzBmlLRru51OoZX0nE=":{"valueMac":{"type":"Buffer","data":"IfkDMcIqaZ2Nh5KtsRogEHm/rUWCDFhrkXJwnLRWO6Q="}},"Ky2Z/S6oB2i8yq40t5QPbJHn57+ZOH6HI4QiBQjJpZg=":{"valueMac":{"type":"Buffer","data":"/Rb2BlyLIFqpqqHcbHtmu461rw0kfiyoavjH4yZ7Cl0="}},"+aQNmzDrUOIkv2lz2vE5G9FNFYGc6b+hxVKexDfAulM=":{"valueMac":{"type":"Buffer","data":"uI6m3C4r+8nNKlKEUl5BDA1h/u6L5iHMe19+Eut/9T0="}},"TrT7tfQf8h+yS9ZoKeTBZmYNYPHl55in+DEs/iVIgLs=":{"valueMac":{"type":"Buffer","data":"h5iwfeb3WmQRoIJHUNRpTqGZbLzshDwm9NOpA7vRQnw="}},"SLfDskxVPfAya9SGl3JY4760LOuPWADRpAgSSp+9Ors=":{"valueMac":{"type":"Buffer","data":"GEtKCBrKsuVuyEJw5K10g8gEWYHmJELQweGmRDkzgV0="}},"0cLIqJTYyNlBXY0jKiIl92iC8w3f2QIZJiUPLbSAVuQ=":{"valueMac":{"type":"Buffer","data":"OwV5dcoHeo9u65qDTn0eYPVTPqe3PVntGAcmfuacziY="}},"hmEJd0FYp9Brt4gC4Tc8j7FaZveYf6frNnrk1ul+iNU=":{"valueMac":{"type":"Buffer","data":"x23vxnpoicjN38sZXX1ikCE99FwJ9DUTY7cu7rm9jyg="}},"9B1ZgdM2NhAS50aeAJ65DUY6ZAawew5gScfS0N0M/Js=":{"valueMac":{"type":"Buffer","data":"k76d+hbY/IstlFzTZ2urFmjU/prpIOufLVkeo5IphiE="}},"JA9YCeJPkYYmEeXuYXRONQ1drXvQ6aaJnmx4YkeObZA=":{"valueMac":{"type":"Buffer","data":"XK3wNKiWYyEjjEAFZHgYsK1NBNwNMurnruSokER1myA="}},"+rWKvCazx/nqS16+C1jqoXDbjbXnIylRMIvOURw1IdY=":{"valueMac":{"type":"Buffer","data":"pJG+hZbKiKxvmEXCXdHbQoMF6REwIuUxyHmodP+dE94="}},"ACW+QP3eEUK1ICzryAVF0+haIG6AY7HU6M9NrbvVv1U=":{"valueMac":{"type":"Buffer","data":"pnwo/A1pY4CZ6yRLJbhxyipwVoGYRNiCorjkZl+9Qak="}},"YQY18nEl2oMulWjwoBTt36UCaBn7wYfwfRsZTeE0xGM=":{"valueMac":{"type":"Buffer","data":"6Xcf1/0AHa5gL1TMDHBBQCg7NtNyOGXMSw6FV+86zAA="}},"ibM669GLaSCJ0kZA60e2qgMs2Zvym5nGL7l2WevPkRM=":{"valueMac":{"type":"Buffer","data":"Ipf7LPa8uhrLEC47QpxtZA8F4Ml77kfs81CEyHCERT8="}},"w+uSE1xs2qVxnCxUwTv5BROqVRQW74KMgycoQkFbc1c=":{"valueMac":{"type":"Buffer","data":"19ZLQC9LnFbCfuBaMSkMfdTMFheGd2TMnB+iNkMWmh8="}},"EgW8SOHFcOotwa2mZm+QKzh23oqcvjt1yusLfLULHqo=":{"valueMac":{"type":"Buffer","data":"hYX8wcaTo4p2dPaQ/zBLyVqWFvAuIHdw5OJmi3J0fzI="}},"8L1UUPeJv3SyTL1njgXqKqXDAK2Vv3gIEneTMiRZm2E=":{"valueMac":{"type":"Buffer","data":"50C6xW2exAR9gPTkAz/He8QibB6/6h9YBiWr4g7Azi4="}},"7UK2fLjT4o5+O1iW4wicIz0y6uPF2S17Tx/0qidw/7Q=":{"valueMac":{"type":"Buffer","data":"gYF1iytqgK+A2mzd1Ez1EeXZdbXlFuz6fQHq4rV56Gk="}},"AI1buYYvhWh9TGuDxpGn4brZ1ZGi7xaSI1jPF7V8MR0=":{"valueMac":{"type":"Buffer","data":"O/BkMqE4+1SWxZAOdzoslv5x3cSxbFUA/Pi/mHS0cCo="}},"lbR0BHMEVvKO/kBjLScHgOF7jbTjlfedgliAOBrnd3o=":{"valueMac":{"type":"Buffer","data":"xbxJYGxCHdxkkFqM8QiDxOHN5YHoUInqqWD7jEODSyM="}},"MasNW77ARLaGqWBtCKJqJ8zP06caShZ3YRF0XbrN6Q0=":{"valueMac":{"type":"Buffer","data":"hHjD950b/cMq0dbvAZ/3D6IPqisFy0hlEH4HCsXb3pg="}},"isUKQp+eE3zlLF3yBths8R8HUgi5fuhnCUu5up0/K7I=":{"valueMac":{"type":"Buffer","data":"WFqxzIpEcbzxt72z/JSxOfC1Gt75mS4D1P+r7WHoaC4="}},"/r5KYjMF4Ja0XgWSVHIMplfgYUP9s+Vae3dx8F/Jvvk=":{"valueMac":{"type":"Buffer","data":"UiLjp6Lv68Jls/rpxgJm+xmK/UVUCAvUVCSKXRdR7hs="}},"w2UZoGvBNj5KzBnF9tB3wN0ZWiU0rSDEnsJefBZ9reM=":{"valueMac":{"type":"Buffer","data":"XmMj/nN2p6cLeyPVSj6OWHAKLa7/VX27UUxzvxN8J+E="}},"exsJNsTCgOQZ1hL44VdsJsYexvz/3vyDDdCtgcHaF+E=":{"valueMac":{"type":"Buffer","data":"ZyVt5sLVcgEs87pdKN+yTNzRIqij1KZE8nn+LZso/kA="}},"DkHf2m9dVdnYZ+L4nL2GYlgoQiWHRk6feOFyr7GGGt4=":{"valueMac":{"type":"Buffer","data":"7YyrXfDRKa8jhoeahG7RlsnHlRDShvgbTT1ZKOFRPWo="}},"dO0XCZ3EOZTqSCAx8mtdh/WG5BSt/svX5SfbrPu5E9A=":{"valueMac":{"type":"Buffer","data":"/I3rWe8zhz9uodyzFn32JP1XL6hmV9qC5BvRJUXzsIo="}},"33/e4jKkOZ+t7fNjEzHqvkEFlHWt3+rAcwXzmZkkI4M=":{"valueMac":{"type":"Buffer","data":"t/pgejNG0KL0suT8VVtdby7i5gqOm95hqWofZ9qQX/A="}},"eJOBbadI9iykT78KMET6X0vhoQt4febcpSOAOHxw+mw=":{"valueMac":{"type":"Buffer","data":"rdK10XuJnyOQfSKtCfA/NTBTUz8T0bKk/hPNRpwtgf0="}},"o0Hv5z1GLxKrYaiAvkfRDwGIT4JfjgSAoPRWpIY/o6E=":{"valueMac":{"type":"Buffer","data":"kZjb5QIG4jGX4FYaDDslkrxybjNa53gad2Qys5DiusI="}},"r2DpY7ATx4iUVNpnIm731/4Bz3zG9iuDebH9nbxbPO4=":{"valueMac":{"type":"Buffer","data":"XCgYYaoHQKHigxZcjw972YjldRRAqcEPBBVtlN3O+Mc="}},"ISdH83LVKFJX84ZbaAG4R9yC7ATW2bOL5peeSXMlKyU=":{"valueMac":{"type":"Buffer","data":"4XlsJ1R+S8/xPn62lR9PQq8paDAG2o/7E6HEMEGFrl4="}},"pYuUp6h2aT3QNLAYfBuBCMpsfcOolvvSWxgpzglsqFE=":{"valueMac":{"type":"Buffer","data":"ecVCdR4b1nInVBJ3h71Pz0/ThLnYm3HCnpCatkWHvBY="}},"lP3PsTmBHD+nqgcJKA4h3TihtPFVjHZvRcItP6CSPlM=":{"valueMac":{"type":"Buffer","data":"gW2y2VtM9FDOImxHX+pwt8jdQnvF2G5sYD6xPRDfYyQ="}},"oJgOLw95okEJNvHl6BalJgG/YRfEWPN66QS12K64syI=":{"valueMac":{"type":"Buffer","data":"p4A3C9hPNhKkR5+mR/QHKENb5RQrrG93fgznlY6wtag="}},"RYdsFg0LCr+uLCTr8zrVw+ohe2p/FWYNqCom1HwTHV0=":{"valueMac":{"type":"Buffer","data":"JYMP5RsHtyE9cRAhjuIRhLL881EGXZdJKqF7fZmJWps="}},"ZacwPf1siXGoYZJSfhcnjaR/aoOYvIgBNHO8Bzcpz0k=":{"valueMac":{"type":"Buffer","data":"MXJk9DqvGVrY+fwEGYnM0wSnkcgk1xZXaTnqNDpiF0s="}},"8bgJHDPWWwoRR9+V7aSs2PLm8qnE3TplqhV+Q37ryow=":{"valueMac":{"type":"Buffer","data":"lgvnqk5wOLiL7lAT4Pi8LnaRtYa5laExDSeC0Aw8H10="}},"jPdHF2ysQ51m3gM1cqBa0W5jJe9KRg0IHOI5UC9NLuI=":{"valueMac":{"type":"Buffer","data":"+DYOwkqV4uFk27K5P6VSJKrcDTNTTia7YFZDB0j3eq4="}},"sPkpbuIpSfTIjN8weDKvGKaKXBgVdoKLcC6niDiawms=":{"valueMac":{"type":"Buffer","data":"inGuT9CeuRWs4ogD0+FshFf/P9NnLyjrE5+5hD8vAV0="}},"00o6Xx+aiCUddoyJ7XAxyoWrEI2xttExPi8fDx7LWJo=":{"valueMac":{"type":"Buffer","data":"o88nglldBWHHxxfC//2gK2yZ3+OIJMC055bpPQrre7w="}},"QG7AwWch/4sRfkYSvwq3GoxhkyoHD1rH3/7df/5G5n8=":{"valueMac":{"type":"Buffer","data":"HfXBJtM7tt8jpQeBSF661gEm74R2Mo3snX8GS0Qg1jc="}},"nEgdbk6bmcSNzrVw8iREQWY+hoW3mAgwqRDL6teRni8=":{"valueMac":{"type":"Buffer","data":"ETs1rT09/va2nDaLePTlr2Im8e6os+WhQ/KMNRggGoU="}},"7jRCA+4mAKI0A6ydCKYLd2W78FG/sBmbavm7f9F1tWQ=":{"valueMac":{"type":"Buffer","data":"P1e75ZH+ZkzhMiLlvyhjdHoJxRCEfa7f/bia2hFzb3Q="}},"pgM33HnhSCQVji4DwHI9G8K2MvXA1mD8p8Su0YNQzSg=":{"valueMac":{"type":"Buffer","data":"vVoe5l3Wbb55MTh1/vdsxVB29t65wL1kuWegFZuTZCE="}},"IsNoSOAJM3wwrzVx69C0aXGuDru9VKtT8mCIcpv8/cM=":{"valueMac":{"type":"Buffer","data":"7TC9eAI7ApUQAKeoMfBG+noD1QIkU/dG9kV4qKOY+Ho="}},"7JyAYED8pvPqrMlgnLq5vrcOzK+CtjahPaoSG1bh/Vo=":{"valueMac":{"type":"Buffer","data":"U7Km2sFw+66NY401mtcxTXErBP5PNVrQmRE3YlAhriw="}},"wCE9z7kxqHNlcA1IsPpyEKwQaH3/oIhs9ODhRNrlT+c=":{"valueMac":{"type":"Buffer","data":"T4Y0LhNP2/OFVjHhwnZAuCTWWajTGTP5yW3Xxz2TWBQ="}},"pJk/g6Y6bD02r+l/lyi0FOl/7/jXVZmAhkMIloPWtTo=":{"valueMac":{"type":"Buffer","data":"nX9/OzrJCMRtKxdgCYhRd6qOYyC+QNTrRuqUws/4lrY="}},"625Uw7Tusm0udaCTbSH11JP0fM7fYvmGZwKf/vF0Auo=":{"valueMac":{"type":"Buffer","data":"/V0xsRTLe5cjDohoUViVhSOLKUkssg+V+FFImLNwGMM="}},"5Y79WikLTEW5yil5b0zppF9L4H2p7tOpjKtFJR9yAsg=":{"valueMac":{"type":"Buffer","data":"SNlU9r7X7wSAOhSy0+nx0VvAt9bvEopSmU9n9S/z8n4="}},"loSiETAk5anZ/0cog5v2PCb3ZVS3ocS6RY9soVkHsmk=":{"valueMac":{"type":"Buffer","data":"MmLiZ+7aL9r0uNTPsspf7pcR3KkyAlTa+OrcFjvOVj4="}}}}