{"version":1,"hash":{"type":"Buffer","data":"ttqC38UG9aaXPW3hx3WWsr/t/tWiG8nznkV3GAtw1dCZvruPOYwAZG7V/taIAuoOj5Da/TqnP4rUtWVEaTngnenV4s34zgvRZ70+wssDuKWLQhBJqcJOcjmhXpNbletPgbeZWXkxJU1cOKJi7G8B3D1CXC6OBWsddYMRhwJlbMI="},"indexValueMap":{"+7gYUjj4fJffBsr9pqP9lhOWDmEUr1Q8AiQ5L5JaFNg=":{"valueMac":{"type":"Buffer","data":"P4Ck3Can5YjgyZCmW1+wWgkRA+yWOa117s7wOLtzIIA="}},"WNN18YMTcH0Q+HwUn39MUja4LDGgzr2ACvgNzGZXcfE=":{"valueMac":{"type":"Buffer","data":"eEZUIkyI3kbHICllu9mwB4uo0XWLVRbvBIY9KUV34xY="}},"HdI/GWv19iTLxMIGnEIQ4IUVgU84B3xR1E0ljIvhTQA=":{"valueMac":{"type":"Buffer","data":"D/bX/ktLeyysiNTcV46llab4ktdbzvW9j9D2+5JOpy4="}},"cSqq9MHm6o/2KkPfbnJLa5/I9GewBlop5QTWrVkBZeo=":{"valueMac":{"type":"Buffer","data":"ynkrqjPdEp69IYtuSlSJcsUtEFUEHO0cdZuejZZtcbM="}},"gtVqD8Waniic6emt2ZTE2JBNRx86yneQIZlyX0E5ges=":{"valueMac":{"type":"Buffer","data":"duNvBIJfatTlO/GdmRVIgY1XbslawX2Dp120K5FNx/Y="}},"zpRtCk+4MQISRaU9wLK1EiJrLEmpo9A9We9z3vhUWWk=":{"valueMac":{"type":"Buffer","data":"Is1ZrxQGHRld9XEzjnXYlSbv+n2srQANPutxCCumJTk="}},"IfqsdDkVen7YX8bkw8Kh3gn03nwRyWdyyjf6/D0j6b4=":{"valueMac":{"type":"Buffer","data":"5LlDLndyZlUob3OakU2rh5jbk08Lr24WWTG5I9LIHaw="}},"2Y2Ofxq22aj0mkiXO1pjTW0xSCT0TJWQoRy2NRUTtVo=":{"valueMac":{"type":"Buffer","data":"GVWVi5I4yH8v6jJ4meSvo5iFsZttH6hdkcuiZFhnYug="}},"P7KCH6aY06/IKbUGul80O79WeTkaUKNCHf1tspHiFO4=":{"valueMac":{"type":"Buffer","data":"wZ3d8G/Mizi+LNbLUCkStoZdHX6H0l0gxXoN7FCiFCA="}},"3jv2ULg1qiJAzunY/DiFVwpUSbxpyveC8zunxey8EWc=":{"valueMac":{"type":"Buffer","data":"A9k8qDaRQIeBbN3U4bS6ZIZs0tYKEyVOwbVPv01B/SM="}},"RI0hL+LxAw4ZjZRIbolXSXzWmKJCRJ7peYWu6AIxL34=":{"valueMac":{"type":"Buffer","data":"PukoqzHpFW5Copm4SzhWAPFLzZfKuiAt/zFD8VFXWZs="}},"qNdjI/Hbyk7lQeGL3wQQcoMiXMB5iRT+E8RcaC+JJvg=":{"valueMac":{"type":"Buffer","data":"7vUTi98FP2zl3whej2hJHXusNyhMIVS2wji3Amxxu+I="}},"ggppdG6FE1OeAkzNUpgGsPxGR/mE8pXXIYRIyr6hgCI=":{"valueMac":{"type":"Buffer","data":"Cqnm77irxw99mB1I3uu99U+RoqXEHddOvLtGjozY8I0="}},"t6NUXJYODRcHJL09ZfxzHfyBT9WjGbDVv6n+ly+COF4=":{"valueMac":{"type":"Buffer","data":"DpKRhAEj2x/7f4XcFDCSKzN6xXNF1oecX9SPK4lOZkc="}},"g0SXqbPPjU87DRehSuoSxEqudTNQnk3nDpkcLxNEUGk=":{"valueMac":{"type":"Buffer","data":"FQ+HBIyt5vZnBHwEwGE4uIrfEQPIMgvEij2f1dv/7iQ="}},"T/EIiOx2CVXo1T+vgLAfhoRqENAVfuP8qsivkT7K9YA=":{"valueMac":{"type":"Buffer","data":"b6lPQbW9djWKieEb301WhLyC9Meix+VLR1prsuoBapw="}}}}