{"noiseKey":{"private":{"type":"Buffer","data":"wOxtxIoEp6ZoPWJXTHtoGdan+pHflGDljrPFCrIBvWs="},"public":{"type":"Buffer","data":"f2eAiffbXJxC0qzEIuupkerFljWTEce8ZFqfU1DtMR8="}},"pairingEphemeralKeyPair":{"private":{"type":"Buffer","data":"QMmQgK7PNu1g7MDLGpLXqg68kSWZl/Icm9fwDmDavGs="},"public":{"type":"Buffer","data":"m7TGabh5jwasBfwbtoJo0dStGFzneXRCW3xB4wnq2Q4="}},"signedIdentityKey":{"private":{"type":"Buffer","data":"QC6EnWiYWxvJq3FE/JA+IzHTFTwp06uRWbEQzDm9HlU="},"public":{"type":"Buffer","data":"6uxZ21Lp9tdQddibyDxQKZsTt1AVQSpEF7Oc1vH30w0="}},"signedPreKey":{"keyPair":{"private":{"type":"Buffer","data":"+HSyDNmTWlhxA6NFsmbd5ixF0u+OUBE1oF6IH9+m200="},"public":{"type":"Buffer","data":"Ga9H18+ZmYxqwNUrdrr8f/7I1t3KcGljTRydoMp/Qk8="}},"signature":{"type":"Buffer","data":"Wg8WeW03k47KHAwYwKgcV40nHQ6Yiw8fn8DGLyUUj8t0NY9x8n7womEk4J0UZ+HHFgQ/Rdqm9vw4dhUYIR+rCg=="},"keyId":1},"registrationId":39,"advSecretKey":"F1zqcAETfb0Yax8Hnus8TSmkOLcZowY4/G7oE6Kr/ik=","processedHistoryMessages":[{"key":{"remoteJid":"237696814391@s.whatsapp.net","fromMe":true,"id":"95FC810EDD6E81F10394811D281BFE86"},"messageTimestamp":1755758781},{"key":{"remoteJid":"237696814391@s.whatsapp.net","fromMe":true,"id":"CFC918B7E42085A79E3B614BBB5AD12B"},"messageTimestamp":1755758812},{"key":{"remoteJid":"237696814391@s.whatsapp.net","fromMe":true,"id":"E02EB86A88457B80B5E366AE0E952471"},"messageTimestamp":1755758871},{"key":{"remoteJid":"237696814391@s.whatsapp.net","fromMe":true,"id":"B15808A7A650849F3B5C679AB6D3D3D8"},"messageTimestamp":1755758935}],"nextPreKeyId":32,"firstUnuploadedPreKeyId":32,"accountSyncCounter":2,"accountSettings":{"unarchiveChats":false},"registered":false,"account":{"details":"CL682oYEEPaAm8UGGAEgACgA","accountSignatureKey":"sN2+tVOSakMjedjqq3xn5injZ4H4mOxz1vD6dsGqfnU=","accountSignature":"oLpOpjI6IVj94NLBZlK+2Jqp9NHyn1k0sfC08V+Y+OnjLuRS0q+UBefB3vJTKhMK8WOqyQV8mllCLlGeLvq4AA==","deviceSignature":"eLgCuQJbC/jwR13G5Z7SBiSuAMfT7VA6dPIXc9y70gZtj07taUEavpt0aeeIhNSLGLD/UsOQVljGV3t/EsHkCA=="},"me":{"id":"237696814391:15@s.whatsapp.net","lid":"250865332039895:15@lid","name":"PsYch0#96"},"signalIdentities":[{"identifier":{"name":"237696814391:15@s.whatsapp.net","deviceId":0},"identifierKey":{"type":"Buffer","data":"BbDdvrVTkmpDI3nY6qt8Z+Yp42eB+Jjsc9bw+nbBqn51"}}],"platform":"android","routingInfo":{"type":"Buffer","data":"CAsICQ=="},"lastAccountSyncTimestamp":1755758718,"lastPropHash":"3gPUJk","myAppStateKeyId":"AAAAALIz"}