{"_sessions":{"BcwJQeqtOGR/KDsvNzynG19q4ScXAT1mfr53RBbdsmwU":{"registrationId":180102803,"currentRatchet":{"ephemeralKeyPair":{"pubKey":"BcngqoCGatj8tPnNPnHuYZO3MDy9BRD50zSaa4DiMZo9","privKey":"AK5hj9FYhmcPV+X84rr10M3qgx12mpV6kMZB4aLVjkI="},"lastRemoteEphemeralKey":"BUqYne8LyhdhJRtAX75LL8J3Q9sJKJyqGQg/DwtzSbcY","previousCounter":0,"rootKey":"mrf7ZLoK3lFx9Kn0LGk7xEZ7YviBO6zDKIpx8Ldov5g="},"indexInfo":{"baseKey":"BcwJQeqtOGR/KDsvNzynG19q4ScXAT1mfr53RBbdsmwU","baseKeyType":1,"closed":-1,"used":1755758930672,"created":1755758930672,"remoteIdentityKey":"BeKbmYcW55CBu4MvI2y0QE/VfatH8o14Qw18DY9mePsV"},"_chains":{"BcngqoCGatj8tPnNPnHuYZO3MDy9BRD50zSaa4DiMZo9":{"chainKey":{"counter":0,"key":"rCbVZQM0kPr41uomIhihEZuvTqL8oF7Fd/T7khvSts8="},"chainType":1,"messageKeys":{}}},"pendingPreKey":{"signedKeyId":1,"baseKey":"BcwJQeqtOGR/KDsvNzynG19q4ScXAT1mfr53RBbdsmwU","preKeyId":4429868}}},"version":"v1"}