{"_sessions":{"BSTA4SKP8JRjyk1Voi+YyUPzQOzFu87U200JXMo8d3xP":{"registrationId":447929365,"currentRatchet":{"ephemeralKeyPair":{"pubKey":"Bee0FKOm4fpKAM9+6xoM1TEcr9kQgFPpm/nQxaEBRHc8","privKey":"2FaQjNoD2r14gNuI40MYE+RxfADRyVcOnp2+xrWXuU4="},"lastRemoteEphemeralKey":"BQyBwszls/cJBXwf3XNv8fbkgxKjfz8TqlWU1KEgGc1D","previousCounter":0,"rootKey":"cVea6G4ebQZ4TrM/1msdfOfE3GDcOYTkH7RRoKRVyvM="},"indexInfo":{"baseKey":"BSTA4SKP8JRjyk1Voi+YyUPzQOzFu87U200JXMo8d3xP","baseKeyType":1,"closed":-1,"used":1755758928881,"created":1755758928881,"remoteIdentityKey":"Bdhs3GMlgsg7TGPUsEn4BAPSDd2LJwVU/AASZeGj2EsM"},"_chains":{"Bee0FKOm4fpKAM9+6xoM1TEcr9kQgFPpm/nQxaEBRHc8":{"chainKey":{"counter":0,"key":"kJaiDdjT1+qhhl/NCq2q25dkV5CTWCJ0M/L0B74fRMg="},"chainType":1,"messageKeys":{}}},"pendingPreKey":{"signedKeyId":4,"baseKey":"BSTA4SKP8JRjyk1Voi+YyUPzQOzFu87U200JXMo8d3xP","preKeyId":10101246}}},"version":"v1"}