{"_sessions":{"BaZnzxCPWtE3rpoHuCUNMC7XDYF8+jDg97MlhXPMUOgY":{"registrationId":1568437904,"currentRatchet":{"ephemeralKeyPair":{"pubKey":"BVDYO7O7I+TqQ/gI6H1aHKjy00YxDlD8gVw6+3TcAQMx","privKey":"SAp36jx8KenHYGFAicGe2Tz7GlKp2EEn/s9IT649qkE="},"lastRemoteEphemeralKey":"BcCNYXTuDytyt8mJ94oOWp4hAk9XH5V83V6IqTyFRNQL","previousCounter":0,"rootKey":"Wioa2S2ZXU6yCo6uPsfoEkY7Og1En4DFCOkxpY3gQl4="},"indexInfo":{"baseKey":"BaZnzxCPWtE3rpoHuCUNMC7XDYF8+jDg97MlhXPMUOgY","baseKeyType":1,"closed":-1,"used":1755758930906,"created":1755758930906,"remoteIdentityKey":"BcMPZGDU/4Fj/6FavJe58tD/tUWtnV9iu2qeqrl60cce"},"_chains":{"BVDYO7O7I+TqQ/gI6H1aHKjy00YxDlD8gVw6+3TcAQMx":{"chainKey":{"counter":0,"key":"HevoffQYlyHfCC2y66r6LV1gCd/JsUVeKKRWUJbCKkg="},"chainType":1,"messageKeys":{}}},"pendingPreKey":{"signedKeyId":13,"baseKey":"BaZnzxCPWtE3rpoHuCUNMC7XDYF8+jDg97MlhXPMUOgY","preKeyId":13168476}}},"version":"v1"}