{"_sessions":{"BccVLOyGp2k73+n0hEKbphtr8V7AuqL+wHKpZBI/kXRV":{"registrationId":2063066347,"currentRatchet":{"ephemeralKeyPair":{"pubKey":"BQHygNHTsFPhPTwPZPBOXZ5GbUzbpBC1FyJoyT+gBt1g","privKey":"+A/MTKEX77cuTrnfUIu0bJQkhWfaSsT7k8LjsDSyaF8="},"lastRemoteEphemeralKey":"Be9GguQhVUZoGgF1JrO8i1u7G8omfTrolp/kmbJdNmZe","previousCounter":0,"rootKey":"6uS3A17K/SXoAK8kl1oGAHW7IidBmdowWs2inIl7j2o="},"indexInfo":{"baseKey":"BccVLOyGp2k73+n0hEKbphtr8V7AuqL+wHKpZBI/kXRV","baseKeyType":1,"closed":-1,"used":1755758930850,"created":1755758930850,"remoteIdentityKey":"BRsN+0RbwMrGEjAYJr+LFwK9iqBEHR3eEOMooUiKuioM"},"_chains":{"BQHygNHTsFPhPTwPZPBOXZ5GbUzbpBC1FyJoyT+gBt1g":{"chainKey":{"counter":0,"key":"RvnTl+AvYeYVn/tTMQ6KmeZvBcYLOAAaTNASrS0hswI="},"chainType":1,"messageKeys":{}}},"pendingPreKey":{"signedKeyId":11385614,"baseKey":"BccVLOyGp2k73+n0hEKbphtr8V7AuqL+wHKpZBI/kXRV","preKeyId":21916}}},"version":"v1"}