{"_sessions":{"BdWNEwnv9VDdvY/SiHp6PZDi4MOpj4Amb2dXp4lXT+kG":{"registrationId":1348743928,"currentRatchet":{"ephemeralKeyPair":{"pubKey":"BaMxfcfuvUvb7Yduw8YapNe3hCk+0djgzDkq32u3EWt9","privKey":"GODw/hHwo9ss9EL28jD1XveZRPrn5QnjkudDntfZoG4="},"lastRemoteEphemeralKey":"BZ+aIPGHd/7phKgrt7ij4wzHQIUY2GXzx5nTiarfsEJG","previousCounter":0,"rootKey":"mDs8Dg4bbTqBrK9BszTNWxqnzOgn3cWf2zV0EBjmMVk="},"indexInfo":{"baseKey":"BdWNEwnv9VDdvY/SiHp6PZDi4MOpj4Amb2dXp4lXT+kG","baseKeyType":1,"closed":-1,"used":1755758929041,"created":1755758929041,"remoteIdentityKey":"BRar7Muc+jruFa/uv6Ch/FWxll9ExxEmrCFXfXSLT10X"},"_chains":{"BaMxfcfuvUvb7Yduw8YapNe3hCk+0djgzDkq32u3EWt9":{"chainKey":{"counter":0,"key":"o9PVqm5flzMAL0aXyem6dUh9jTkm4gBGMSjhLX2t0n0="},"chainType":1,"messageKeys":{}}},"pendingPreKey":{"signedKeyId":1615373,"baseKey":"BdWNEwnv9VDdvY/SiHp6PZDi4MOpj4Amb2dXp4lXT+kG","preKeyId":7370}}},"version":"v1"}