{"_sessions":{"BR4qYj+2qJmkdHQki1dSNd+PLzsvEJLXiMkESl6v3hJL":{"registrationId":568588627,"currentRatchet":{"ephemeralKeyPair":{"pubKey":"BQlKq3prwnCXFwvaYiyw87AxJCk7ek+24GM54Mb8+Jlz","privKey":"IFHsNDkisqxiukAYdE6rcLxOF1KTZ2EMl0BKR90BEHc="},"lastRemoteEphemeralKey":"BbavY+88IzWM8eXpnSJmo5HErFxAky90YYmOVWAAetMa","previousCounter":0,"rootKey":"rH3RMEbMscUh9WIJ9Ev47WVC90fc62HEgUKFU+McAbc="},"indexInfo":{"baseKey":"BR4qYj+2qJmkdHQki1dSNd+PLzsvEJLXiMkESl6v3hJL","baseKeyType":1,"closed":-1,"used":1755758930839,"created":1755758930839,"remoteIdentityKey":"BbeYVgp2A3KtkMS2j53tJOWcX+pUym+jmSas5MRXws9H"},"_chains":{"BQlKq3prwnCXFwvaYiyw87AxJCk7ek+24GM54Mb8+Jlz":{"chainKey":{"counter":0,"key":"BoM/QHaZRcnRmLAiHbYRlTwgfPi21xzM63WdN6OA1W8="},"chainType":1,"messageKeys":{}}},"pendingPreKey":{"signedKeyId":8817723,"baseKey":"BR4qYj+2qJmkdHQki1dSNd+PLzsvEJLXiMkESl6v3hJL","preKeyId":11257}}},"version":"v1"}