{"_sessions":{"BWSxfV0cOrFQNKsJkTQIhGuTgeOHLwWv3ZuA9Sv+DYQS":{"registrationId":715454282,"currentRatchet":{"ephemeralKeyPair":{"pubKey":"BZcF2LXLuQL72jDmES4kjp19z+OjrCDER4GuthXE2vdW","privKey":"SNlJzS+qil8CuEEWj9d8FxzxHHD0IDmB4aCP6XkQYE0="},"lastRemoteEphemeralKey":"BYjVErtsekJhVr3Gt+CgwcYWjOyZrCXcI7GzsAPdWtE/","previousCounter":0,"rootKey":"qEfBim19CdynWsmzoTcHj2AXt2pIfNvmzzco0cCSz6k="},"indexInfo":{"baseKey":"BWSxfV0cOrFQNKsJkTQIhGuTgeOHLwWv3ZuA9Sv+DYQS","baseKeyType":1,"closed":-1,"used":1755758930246,"created":1755758930246,"remoteIdentityKey":"BZeyZD/2pcKpzY8oRF74oYSIlhmQ4VyBvMRrlHjUoBAV"},"_chains":{"BZcF2LXLuQL72jDmES4kjp19z+OjrCDER4GuthXE2vdW":{"chainKey":{"counter":0,"key":"11PJh24b2V5XZgoAFvxUeXCDHb5ZUAuJoR3iZY4VdWg="},"chainType":1,"messageKeys":{}}},"pendingPreKey":{"signedKeyId":5019988,"baseKey":"BWSxfV0cOrFQNKsJkTQIhGuTgeOHLwWv3ZuA9Sv+DYQS","preKeyId":22184}}},"version":"v1"}