{"_sessions":{"BSUmim2DQbq1eH2PRf/HwP5dbnz1pA1GHt3Ro4mQLGRw":{"registrationId":514693956,"currentRatchet":{"ephemeralKeyPair":{"pubKey":"Baz0//QMhlPwY0KoKJ+Rto04h6YOVvmGA65uoMP1Mz0m","privKey":"wHYVrth5JpD7XyV1rWLDMfsovxy2II89miimf5Q5nFo="},"lastRemoteEphemeralKey":"BXFxhrYCopZkXv1VvdGo6JMWwTKM/L7tgQbfaZKSqeQY","previousCounter":0,"rootKey":"gnE9GEaumJmbzd6ODqhuG5j+KDr/xpd21nzszjU7uss="},"indexInfo":{"baseKey":"BSUmim2DQbq1eH2PRf/HwP5dbnz1pA1GHt3Ro4mQLGRw","baseKeyType":1,"closed":-1,"used":1755758930276,"created":1755758930276,"remoteIdentityKey":"Bfy5SKlYrbrCDRwyQilig3H0HsyQ/cNaqw59CGnKFI5D"},"_chains":{"Baz0//QMhlPwY0KoKJ+Rto04h6YOVvmGA65uoMP1Mz0m":{"chainKey":{"counter":0,"key":"1XlpcNBROXV/Op/LpK7mwPL/g58q93EQCmr6TkdKB3Q="},"chainType":1,"messageKeys":{}}},"pendingPreKey":{"signedKeyId":9774679,"baseKey":"BSUmim2DQbq1eH2PRf/HwP5dbnz1pA1GHt3Ro4mQLGRw","preKeyId":9436}}},"version":"v1"}