{"_sessions":{"BfgumWuX+Vcl4fvrkFrumKbdmTbtYhscC1XncpoLIN1+":{"registrationId":706291569,"currentRatchet":{"ephemeralKeyPair":{"pubKey":"BZuCKqo6sfr4YZ2ZFsx6OCNwZ0ati+NxDh8D3XlDDYl3","privKey":"CJcruhQQ4W066mgLtfXOf0QP5v46LDDxYSbDB3BSk2w="},"lastRemoteEphemeralKey":"BcB9T+CUKqwytrZQMUE+1z6/pR886YJYjF+g6DFtmdFe","previousCounter":0,"rootKey":"XXhhn7tYstGWEEDXrX8SDOeGhn5XAKwnmshMy4a7Wnk="},"indexInfo":{"baseKey":"BfgumWuX+Vcl4fvrkFrumKbdmTbtYhscC1XncpoLIN1+","baseKeyType":1,"closed":-1,"used":1755758930297,"created":1755758930297,"remoteIdentityKey":"BaEasL+37B3F9/YWW3Xel9FFPTNbDYNNHDhmhjovyTVH"},"_chains":{"BZuCKqo6sfr4YZ2ZFsx6OCNwZ0ati+NxDh8D3XlDDYl3":{"chainKey":{"counter":0,"key":"/UlA2EOWuoyW7E3RY6hjwxEfeVOaENi/0gZXRRpvRAs="},"chainType":1,"messageKeys":{}}},"pendingPreKey":{"signedKeyId":11,"baseKey":"BfgumWuX+Vcl4fvrkFrumKbdmTbtYhscC1XncpoLIN1+","preKeyId":11906712}}},"version":"v1"}