{"_sessions":{"BYI5MoWFHKZAofd3tXeBUJI0delAYwOVVWLwQ4ZG82ZC":{"registrationId":1963142894,"currentRatchet":{"ephemeralKeyPair":{"pubKey":"BXZ9ioDREKLequlUJBSVLGBQANp+YKoiN+qxP4OjqOJp","privKey":"qMNjYlJK9aWk9IgReO6+0yTbtPwb7WrlRJU+0DNKT3c="},"lastRemoteEphemeralKey":"BYitq6fuFCpGpxujlcFPRRpAKhQRNvff9HFBFDsSPUUv","previousCounter":0,"rootKey":"GSJ3IovKFnBNfD7SyLjgQWZbQiCzQCac6EUWqQqnZh8="},"indexInfo":{"baseKey":"BYI5MoWFHKZAofd3tXeBUJI0delAYwOVVWLwQ4ZG82ZC","baseKeyType":1,"closed":-1,"used":1755758929940,"created":1755758929940,"remoteIdentityKey":"BYxV64P1qABM7vGmPlp0rGrhvlEQRshsDkBaaihXQj9z"},"_chains":{"BXZ9ioDREKLequlUJBSVLGBQANp+YKoiN+qxP4OjqOJp":{"chainKey":{"counter":0,"key":"1GgsGJw+y1fIW0at2Y3riaspLBHlxpF7vCX3VFR0gP8="},"chainType":1,"messageKeys":{}}},"pendingPreKey":{"signedKeyId":11,"baseKey":"BYI5MoWFHKZAofd3tXeBUJI0delAYwOVVWLwQ4ZG82ZC","preKeyId":4415562}}},"version":"v1"}