{"_sessions":{"BYkZ3W9FYoRlPjnQaPSG4nfKo3brsVsx62PrICGRGgti":{"registrationId":221074119,"currentRatchet":{"ephemeralKeyPair":{"pubKey":"BSO7843y/TnpvabokC37+imlSLzZ6odxnATEjMGdI8xK","privKey":"SIAcDis1YfErUncgKZpvUE4DVLU+bqKExOV7vtHK3HE="},"lastRemoteEphemeralKey":"BQUPr9RNS/2aEXq5mVm5tQMWvh0GlsevACbJpZp1IwZr","previousCounter":0,"rootKey":"2OM1yfuysYXNWL3zoCuZsL8sHvt3cyCVWeQhxV3gIwE="},"indexInfo":{"baseKey":"BYkZ3W9FYoRlPjnQaPSG4nfKo3brsVsx62PrICGRGgti","baseKeyType":1,"closed":-1,"used":1755758928892,"created":1755758928892,"remoteIdentityKey":"Be8hD9U7x6fVAjvEIw44d1H+9Oid+GwCaen5B94azphG"},"_chains":{"BSO7843y/TnpvabokC37+imlSLzZ6odxnATEjMGdI8xK":{"chainKey":{"counter":0,"key":"ToxYFf3m5f1q3nIPnA+aPVSd9m7prrks+ipf2pnt/8c="},"chainType":1,"messageKeys":{}}},"pendingPreKey":{"signedKeyId":2,"baseKey":"BYkZ3W9FYoRlPjnQaPSG4nfKo3brsVsx62PrICGRGgti","preKeyId":5632103}}},"version":"v1"}