{"_sessions":{"BbuVrjM9NqUht6DGXgnXI8/FYVklmUulSrDk2CrOXH1O":{"registrationId":650626315,"currentRatchet":{"ephemeralKeyPair":{"pubKey":"BTfnEs2UQNQoqPqRsX2f+ifPuDWpc0qFP007e64gClxv","privKey":"kIxoitnhOtaJ06emrf9FNuzy8WBUL2Lqkoq5HzRkiGw="},"lastRemoteEphemeralKey":"BaljzXpkN/T7f+mUGdJFSdOKFTGvMqec3xaWp81ctUMf","previousCounter":0,"rootKey":"UyXLiTjFaKXdxWtcoHF3PvvrqPJx4smDdvs0cXlr3zI="},"indexInfo":{"baseKey":"BbuVrjM9NqUht6DGXgnXI8/FYVklmUulSrDk2CrOXH1O","baseKeyType":1,"closed":-1,"used":1755758929252,"created":1755758929252,"remoteIdentityKey":"BZj1CzZ77Cv0G1S+ae/F9U1JetE76xTmEbiaKDIIu90+"},"_chains":{"BTfnEs2UQNQoqPqRsX2f+ifPuDWpc0qFP007e64gClxv":{"chainKey":{"counter":0,"key":"NIuGJLSGY2J3HrYw7wIluUZkE+UNbMpqgwXEMQnXk4Q="},"chainType":1,"messageKeys":{}}},"pendingPreKey":{"signedKeyId":3,"baseKey":"BbuVrjM9NqUht6DGXgnXI8/FYVklmUulSrDk2CrOXH1O","preKeyId":705786}}},"version":"v1"}