{"_sessions":{"BQeSOXtgrswv3nTsqXVa3s7pc2JxjlHyTpe9O2+VKKc0":{"registrationId":648049620,"currentRatchet":{"ephemeralKeyPair":{"pubKey":"BXdyjZSamywiwhcPOg079ZK2v2pLjb43XRGZZBbrEv4G","privKey":"8EQFRCbjF5zde6i/Ym27/BNpj8knopQyXr36bv9dYHM="},"lastRemoteEphemeralKey":"BV9fGSxVTXqmDtqvv3W2jlyEFcToj06CRNVmPCjYtU02","previousCounter":0,"rootKey":"4atB5droewGMsCp2o73V0P13DV5O0YWKdve+lzgpquM="},"indexInfo":{"baseKey":"BQeSOXtgrswv3nTsqXVa3s7pc2JxjlHyTpe9O2+VKKc0","baseKeyType":1,"closed":-1,"used":1755758929611,"created":1755758929611,"remoteIdentityKey":"BbLj9MxTVSPuE2bYf5l6D1Pdk5gvgXcsxfIArBJWxF06"},"_chains":{"BXdyjZSamywiwhcPOg079ZK2v2pLjb43XRGZZBbrEv4G":{"chainKey":{"counter":0,"key":"ZRWNFfj5Hg0QEOMCsO9ubuSrXLsPQN/sv+Y/MhHwtro="},"chainType":1,"messageKeys":{}}},"pendingPreKey":{"signedKeyId":1,"baseKey":"BQeSOXtgrswv3nTsqXVa3s7pc2JxjlHyTpe9O2+VKKc0","preKeyId":4004744}}},"version":"v1"}