{"_sessions":{"BUV/9llFiPKz5oUkDAkuojYuw2x0nDYiIkqPIKR3kbRU":{"registrationId":1220856152,"currentRatchet":{"ephemeralKeyPair":{"pubKey":"BY0EdZhKOvaKSVO+U7tZ7MOyx82PfAzIdWX7iGOEK2w0","privKey":"yA1cSZWuhx+ZuxWer/CUWeuW5Is+MKI2Qxchpw0ZG2E="},"lastRemoteEphemeralKey":"BfpvhUysNEt4v9hssHh2wjuzNDw6MB1MYCUJX8G1wLQj","previousCounter":0,"rootKey":"s0HxDOJYWc1s8ApIPiUQDepj+GlIq735Qq5yZ1H5+QM="},"indexInfo":{"baseKey":"BUV/9llFiPKz5oUkDAkuojYuw2x0nDYiIkqPIKR3kbRU","baseKeyType":1,"closed":-1,"used":1755758929063,"created":1755758929063,"remoteIdentityKey":"BcKB5XxHWlKT+IMIJ86I0PAjuPRdUy5ylmEP900V7nBc"},"_chains":{"BY0EdZhKOvaKSVO+U7tZ7MOyx82PfAzIdWX7iGOEK2w0":{"chainKey":{"counter":0,"key":"YkLNR5lJiHuLF5AE8pzv7tH+xkICaMRDbrlAIAeZk6k="},"chainType":1,"messageKeys":{}}},"pendingPreKey":{"signedKeyId":4,"baseKey":"BUV/9llFiPKz5oUkDAkuojYuw2x0nDYiIkqPIKR3kbRU","preKeyId":10362946}}},"version":"v1"}