{"_sessions":{"BecIXKkb8KF/8Vcwk9rZKmymtjD6IVVdSinlVSDqjYEQ":{"registrationId":360284451,"currentRatchet":{"ephemeralKeyPair":{"pubKey":"BfLGq0xNNGBjL3ALwVeEOd+tuIi6vqKS4oBvWBw8iwR8","privKey":"aO6z89pMKT9fmA6VfFCNAsmZSnK47RYs9Tt3BsVz4mQ="},"lastRemoteEphemeralKey":"BWakePvC+HE2Vwwk9npPNzCZB8owzZk62DxC2Yi6ct9u","previousCounter":0,"rootKey":"qJB7HkQ+ZWnWKsBrq1KclmmZU2tWdVvjfr/sZLFs3xU="},"indexInfo":{"baseKey":"BecIXKkb8KF/8Vcwk9rZKmymtjD6IVVdSinlVSDqjYEQ","baseKeyType":1,"closed":-1,"used":1755758929837,"created":1755758929837,"remoteIdentityKey":"BVpQxG0Zmt5eLRyp+dknr9Saqgw+/wEXRKbeI0cBbi4B"},"_chains":{"BfLGq0xNNGBjL3ALwVeEOd+tuIi6vqKS4oBvWBw8iwR8":{"chainKey":{"counter":0,"key":"tS7sVaZrQ3GLM1drH31t0wfoQ0B3U4qxKXzw4sR5URo="},"chainType":1,"messageKeys":{}}},"pendingPreKey":{"signedKeyId":4852799,"baseKey":"BecIXKkb8KF/8Vcwk9rZKmymtjD6IVVdSinlVSDqjYEQ","preKeyId":9331}}},"version":"v1"}