{"_sessions":{"BZszegIGNuiFW0tHxN/tRwFffoVeGcn9YB6GHffK/ctR":{"registrationId":1226569775,"currentRatchet":{"ephemeralKeyPair":{"pubKey":"BZGPZdk+Qpfn0N/duPmzEIuSy86kJmBSyetS+zQ+byUV","privKey":"SBp/o2sSvUGrjh/gSNgBrzcAbbFI6nBm1Ez5Fb57+EQ="},"lastRemoteEphemeralKey":"BQcRcHGKAdynLKeJSW6uQdsaKA2WPPcq8Yq9GG7uF0sQ","previousCounter":0,"rootKey":"JVcFvmC65R7DV09KIdJL33aqaDy31jbbp24bif9t3pk="},"indexInfo":{"baseKey":"BZszegIGNuiFW0tHxN/tRwFffoVeGcn9YB6GHffK/ctR","baseKeyType":1,"closed":-1,"used":1755758930809,"created":1755758930809,"remoteIdentityKey":"BWtxxIhd6wMb3yOFHbs5IQ9zHRnMjtfoZRrbMKLaPGpX"},"_chains":{"BZGPZdk+Qpfn0N/duPmzEIuSy86kJmBSyetS+zQ+byUV":{"chainKey":{"counter":0,"key":"sQcimA1VJrzd/jEDnFm7sQGq2fOgkvwplKX1Nt9w1n0="},"chainType":1,"messageKeys":{}}},"pendingPreKey":{"signedKeyId":3,"baseKey":"BZszegIGNuiFW0tHxN/tRwFffoVeGcn9YB6GHffK/ctR","preKeyId":1579787}}},"version":"v1"}