{"_sessions":{"BVPbmqp8DHCC22cjg7S04iRf6rMfFnOGAh/Z15e0GmZf":{"registrationId":1343304119,"currentRatchet":{"ephemeralKeyPair":{"pubKey":"BZCdIwZA+FaZW23UONL0PqF3/8npP55KVZkPyvl416QA","privKey":"UMLv2vTEdTJQyeUKP5Ywb7TaAGId5hI/Q25JXt4YUUM="},"lastRemoteEphemeralKey":"BVL+ztnJcgWMl3GGiKxXzNFnb6w4/CaRq6xVd2KRm/dB","previousCounter":0,"rootKey":"gQDg5Tb93AkS0XcG+cmYGAhsG7T4wx+paanHem7eLDY="},"indexInfo":{"baseKey":"BVPbmqp8DHCC22cjg7S04iRf6rMfFnOGAh/Z15e0GmZf","baseKeyType":1,"closed":-1,"used":1755758929993,"created":1755758929993,"remoteIdentityKey":"BQHNaxlEY2lMZ4MhcQ42SxYaobIhVxlNOA1LiptAyM8/"},"_chains":{"BZCdIwZA+FaZW23UONL0PqF3/8npP55KVZkPyvl416QA":{"chainKey":{"counter":0,"key":"4A2UxMeIdPcL8KVWzPInMUjWb8iSWQUI9h1FKpTH/dE="},"chainType":1,"messageKeys":{}}},"pendingPreKey":{"signedKeyId":17,"baseKey":"BVPbmqp8DHCC22cjg7S04iRf6rMfFnOGAh/Z15e0GmZf","preKeyId":6588528}}},"version":"v1"}