{"_sessions":{"BYJ7zcoOv4foEZrnKd4hrcoTHRL4mg63mzdHh0VfwSEh":{"registrationId":1146748721,"currentRatchet":{"ephemeralKeyPair":{"pubKey":"BTE/aJv8cb36ZwAnDyolgz9gaYAxl/X3RCvcLx6dFesU","privKey":"gHa+bWxTgkUyokjm4fRiH+SD1iAHt/w/cVnGYUwQhEE="},"lastRemoteEphemeralKey":"BdQDK7GbdLCgmq88Hirnm4kMxGqADN4fsE19s2xBmL1f","previousCounter":0,"rootKey":"yfFFevB7ocjSinttG/IUreG7wgG7noHj7IitzBJFefU="},"indexInfo":{"baseKey":"BYJ7zcoOv4foEZrnKd4hrcoTHRL4mg63mzdHh0VfwSEh","baseKeyType":1,"closed":-1,"used":1755758928650,"created":1755758928650,"remoteIdentityKey":"BQEhQVmPU2ABMf5LGlNyahgayLJFusXVmysGtfqV/ztg"},"_chains":{"BTE/aJv8cb36ZwAnDyolgz9gaYAxl/X3RCvcLx6dFesU":{"chainKey":{"counter":0,"key":"QxybaYREvQBQz8PUgf02gk6Nt7UYDkcipIT1gwQ8liw="},"chainType":1,"messageKeys":{}}},"pendingPreKey":{"signedKeyId":13,"baseKey":"BYJ7zcoOv4foEZrnKd4hrcoTHRL4mg63mzdHh0VfwSEh","preKeyId":11081382}}},"version":"v1"}