{"_sessions":{"BY/FXDPsWmdd3CdsEHT2MZpVplRf9nPHhC4LYmB/u0YH":{"registrationId":242715388,"currentRatchet":{"ephemeralKeyPair":{"pubKey":"BZfHKiD3JZagzFxzZpdHFa6XAYlDlFGjqlfPMheaC/1m","privKey":"WG5klhI0P2qzdLkLtjCurVntaTRVgrnUt1AeqA5Ls0I="},"lastRemoteEphemeralKey":"BVDi2xkC/T55lsElRU4t/Tms/abPx5xrjNJtZKxALkwW","previousCounter":0,"rootKey":"nvkjgivf+pBop24Hvh+F38cE/kk7V+5/LZ4hUsMy5dY="},"indexInfo":{"baseKey":"BY/FXDPsWmdd3CdsEHT2MZpVplRf9nPHhC4LYmB/u0YH","baseKeyType":1,"closed":-1,"used":1755758930834,"created":1755758930834,"remoteIdentityKey":"BTkbCDxMycCoqh9Il1KQnm1uYHucZX7dxTSU36sfkQ4d"},"_chains":{"BZfHKiD3JZagzFxzZpdHFa6XAYlDlFGjqlfPMheaC/1m":{"chainKey":{"counter":0,"key":"CEnoAlr43gJFHzbIcvwM8kUhZYo7IeEgKtCF8csPNZI="},"chainType":1,"messageKeys":{}}},"pendingPreKey":{"signedKeyId":25,"baseKey":"BY/FXDPsWmdd3CdsEHT2MZpVplRf9nPHhC4LYmB/u0YH","preKeyId":12362678}}},"version":"v1"}