{"_sessions":{"BXQ1dwObohnxKTAVt8zPMcilTKXutI6GIDBdFSCRsrcS":{"registrationId":1343464651,"currentRatchet":{"ephemeralKeyPair":{"pubKey":"BehREFchiRj+R6KVck66yZRCHroem6RpZ8T3fsUaTupM","privKey":"WKoeNhW71ViEeqG4kvmkMhTPn5zae7/YO5+xZX4mH0M="},"lastRemoteEphemeralKey":"BUA0DyeQnUJFHV9/JKEsFyrpJY7SLiWwbYeQcptXYK92","previousCounter":0,"rootKey":"mgSw6m0/E52mH2o/Ad2MNNW1HuRFke/WBldmSScWWy8="},"indexInfo":{"baseKey":"BXQ1dwObohnxKTAVt8zPMcilTKXutI6GIDBdFSCRsrcS","baseKeyType":1,"closed":-1,"used":1755758930185,"created":1755758930185,"remoteIdentityKey":"BeB+N7549DcmPYrtb5/Z1tkJB+Kg9BJxDQ21oNYYsSgh"},"_chains":{"BehREFchiRj+R6KVck66yZRCHroem6RpZ8T3fsUaTupM":{"chainKey":{"counter":0,"key":"yhACgsNQvSnR4kB1mj5y5t57V83B2tw9lTysZAJ9NtI="},"chainType":1,"messageKeys":{}}},"pendingPreKey":{"signedKeyId":1,"baseKey":"BXQ1dwObohnxKTAVt8zPMcilTKXutI6GIDBdFSCRsrcS","preKeyId":14327858}}},"version":"v1"}