{"_sessions":{"BTKphigb+nOcuoBdxJB09EKvcFY0fFygke37q0uJWXdS":{"registrationId":34367276,"currentRatchet":{"ephemeralKeyPair":{"pubKey":"BWmROG2N0vKpvcSJCM+LZJwBoOw9E2POq2TG5i02tAB/","privKey":"UBQuVisGvzVusecnnEV/EsoF7yDWTOyzGf2SPXPicko="},"lastRemoteEphemeralKey":"BT+LOZl9C06FrZ8ng7VCVfUnF+LOGu8c7xfXuBFASBkJ","previousCounter":0,"rootKey":"/dvPuRVRbEmgLEYQMprPvDPg0Nphvw1Fu+1DZa3k/vU="},"indexInfo":{"baseKey":"BTKphigb+nOcuoBdxJB09EKvcFY0fFygke37q0uJWXdS","baseKeyType":1,"closed":-1,"used":1755758930739,"created":1755758930739,"remoteIdentityKey":"BaRZ5WuWuN1qECRBL3/RZl+DLFFB+8HbYIivt0iG0xMF"},"_chains":{"BWmROG2N0vKpvcSJCM+LZJwBoOw9E2POq2TG5i02tAB/":{"chainKey":{"counter":0,"key":"CoL8mT+zdLhg+VAV2WEjW+x2/KkpdyzVAU1oFh6EgMQ="},"chainType":1,"messageKeys":{}}},"pendingPreKey":{"signedKeyId":0,"baseKey":"BTKphigb+nOcuoBdxJB09EKvcFY0fFygke37q0uJWXdS","preKeyId":9599849}}},"version":"v1"}