{"_sessions":{"BeY0sFoQI7eTNdbDC7TMJ9ybuODWpW5dM4qQT1CR6bAu":{"registrationId":2010241528,"currentRatchet":{"ephemeralKeyPair":{"pubKey":"BYnyoHwXHH2QNE09ikR3QiAGGdGuDyQ7CJaAEq1U2M9R","privKey":"iIfaIzDTu56t47zWnS1udDMDTp7VJlvBuS/78RW6RlA="},"lastRemoteEphemeralKey":"BSLXf0rGfhsQ53ImH5S2VxuPqvN70ampMa2iTu0hPC0I","previousCounter":0,"rootKey":"ojqPNuuW2RI8W2voZGTXOq4vl6EUznK2jBSgd80I98Y="},"indexInfo":{"baseKey":"BeY0sFoQI7eTNdbDC7TMJ9ybuODWpW5dM4qQT1CR6bAu","baseKeyType":1,"closed":-1,"used":1755758929273,"created":1755758929273,"remoteIdentityKey":"BR/+c0YyTXD3mBj+lyCDBOcAcJZeSQUIVqTfbvp9Jfs6"},"_chains":{"BYnyoHwXHH2QNE09ikR3QiAGGdGuDyQ7CJaAEq1U2M9R":{"chainKey":{"counter":0,"key":"SqHad54ekGlhvZDDQrttCIoUdFIjJIhc1tu+L377Dqc="},"chainType":1,"messageKeys":{}}},"pendingPreKey":{"signedKeyId":104,"baseKey":"BeY0sFoQI7eTNdbDC7TMJ9ybuODWpW5dM4qQT1CR6bAu","preKeyId":3148745}}},"version":"v1"}