{"_sessions":{"BXUdwuSU6gSioVsV+KaSmspXn/hYzBTARWaDMDEFMsgY":{"registrationId":307180404,"currentRatchet":{"ephemeralKeyPair":{"pubKey":"BQqv2JGpjjPL3FXotB1aBlXhbOiLe8UM/LM4slbUmDYK","privKey":"QJqwvwzqsN6RRv1nttWekQlGWh7+wVhr8ByhEVoOHXo="},"lastRemoteEphemeralKey":"BVFOtX8FjVZYQ4tsKO/CNJJjVdq/PjltxwWns5GcJTES","previousCounter":0,"rootKey":"oQ56H7pdTaaPu93Xnc6NN2CsFIAaHSERdGcAqSYRMZw="},"indexInfo":{"baseKey":"BXUdwuSU6gSioVsV+KaSmspXn/hYzBTARWaDMDEFMsgY","baseKeyType":1,"closed":-1,"used":1755758928634,"created":1755758928634,"remoteIdentityKey":"BfOCtOj+LcrL6FoT5fEKvcwbEu6H+ng3pAt7jue8UggP"},"_chains":{"BQqv2JGpjjPL3FXotB1aBlXhbOiLe8UM/LM4slbUmDYK":{"chainKey":{"counter":0,"key":"C/p0O5zdDpabmsVHOW2YWp2+tC5YEq3q8Od+IbdL3W4="},"chainType":1,"messageKeys":{}}},"pendingPreKey":{"signedKeyId":58,"baseKey":"BXUdwuSU6gSioVsV+KaSmspXn/hYzBTARWaDMDEFMsgY","preKeyId":8541131}}},"version":"v1"}