{"_sessions":{"BXT4chy56fuBGpKX9lXg0q2VJCaxE8ehpLc0OH6nFeAy":{"registrationId":665510571,"currentRatchet":{"ephemeralKeyPair":{"pubKey":"BRyOC/G/NX5Fq2AUfoK24H1XC2FagElxUjWPxeXOoudG","privKey":"2FJPMYm33KZ3vq0CSatjuI+tT7FhpjuX8XMxxKu+y0o="},"lastRemoteEphemeralKey":"Bf+6y4PAedDlXGm7V3vH64/u8dyeI6k7uwfLkWnKjfZn","previousCounter":0,"rootKey":"uzkUo1SoviUrB1ucmA2tpBdjJM+GuLpEC0RGWussSCg="},"indexInfo":{"baseKey":"BXT4chy56fuBGpKX9lXg0q2VJCaxE8ehpLc0OH6nFeAy","baseKeyType":1,"closed":-1,"used":1755758930788,"created":1755758930788,"remoteIdentityKey":"BUrSN1CX6VIVS3ncNdXpnSkF9FPMXgpZDxtB7RQ4VrBB"},"_chains":{"BRyOC/G/NX5Fq2AUfoK24H1XC2FagElxUjWPxeXOoudG":{"chainKey":{"counter":0,"key":"DGYQ4OFuknmLXO+7uaxcokwsJ0jELhOulcCdFz+TDeQ="},"chainType":1,"messageKeys":{}}},"pendingPreKey":{"signedKeyId":1125973,"baseKey":"BXT4chy56fuBGpKX9lXg0q2VJCaxE8ehpLc0OH6nFeAy","preKeyId":11233}}},"version":"v1"}