{"_sessions":{"BQa7dLBENHBczsvM362MR7pXGxpEOApTbzqJ6x2UNQkh":{"registrationId":1426398608,"currentRatchet":{"ephemeralKeyPair":{"pubKey":"BajuEeOB7zQ3nU0BrZtiQBJC5uQMzbOeRUUuqJd0hhka","privKey":"yPEje6HUGdSG8p0FwZnW+kGGig0NoqrQMIXAbOTPA3c="},"lastRemoteEphemeralKey":"BR2Ut2O911L2DFp5Z7ZfmoEXG3wOKWLqlL94cVpjnCQm","previousCounter":0,"rootKey":"USFpQqahwoIhfm+fK0ncHX2HcBQlVSf0w9eDGQaT6/Y="},"indexInfo":{"baseKey":"BQa7dLBENHBczsvM362MR7pXGxpEOApTbzqJ6x2UNQkh","baseKeyType":1,"closed":-1,"used":1755758928656,"created":1755758928656,"remoteIdentityKey":"Bc3427LhZyiByotpnhc2mZjHS5trxsZmrkAAsodNPrJh"},"_chains":{"BajuEeOB7zQ3nU0BrZtiQBJC5uQMzbOeRUUuqJd0hhka":{"chainKey":{"counter":0,"key":"31OAFZQDJTWpqy7ZCJ2bGv6C8ecPxRbOUppYnNQvQS0="},"chainType":1,"messageKeys":{}}},"pendingPreKey":{"signedKeyId":11,"baseKey":"BQa7dLBENHBczsvM362MR7pXGxpEOApTbzqJ6x2UNQkh","preKeyId":13953003}}},"version":"v1"}