{"_sessions":{"BRoEXIZuLK8HMiVW+IEz0C1YIbCIEEifePTPIBKvny4x":{"registrationId":9647146,"currentRatchet":{"ephemeralKeyPair":{"pubKey":"BYhZ2OlUTnA8QWf8S9iQNjEDT+NLHQSwOrAcLFLfhOhf","privKey":"yAJUbuHhkJvG5bGJicYvQLJnukH9S/Fli0S51wAwdGg="},"lastRemoteEphemeralKey":"BaYXBh/xsqqfOtJ5S75fsugJSgScH2YfQXrPca0MUUwf","previousCounter":0,"rootKey":"pbK9qmH6tMJxQExwasqGWYfg/lJoimWUSWn4cXMgs1A="},"indexInfo":{"baseKey":"BRoEXIZuLK8HMiVW+IEz0C1YIbCIEEifePTPIBKvny4x","baseKeyType":1,"closed":-1,"used":1755758929895,"created":1755758929895,"remoteIdentityKey":"BUap8UxHleQ0hjLQHOMqs5IELMzV/pvqUDSYzx6iiCZF"},"_chains":{"BYhZ2OlUTnA8QWf8S9iQNjEDT+NLHQSwOrAcLFLfhOhf":{"chainKey":{"counter":0,"key":"5JLFk8oxwD0C1Oq8lebtOcwrWTjTBN/fhc/tTupn+z8="},"chainType":1,"messageKeys":{}}},"pendingPreKey":{"signedKeyId":13,"baseKey":"BRoEXIZuLK8HMiVW+IEz0C1YIbCIEEifePTPIBKvny4x","preKeyId":11476382}}},"version":"v1"}