{"_sessions":{"BXTIC6yNTVjSQjWEiaUuG9N9IUCMUvhWgfrAm0lWgpIr":{"registrationId":328232839,"currentRatchet":{"ephemeralKeyPair":{"pubKey":"BcpRy1No8bI6k7mxbsXkQ9M91swZJW9jDoGeXCbUHBc0","privKey":"aGk71Y0B2z5Nsf0Qfuk49UvanAYTqxSMIYbpXvPUflc="},"lastRemoteEphemeralKey":"Bek/UQPOJYaItSCiWSWaV9nJvJOy9cIVnl5Ri1+WGrUo","previousCounter":0,"rootKey":"bKyGQbN9TCbCGjeACT7kiVw8defLICoF28fais7CzMw="},"indexInfo":{"baseKey":"BXTIC6yNTVjSQjWEiaUuG9N9IUCMUvhWgfrAm0lWgpIr","baseKeyType":1,"closed":-1,"used":1755758930687,"created":1755758930687,"remoteIdentityKey":"BRYqGjGgAEzyx73S3zbq7jThsz5hccwgh4Md6w6YxhIV"},"_chains":{"BcpRy1No8bI6k7mxbsXkQ9M91swZJW9jDoGeXCbUHBc0":{"chainKey":{"counter":0,"key":"ARVg1vBeaBJQZDYAfOhQJz4hMAKonkbib9T9PEd8CSk="},"chainType":1,"messageKeys":{}}},"pendingPreKey":{"signedKeyId":19,"baseKey":"BXTIC6yNTVjSQjWEiaUuG9N9IUCMUvhWgfrAm0lWgpIr","preKeyId":4834087}}},"version":"v1"}