{"_sessions":{"BRa3DxXmdYJ9sRcIqFyOdoWKEBgv1rRSCNjv/Gr0hy8l":{"registrationId":1827062198,"currentRatchet":{"ephemeralKeyPair":{"pubKey":"BQ7bozCNdUVE13Yw8OzNnR/VZK0PEqM6c+wzH3qFJ6Za","privKey":"wKLqk00vpvLzfmqem3qbgaE3J8CfDoCeL8zFnW7kr2k="},"lastRemoteEphemeralKey":"BTJmTYMpt6QUYYRn44fm6ThoWKAv4Phk7tpeq5HxVcsE","previousCounter":0,"rootKey":"pEJMnqW7OFzz+wroeOtEfBVFyT4QSS/xXER1rt5+DbU="},"indexInfo":{"baseKey":"BRa3DxXmdYJ9sRcIqFyOdoWKEBgv1rRSCNjv/Gr0hy8l","baseKeyType":1,"closed":-1,"used":1755758928556,"created":1755758928556,"remoteIdentityKey":"Bf03Gx/W143o2qG0eA7zSH9Ryoe+Rsvmj6El5A9oUztS"},"_chains":{"BQ7bozCNdUVE13Yw8OzNnR/VZK0PEqM6c+wzH3qFJ6Za":{"chainKey":{"counter":0,"key":"AsUzbOjJ1H7a9cPVKpAvio9s4pP2KJrWX30zuWjuIMU="},"chainType":1,"messageKeys":{}}},"pendingPreKey":{"signedKeyId":2,"baseKey":"BRa3DxXmdYJ9sRcIqFyOdoWKEBgv1rRSCNjv/Gr0hy8l","preKeyId":593073}}},"version":"v1"}