{"_sessions":{"Bbsm+XvDGpx1ZLubkJFOxYcuUjO38LApRYjwabCt1+VY":{"registrationId":256708622,"currentRatchet":{"ephemeralKeyPair":{"pubKey":"BW3cVCmdOujmNTNHVz1Ugu3namchrTpXik9/YlKhFh1s","privKey":"IH32Tz3AmsUEUdgW8/bHguy5tiWzFpVQsgMzdFzCs3U="},"lastRemoteEphemeralKey":"BUGmOp33qrqbtcLJvwz+iSrTEHBcfPxMH+a2Jq+Mqf4p","previousCounter":0,"rootKey":"jpGeyF2Kho+dS27YhMj1IsZP5l7fLWXHw2ic0f/YTyo="},"indexInfo":{"baseKey":"Bbsm+XvDGpx1ZLubkJFOxYcuUjO38LApRYjwabCt1+VY","baseKeyType":1,"closed":-1,"used":1755758930323,"created":1755758930323,"remoteIdentityKey":"BSfHBxtbkLwmTgu8VrcJ9z31VqdtEW1QZil63SlRiDx+"},"_chains":{"BW3cVCmdOujmNTNHVz1Ugu3namchrTpXik9/YlKhFh1s":{"chainKey":{"counter":0,"key":"R4ucwl3Vb6JBSlPadxXjcHL5ECp6xu0E09VH4YFedXs="},"chainType":1,"messageKeys":{}}},"pendingPreKey":{"signedKeyId":0,"baseKey":"Bbsm+XvDGpx1ZLubkJFOxYcuUjO38LApRYjwabCt1+VY","preKeyId":13313106}}},"version":"v1"}