{"_sessions":{"BelhTLkmGaIlcCsjZp4tdTPIm9bzyXjGINjA79KyLI12":{"registrationId":738464264,"currentRatchet":{"ephemeralKeyPair":{"pubKey":"BdIszMgLxDjoTOAm102jeJtUkH1npTFSwcGlOWf6bFhs","privKey":"cGDNvSqmv2pqNJn7joK5zqb9sH40Q33K/w+NCt14e0c="},"lastRemoteEphemeralKey":"BSL12qMhfxzLCOUviYw66m1NKX5t7bN5uBB8GDxe5wVl","previousCounter":0,"rootKey":"fUijgJeUX7Ba0lg5QwClMsqCVcq3DCRcE884C3KkNws="},"indexInfo":{"baseKey":"BelhTLkmGaIlcCsjZp4tdTPIm9bzyXjGINjA79KyLI12","baseKeyType":1,"closed":-1,"used":1755758929236,"created":1755758929236,"remoteIdentityKey":"BfD9CDa62jK2HIRrcw6obXxEcrOmf0R/WvdWn4plTVcu"},"_chains":{"BdIszMgLxDjoTOAm102jeJtUkH1npTFSwcGlOWf6bFhs":{"chainKey":{"counter":0,"key":"bqyIvKSnrw9oWW4JGm/ObmsjwkHmVEgnzWYX4qioDYo="},"chainType":1,"messageKeys":{}}},"pendingPreKey":{"signedKeyId":25673,"baseKey":"BelhTLkmGaIlcCsjZp4tdTPIm9bzyXjGINjA79KyLI12","preKeyId":11546}}},"version":"v1"}