{"_sessions":{"BfdYQRLiN7u7hd4LbUtXZxeTjtZXR5CCPev/RkBqAzE2":{"registrationId":1141642116,"currentRatchet":{"ephemeralKeyPair":{"pubKey":"BcLz1nb0FZtfD/Jh5+vBxEqbP93MTbI4l7y1kVaUgoFZ","privKey":"QDuJc8osyxMpB+uTJ0FlBgL2bYxzVexKXlgcyJddpFw="},"lastRemoteEphemeralKey":"BahKPAnYuU9akg6xLUTfC/cwAt4n0QKZzeS6v73hhY5u","previousCounter":0,"rootKey":"pu9bISAw7ZMWW/C2EpO46oGwPEs/XVo8KCb2u+E1K5c="},"indexInfo":{"baseKey":"BfdYQRLiN7u7hd4LbUtXZxeTjtZXR5CCPev/RkBqAzE2","baseKeyType":1,"closed":-1,"used":1755758929150,"created":1755758929150,"remoteIdentityKey":"Bfu44YFbntVFu2jyQlF9oxfPo69IEUr2s8cWUKmfJzIx"},"_chains":{"BcLz1nb0FZtfD/Jh5+vBxEqbP93MTbI4l7y1kVaUgoFZ":{"chainKey":{"counter":0,"key":"J7anNnVTZPwFkXYnwkHNVAAUgIsBjmpBdCiGIbTAkKQ="},"chainType":1,"messageKeys":{}}},"pendingPreKey":{"signedKeyId":8,"baseKey":"BfdYQRLiN7u7hd4LbUtXZxeTjtZXR5CCPev/RkBqAzE2","preKeyId":2265128}}},"version":"v1"}