{"_sessions":{"Bc7B+oUjkGG5G67pRyNekGRUmI6d+TSP2rNktcdbYrMy":{"registrationId":42559267,"currentRatchet":{"ephemeralKeyPair":{"pubKey":"BcuIrvXKxuhRYcGI9n3TV49Wsxz7235rqCfrzdwQ1Xo6","privKey":"6MRMdXDxZ+OWqe3PN4L9OY5eqZIeNSeQ5nO0H+cs3lk="},"lastRemoteEphemeralKey":"BQvlXzlqYbEeEZd+dX/ck8GNjVl2erin4njWg4DiKIcw","previousCounter":0,"rootKey":"8lVXJbnzfLCwsQr4DoOE4eaYcUXgsl5jyU1A29IofuQ="},"indexInfo":{"baseKey":"Bc7B+oUjkGG5G67pRyNekGRUmI6d+TSP2rNktcdbYrMy","baseKeyType":1,"closed":-1,"used":1755758928667,"created":1755758928667,"remoteIdentityKey":"BfyZEDBtyeKk96fXP/D2FjiIstgYjwUVlB6oDHSxepd9"},"_chains":{"BcuIrvXKxuhRYcGI9n3TV49Wsxz7235rqCfrzdwQ1Xo6":{"chainKey":{"counter":0,"key":"JEZvkgfC6kC42scWDAdhgCfKpA9rDlRU7zX0bdK1M4U="},"chainType":1,"messageKeys":{}}},"pendingPreKey":{"signedKeyId":3,"baseKey":"Bc7B+oUjkGG5G67pRyNekGRUmI6d+TSP2rNktcdbYrMy","preKeyId":3187904}}},"version":"v1"}