{"_sessions":{"BRRD+XxBTF0S+pcLzOOJNA4eRl93Dc0JT4ZXDM0te1Zh":{"registrationId":1966172838,"currentRatchet":{"ephemeralKeyPair":{"pubKey":"BZUneQ3huxhbOAMqS6hc/E4KPLDzSt6KOCb3XPTP2mVX","privKey":"AB1Dz41tBjrvImi3EgDnMFxDwgV696wWLAadRkTm6lI="},"lastRemoteEphemeralKey":"Be4NyJR7r/+A7WZedjeESrFpDG5EzWjkCuG/2dRN7B1X","previousCounter":0,"rootKey":"0InPBwRJkaUkuNCWiQE8EVIUohvkITIt4683GFDJO+Y="},"indexInfo":{"baseKey":"BRRD+XxBTF0S+pcLzOOJNA4eRl93Dc0JT4ZXDM0te1Zh","baseKeyType":1,"closed":-1,"used":1755758930389,"created":1755758930389,"remoteIdentityKey":"BZNoOP8CV9b3FHaSUso4/f3sMvA5BPJe+aPWLebNwAVH"},"_chains":{"BZUneQ3huxhbOAMqS6hc/E4KPLDzSt6KOCb3XPTP2mVX":{"chainKey":{"counter":0,"key":"wHdim6j0zUfoecZ26XVC4/z23OsLi5/IFRVJ8TBN15U="},"chainType":1,"messageKeys":{}}},"pendingPreKey":{"signedKeyId":2,"baseKey":"BRRD+XxBTF0S+pcLzOOJNA4eRl93Dc0JT4ZXDM0te1Zh","preKeyId":10539110}}},"version":"v1"}