{"_sessions":{"BSxqWGcN5Qj8tBmdfl4xNet722nE2aBBJ6W3ndrEfJAj":{"registrationId":1662928276,"currentRatchet":{"ephemeralKeyPair":{"pubKey":"BTdCXdxaZQPEhXGJEVE9P6FZxGNo9jIHiO79F3a1VHAN","privKey":"ML0PkuJi3ybtl1rwL2QcwGA01w72ZO0oxfMyXsGQXkM="},"lastRemoteEphemeralKey":"BeF6MRIWLAZMSFTNWvysOeDdYJO919OXQ+UeMCIsP206","previousCounter":0,"rootKey":"kE495SFB/JAGLcGkkcNSt41j8MRFuxCOclNtp/QZTUI="},"indexInfo":{"baseKey":"BSxqWGcN5Qj8tBmdfl4xNet722nE2aBBJ6W3ndrEfJAj","baseKeyType":1,"closed":-1,"used":1755758930369,"created":1755758930369,"remoteIdentityKey":"BTvU2X+K38GdRyj67O6UP6ZkJw4oKFD7N0vwxNr43RAg"},"_chains":{"BTdCXdxaZQPEhXGJEVE9P6FZxGNo9jIHiO79F3a1VHAN":{"chainKey":{"counter":0,"key":"9M+zfP8fHuAeTjRgUtcEkxJdiB3ebI8SaEA1pNZ2TsA="},"chainType":1,"messageKeys":{}}},"pendingPreKey":{"signedKeyId":7908622,"baseKey":"BSxqWGcN5Qj8tBmdfl4xNet722nE2aBBJ6W3ndrEfJAj","preKeyId":9585}}},"version":"v1"}