{"_sessions":{"BTylQfWbEDyOpHqZz1EBv2u/oR9km51Lozhg/5Q5/uk7":{"registrationId":1767663712,"currentRatchet":{"ephemeralKeyPair":{"pubKey":"BTcN8rnZ4OKi8SdVjucmmeb33+4Vr1bwhFuFk6T/1WlX","privKey":"cAK1Ci2A1fcj6N8CoSDrJDfY3Oz9XarJMkH/7vw3p0M="},"lastRemoteEphemeralKey":"Bc291Houf9dgkNmfNHNYoGFGqZz9tCeI+sQ03KlOBnIb","previousCounter":0,"rootKey":"XX4Kn4ImgMWK56mY12AtXO7fzHrDrlkHjN3s7ouXwJE="},"indexInfo":{"baseKey":"BTylQfWbEDyOpHqZz1EBv2u/oR9km51Lozhg/5Q5/uk7","baseKeyType":1,"closed":-1,"used":1755758929395,"created":1755758929395,"remoteIdentityKey":"BQ7a3tL2pNUJZsRkEIXchMwJ1a6eYQEErNLfAm1+j7hD"},"_chains":{"BTcN8rnZ4OKi8SdVjucmmeb33+4Vr1bwhFuFk6T/1WlX":{"chainKey":{"counter":0,"key":"bxofuEchguhkWv8TW5lijxCv1+0Vty0HmYH5peRfqLU="},"chainType":1,"messageKeys":{}}},"pendingPreKey":{"signedKeyId":3597081,"baseKey":"BTylQfWbEDyOpHqZz1EBv2u/oR9km51Lozhg/5Q5/uk7","preKeyId":8483}}},"version":"v1"}