{"_sessions":{"BUKS6dpZbWW8TOp5OV5xaQks2JAP5tY4LPYt2P2rTkY6":{"registrationId":772083176,"currentRatchet":{"ephemeralKeyPair":{"pubKey":"BZ8fYaXm8tLBONekR2Fp0Zz5OTRFWyKO8OzncAruSrBI","privKey":"gNLZyRUtjvvU/ePifK7F4lJkVwMBVuIjzFwvhohWRkk="},"lastRemoteEphemeralKey":"BQhzuLhlqmvcbXsH+BG6vXbfi85dt+ooiT8ExwXkS5ce","previousCounter":0,"rootKey":"TRtQDDLYWpWOhMZ++XTFXaXVDq2URDZgvVH7M6/4o84="},"indexInfo":{"baseKey":"BUKS6dpZbWW8TOp5OV5xaQks2JAP5tY4LPYt2P2rTkY6","baseKeyType":2,"closed":-1,"used":1755758769791,"created":1755758769791,"remoteIdentityKey":"Bb55+BO5ER14X1Zl4cFrSgDMGDfircyHrxE8Q7Uc2GcT"},"_chains":{"BQhzuLhlqmvcbXsH+BG6vXbfi85dt+ooiT8ExwXkS5ce":{"chainKey":{"counter":0,"key":"4YzqKqSMg+gPMXO6Qwe5iAuzd5fUFlR8GgQZ+3FHaVU="},"chainType":2,"messageKeys":{}},"BZ8fYaXm8tLBONekR2Fp0Zz5OTRFWyKO8OzncAruSrBI":{"chainKey":{"counter":0,"key":"+CJe1YpAmD6byR+fJyH1EZSl0ZDOsqaXw8wRmAS2kcc="},"chainType":1,"messageKeys":{}}}}},"version":"v1"}