{"_sessions":{"BaV2pyZdo/jYisxQws8TnGbLe4hlUBdvY1RnjxPudWAx":{"registrationId":1859789257,"currentRatchet":{"ephemeralKeyPair":{"pubKey":"BTiFOk6n/ElR6+w0PJJ/WlUzfpkTf/2EQaFur26OIcQS","privKey":"gAYvbFOg6uFASM1YTDyT7H+9mcl3yGsREU7rwi8Semk="},"lastRemoteEphemeralKey":"BWsFBoFTjigARg4GBSQGFNHZlI2kHfK7UcnN7bitBmEm","previousCounter":0,"rootKey":"22Si2uoGxqdW8kWFY0eFHL/s4/1Kw1ElMOhFnr15Tt0="},"indexInfo":{"baseKey":"BaV2pyZdo/jYisxQws8TnGbLe4hlUBdvY1RnjxPudWAx","baseKeyType":1,"closed":-1,"used":1755758928980,"created":1755758928980,"remoteIdentityKey":"BfaTLgMYfnZvGrLM3dAetVcrdyvexu1g0XKArRPkl9kC"},"_chains":{"BTiFOk6n/ElR6+w0PJJ/WlUzfpkTf/2EQaFur26OIcQS":{"chainKey":{"counter":0,"key":"rtteigBm5rhzVnkcCDolDBeWZVaoF06N8ynDlA+SOB8="},"chainType":1,"messageKeys":{}}},"pendingPreKey":{"signedKeyId":12,"baseKey":"BaV2pyZdo/jYisxQws8TnGbLe4hlUBdvY1RnjxPudWAx","preKeyId":4660216}}},"version":"v1"}