{"_sessions":{"Bewz2t0z9AkjOlYViW0Y1MoAnUap0CyfEBgxa1heqwAU":{"registrationId":986365952,"currentRatchet":{"ephemeralKeyPair":{"pubKey":"BQQ+UZsUeX6ge1KSouzKXql7K/YAP94f53eKjL3k+GhR","privKey":"kGlNtjZaXyMA3B/olCwCTo5KQQ80yHKnW1dJU/v9t3o="},"lastRemoteEphemeralKey":"Bdhb9hOvqnVVRIwfeVt699wfkQbrqg1zuatnRU0cjLQp","previousCounter":0,"rootKey":"HUBQLMWlsC/PAA7m3GlhBi2rvd6RfR4GcFW+ieJxAQg="},"indexInfo":{"baseKey":"Bewz2t0z9AkjOlYViW0Y1MoAnUap0CyfEBgxa1heqwAU","baseKeyType":1,"closed":-1,"used":1755758929690,"created":1755758929690,"remoteIdentityKey":"Ban8a2nOf23O8LRzdBRcaWU4E8E6FYgumkaGN2zDV40i"},"_chains":{"BQQ+UZsUeX6ge1KSouzKXql7K/YAP94f53eKjL3k+GhR":{"chainKey":{"counter":0,"key":"ftK4KYjrF2t2CjJShM1jRzrIf05NX2Gb7TIP1f/U2Qs="},"chainType":1,"messageKeys":{}}},"pendingPreKey":{"signedKeyId":7866628,"baseKey":"Bewz2t0z9AkjOlYViW0Y1MoAnUap0CyfEBgxa1heqwAU","preKeyId":9019}}},"version":"v1"}