{"_sessions":{"BRhLXlUPiI9BklG2fWBij2y7UYpM0jytk2MaSWSpLFZx":{"registrationId":1342269565,"currentRatchet":{"ephemeralKeyPair":{"pubKey":"BXJb3zDi6lc9hk4QzVzBMMfwQQrxwz2cKLXIVToXIg8I","privKey":"4IA2+xE/gvaZpC2S6DPVZA9z+J6vuEDDywZOMCO4sUA="},"lastRemoteEphemeralKey":"BWO2W0wSDcjDvDtHtqqrfNZM5gAMoflegUjmlSUjL15I","previousCounter":0,"rootKey":"jb+jPoXkxpIyfZ8nJQhmGmhRwXL/3/IVXx0+I3t+u+U="},"indexInfo":{"baseKey":"BRhLXlUPiI9BklG2fWBij2y7UYpM0jytk2MaSWSpLFZx","baseKeyType":1,"closed":-1,"used":1755758929348,"created":1755758929348,"remoteIdentityKey":"BWxZ8iNxKAUo/UpXpL6WBSD4tqwxFxAwk1Yj3o56FxQO"},"_chains":{"BXJb3zDi6lc9hk4QzVzBMMfwQQrxwz2cKLXIVToXIg8I":{"chainKey":{"counter":0,"key":"qqdMuDN01jMEq6oLqbFctJ9lzxFbHtbFCB1/tFyqrlo="},"chainType":1,"messageKeys":{}}},"pendingPreKey":{"signedKeyId":4,"baseKey":"BRhLXlUPiI9BklG2fWBij2y7UYpM0jytk2MaSWSpLFZx","preKeyId":2281480}}},"version":"v1"}