{"_sessions":{"Bewjq+qVhZeGbXlY4yXi8u/9MazYLiCZRfibQVns86s7":{"registrationId":1075533581,"currentRatchet":{"ephemeralKeyPair":{"pubKey":"BTK9xh/2qaL1cXaSgqsx7d4tA/ShLJEPqUi3YmtD6oxn","privKey":"qMhSqii4E9Kt6ykTFWt9CnRUas3elT+LzTuSdkMj3H0="},"lastRemoteEphemeralKey":"BS2AK5hYp/gDU3y9QHnKqCCyGhnyUdMitljwXbwLx9ww","previousCounter":0,"rootKey":"3OrNvB1G+QI7nHJarM8/5ND+ayKc5mkTbeT53vzExH0="},"indexInfo":{"baseKey":"Bewjq+qVhZeGbXlY4yXi8u/9MazYLiCZRfibQVns86s7","baseKeyType":1,"closed":-1,"used":1755758929166,"created":1755758929166,"remoteIdentityKey":"BSacVg3OpDeW4/bFjYaGYoHBOn91aN0QGsZNH8l/2Hwp"},"_chains":{"BTK9xh/2qaL1cXaSgqsx7d4tA/ShLJEPqUi3YmtD6oxn":{"chainKey":{"counter":0,"key":"1C+isqY3oOln3xpiwp8fyX1lD8JyIKc7vN6EkNhn1a8="},"chainType":1,"messageKeys":{}}},"pendingPreKey":{"signedKeyId":6,"baseKey":"Bewjq+qVhZeGbXlY4yXi8u/9MazYLiCZRfibQVns86s7","preKeyId":8660619}}},"version":"v1"}