{"_sessions":{"BcAewl/7Rpak0NdtxI8ClihScqnGGygZEoq25hsMjfUJ":{"registrationId":2040247904,"currentRatchet":{"ephemeralKeyPair":{"pubKey":"BXRvj0CbK719kz3KIKl4yUPmm99tj5Ex8LKCRNQj7P1o","privKey":"qGqB7RtPbhnwxsJKj2fl0L4SkrQyG70neniEk3ihiXY="},"lastRemoteEphemeralKey":"BbkGEPe4PfCG75O4IpDQgqQPnCn+0OpY9GXMWyGYQXZP","previousCounter":0,"rootKey":"obPXQwTfTWFNmQEvu2OybnTv7MriRQO1LGNsWgydAlE="},"indexInfo":{"baseKey":"BcAewl/7Rpak0NdtxI8ClihScqnGGygZEoq25hsMjfUJ","baseKeyType":1,"closed":-1,"used":1755758929098,"created":1755758929098,"remoteIdentityKey":"BQP13QLpHhvuEczaNIf+uqjIsQ4OvNbOfbr/6e/YGfQI"},"_chains":{"BXRvj0CbK719kz3KIKl4yUPmm99tj5Ex8LKCRNQj7P1o":{"chainKey":{"counter":0,"key":"+dArePyzLFFyzW4qbkPX7vB/NOFQqgwi+oWq3BmcLtY="},"chainType":1,"messageKeys":{}}},"pendingPreKey":{"signedKeyId":11,"baseKey":"BcAewl/7Rpak0NdtxI8ClihScqnGGygZEoq25hsMjfUJ","preKeyId":12546984}}},"version":"v1"}