{"_sessions":{"BVbOZQjQ1jLJbzPCS+QNgrtca6YKiNLvyrZA3ezlgyBJ":{"registrationId":290039068,"currentRatchet":{"ephemeralKeyPair":{"pubKey":"BfYt7LXwhMOdKAQFjQirmm6icrsNISLFymPDHXYmlCwG","privKey":"oFz9CecvkbCVY9e4EDDLfdIgnTDGiKw64ZkHKpABdX4="},"lastRemoteEphemeralKey":"BciqcOH0+CbjJkjZ16Y8wXK42ju8zty1e636H+tDOjlv","previousCounter":0,"rootKey":"RJ1qyaLdTvk0mwr5VO4lE1UNI+KjQQCU5tMvt2FnumY="},"indexInfo":{"baseKey":"BVbOZQjQ1jLJbzPCS+QNgrtca6YKiNLvyrZA3ezlgyBJ","baseKeyType":1,"closed":-1,"used":1755758928855,"created":1755758928855,"remoteIdentityKey":"BbA+8wBtrB36WN5yb12Jj+LHGyRwrHi6ilxFlHd1UiVm"},"_chains":{"BfYt7LXwhMOdKAQFjQirmm6icrsNISLFymPDHXYmlCwG":{"chainKey":{"counter":0,"key":"kUp/a+sWTz5SBaSS1yA1nhx9l+4R6fyvg+50qDmnmGo="},"chainType":1,"messageKeys":{}}},"pendingPreKey":{"signedKeyId":11,"baseKey":"BVbOZQjQ1jLJbzPCS+QNgrtca6YKiNLvyrZA3ezlgyBJ","preKeyId":8549779}}},"version":"v1"}