{"_sessions":{"BTifjXCh94MJHtA3wn1YoDouGfUbGNw1MKZGidz198R7":{"registrationId":1211142062,"currentRatchet":{"ephemeralKeyPair":{"pubKey":"BSbVY/xAkXW2un6Jbw0RJb/5waIef0xGL8h5oUy4ke1c","privKey":"SAtm6/2zJwlDTiggsdXlbc+xssoj1toR4mcJfqBFv08="},"lastRemoteEphemeralKey":"BdeVazZP4Z13PA3GMctNFQ8Ey4OFO7jiYxf8rs1QazAt","previousCounter":0,"rootKey":"dLwzUfKfnwmzDSrcHfEBZIwwGOBZOCM1Nravl047kfI="},"indexInfo":{"baseKey":"BTifjXCh94MJHtA3wn1YoDouGfUbGNw1MKZGidz198R7","baseKeyType":1,"closed":-1,"used":1755758929445,"created":1755758929445,"remoteIdentityKey":"Bbkb+WhlXKSvLwykSBzflPcC565RGvnjWCoOoJhIpzlq"},"_chains":{"BSbVY/xAkXW2un6Jbw0RJb/5waIef0xGL8h5oUy4ke1c":{"chainKey":{"counter":0,"key":"jhHO0p2iFWkGNFd4rm4cMksJKNT3ACyDJvDQt1qirsw="},"chainType":1,"messageKeys":{}}},"pendingPreKey":{"signedKeyId":11,"baseKey":"BTifjXCh94MJHtA3wn1YoDouGfUbGNw1MKZGidz198R7","preKeyId":2700962}}},"version":"v1"}