{"_sessions":{"BQ2ym/ul1Rd5YKRH6bxbxxtTzgtL3GF/RGVJfYnvYd07":{"registrationId":1017107949,"currentRatchet":{"ephemeralKeyPair":{"pubKey":"BbAtKo8DcvgyW1V2Qt/cg6zJy9jAhtGWslrGT5mVJK8V","privKey":"kNt+CDIzof6H6i/tYLK9Er2tNZAWYWAlHgBnjrtN7V8="},"lastRemoteEphemeralKey":"BSWoLTgh6WyW9J1IE2UyOYtBm97lVhS4T+r7LDDdDrYZ","previousCounter":0,"rootKey":"GRJDpiajgdTLkmdEThQsY6Sg89MIV1g/c6CMhGRfzzw="},"indexInfo":{"baseKey":"BQ2ym/ul1Rd5YKRH6bxbxxtTzgtL3GF/RGVJfYnvYd07","baseKeyType":1,"closed":-1,"used":1755758929421,"created":1755758929421,"remoteIdentityKey":"BfjvXq9j+cg0Hby/zg8lyeOzJPNWhgmJYhK+wgfkeb0M"},"_chains":{"BbAtKo8DcvgyW1V2Qt/cg6zJy9jAhtGWslrGT5mVJK8V":{"chainKey":{"counter":0,"key":"ePE8ltHT/9YZBpojFMCmqmO68wDZ7gAk3rnUfR6srJI="},"chainType":1,"messageKeys":{}}},"pendingPreKey":{"signedKeyId":6,"baseKey":"BQ2ym/ul1Rd5YKRH6bxbxxtTzgtL3GF/RGVJfYnvYd07","preKeyId":10421565}}},"version":"v1"}