{"_sessions":{"BR1LK6LaPK58Sp3sYMnNBjvUo2Skj+8BDOcEIApycJBh":{"registrationId":585591542,"currentRatchet":{"ephemeralKeyPair":{"pubKey":"BSrvpF5V0yC/p3mduDys8E3d+Z8VwR2eOicZGGCF4eIL","privKey":"IJdov0vgIAF7HEYXcwQuXkueH5Brt2NKBjgpdnXhrl8="},"lastRemoteEphemeralKey":"BUScV/CA/TrV4KwVYr7QEKH9gqgL134ZNUS/bGJ+GMsV","previousCounter":0,"rootKey":"K6KjeeLqFamDSalX5E3Ge6SB1I/7axY72P42L5O4+Fs="},"indexInfo":{"baseKey":"BR1LK6LaPK58Sp3sYMnNBjvUo2Skj+8BDOcEIApycJBh","baseKeyType":1,"closed":-1,"used":1755758929390,"created":1755758929390,"remoteIdentityKey":"BT4paZWlSxQyiHgIBFfXPVXYPUFwPYL5LwTE+Q9q2FYy"},"_chains":{"BSrvpF5V0yC/p3mduDys8E3d+Z8VwR2eOicZGGCF4eIL":{"chainKey":{"counter":0,"key":"NHKkTSpEK7g6XquQ9SMhpsmFFN3R1z4z1Lt1Iy+1Iv0="},"chainType":1,"messageKeys":{}}},"pendingPreKey":{"signedKeyId":1,"baseKey":"BR1LK6LaPK58Sp3sYMnNBjvUo2Skj+8BDOcEIApycJBh","preKeyId":14554253}}},"version":"v1"}