{"_sessions":{"Basg4yVYDUD3TbbTTNFKiHvpfyghd+Vb9P1wKoe7cCk9":{"registrationId":511778545,"currentRatchet":{"ephemeralKeyPair":{"pubKey":"BfN5VLT7ZbiNKXORrQuqb8UcvcUIuISF7OU2ZgeavkJp","privKey":"ENCkkk1EOqB4+1RP0RMSJQrJ6tJ6UKJAJBlmYegzdUs="},"lastRemoteEphemeralKey":"Bd/MrGbDMHDKM1dBeHex/t7ckF4OIlSme8AHrci1239E","previousCounter":0,"rootKey":"wRs9BzQquWbi4lVn2v2K/LzlrSgCTOUuSv4KBZ+9iog="},"indexInfo":{"baseKey":"Basg4yVYDUD3TbbTTNFKiHvpfyghd+Vb9P1wKoe7cCk9","baseKeyType":1,"closed":-1,"used":1755758929455,"created":1755758929455,"remoteIdentityKey":"BTxEyMLDjqkFwi3nTIdmsSXW/bp9ys/m38ZYjZJhRVpu"},"_chains":{"BfN5VLT7ZbiNKXORrQuqb8UcvcUIuISF7OU2ZgeavkJp":{"chainKey":{"counter":0,"key":"UhLcemsN86oGYfLIUGlJijzvC8dlRjdhWBbq3g5aeJU="},"chainType":1,"messageKeys":{}}},"pendingPreKey":{"signedKeyId":2,"baseKey":"Basg4yVYDUD3TbbTTNFKiHvpfyghd+Vb9P1wKoe7cCk9"}}},"version":"v1"}