{"_sessions":{"BYE2Ee+5WC45d2DjT6o4fMeRGl7bVJRzkb7I75p8Mdt5":{"registrationId":290710767,"currentRatchet":{"ephemeralKeyPair":{"pubKey":"BQDRpW6GC8lIoYqYpbK+aR/hmNttWBdfuxMaZh53omYg","privKey":"wN0aiNRL0GLJ/BmUQsdRllZ4NoNeWXaAb7D00ga7A1E="},"lastRemoteEphemeralKey":"BfUwWyJAY9Q0h30ieJeTvVs6CuBkvvrDKR2GqLjS9Vod","previousCounter":0,"rootKey":"WZNWqddOyK+z0PeKhbNHQAQdEgXyW3j4NtBCoxlg1Tw="},"indexInfo":{"baseKey":"BYE2Ee+5WC45d2DjT6o4fMeRGl7bVJRzkb7I75p8Mdt5","baseKeyType":1,"closed":-1,"used":1755758930442,"created":1755758930442,"remoteIdentityKey":"BdE8Jcihk9Pw5KwkbC+MGUyFrLFlOufuX634KIj/faER"},"_chains":{"BQDRpW6GC8lIoYqYpbK+aR/hmNttWBdfuxMaZh53omYg":{"chainKey":{"counter":0,"key":"j7VTM6TwUxLXK1jb5fiM43SaBjdSyZ6Kkhn+DCTb6/4="},"chainType":1,"messageKeys":{}}},"pendingPreKey":{"signedKeyId":0,"baseKey":"BYE2Ee+5WC45d2DjT6o4fMeRGl7bVJRzkb7I75p8Mdt5","preKeyId":11085370}}},"version":"v1"}