{"_sessions":{"Bf5Mg31tEUcgVAPVT/JUqpsSuCO196Tx67SAhDsL27xC":{"registrationId":1451170852,"currentRatchet":{"ephemeralKeyPair":{"pubKey":"BedXWV4L7xhCmSn0tb8wIjtPZ3TvNHgBDovYO3stAqdw","privKey":"yPc7GUk9Qunw+aJA6t4pRD/hLSGVn4XKzPRhRJqr9mQ="},"lastRemoteEphemeralKey":"BU8wZtDhZjW5IVIbdvOxsXCbSAGxIVg9aZkN8R2c2kMu","previousCounter":0,"rootKey":"t7VzGIG35Cbnzt4cM3yKRRvx92xTHTJxvKQS9r4vDsA="},"indexInfo":{"baseKey":"Bf5Mg31tEUcgVAPVT/JUqpsSuCO196Tx67SAhDsL27xC","baseKeyType":1,"closed":-1,"used":1755758930503,"created":1755758930503,"remoteIdentityKey":"Bc1F6jAhKHBpQvOPgEfk6IDwpCV5mB7OOAb0SU0b4w9v"},"_chains":{"BedXWV4L7xhCmSn0tb8wIjtPZ3TvNHgBDovYO3stAqdw":{"chainKey":{"counter":0,"key":"RmKiqNXhiFup6gMkJLx/C+jxmwDkRe8pb4JxY29mDUY="},"chainType":1,"messageKeys":{}}},"pendingPreKey":{"signedKeyId":2,"baseKey":"Bf5Mg31tEUcgVAPVT/JUqpsSuCO196Tx67SAhDsL27xC"}}},"version":"v1"}