{"_sessions":{"BVnYM8dVs2F1zyh9rZQirtJ3gNyuel7RpLsLfPsCkh8A":{"registrationId":124357379,"currentRatchet":{"ephemeralKeyPair":{"pubKey":"BWzyikkNdvf8wmDnuUYS9Nr5dhzSQYvXQ7nu64bjOqcF","privKey":"iM90am3K52QnVRoh7aBEO74HTIR1nX3DrYiHWqz0R3w="},"lastRemoteEphemeralKey":"BRbbodGf/HXr/Qf0t5UJ8RD4/U2acOtraAaDbi3M/FMH","previousCounter":0,"rootKey":"+OqudWcjW/uNzLhBAdefJwfaQwUD+8Tw62R3QhTEODk="},"indexInfo":{"baseKey":"BVnYM8dVs2F1zyh9rZQirtJ3gNyuel7RpLsLfPsCkh8A","baseKeyType":1,"closed":-1,"used":1755758929633,"created":1755758929633,"remoteIdentityKey":"Bbuo4dYxH1Pn8KGRxb2iOnx+fHUSav1ru+GCTyfqaRQ/"},"_chains":{"BWzyikkNdvf8wmDnuUYS9Nr5dhzSQYvXQ7nu64bjOqcF":{"chainKey":{"counter":0,"key":"ilMYtpfrhJc4vSn5DzqXi/Ks+JOs1zH902SzC9kyFdg="},"chainType":1,"messageKeys":{}}},"pendingPreKey":{"signedKeyId":2918951,"baseKey":"BVnYM8dVs2F1zyh9rZQirtJ3gNyuel7RpLsLfPsCkh8A","preKeyId":11209}}},"version":"v1"}