{"_sessions":{"BVhcayFJrs5gOQRXyGWRe2CWWmiuM4Kdpyhb0nCj9aVe":{"registrationId":1864207668,"currentRatchet":{"ephemeralKeyPair":{"pubKey":"BVNB3e3HSlTE1Ytg0aXumjjKRjZEw7JqsLM+i+tCXIdD","privKey":"4LttJcGQojjSFLvPTz7DLMMOoQRvpkv0bSbq8MhrcEc="},"lastRemoteEphemeralKey":"BdaQtsmkgcz6Zq7MBTcvFmiDIYTiV+tw6h9MrJxwDrF8","previousCounter":0,"rootKey":"eo7GTOY6nzwAj6hYVYUcRlGZFXvDIKkOZk9nXv/YueI="},"indexInfo":{"baseKey":"BVhcayFJrs5gOQRXyGWRe2CWWmiuM4Kdpyhb0nCj9aVe","baseKeyType":1,"closed":-1,"used":1755758930865,"created":1755758930865,"remoteIdentityKey":"BbFw14C5tnfVGJ8I9iLZz94hbLvki0SnGC+hxSSiuJkF"},"_chains":{"BVNB3e3HSlTE1Ytg0aXumjjKRjZEw7JqsLM+i+tCXIdD":{"chainKey":{"counter":0,"key":"v1YKdIfbziuddj6rfm0zlu366eaaW3ORcCjSe+SlBbg="},"chainType":1,"messageKeys":{}}},"pendingPreKey":{"signedKeyId":5,"baseKey":"BVhcayFJrs5gOQRXyGWRe2CWWmiuM4Kdpyhb0nCj9aVe","preKeyId":10178289}}},"version":"v1"}