{"_sessions":{"BUIRQMbrZpaL41DMVDyiAy1Ge343jYqcM7TK0R5E3upP":{"registrationId":431235265,"currentRatchet":{"ephemeralKeyPair":{"pubKey":"BU4dG9ZPNur3Qyaernc3iposBNiFLcnFXJ/2C/ogJXhs","privKey":"QFuVVMTG6ckpjQINNF9Eyea8GDqXZiJKv0ldPZmBPm8="},"lastRemoteEphemeralKey":"BX5XtzWVWIo92aRw7DoNNLMs7eqfbWr/PhUAWxtOLKBT","previousCounter":0,"rootKey":"4HSt1q7UdQz6VU0zQL2KgOtzUl6rPzh+B5EdGOQvQ60="},"indexInfo":{"baseKey":"BUIRQMbrZpaL41DMVDyiAy1Ge343jYqcM7TK0R5E3upP","baseKeyType":1,"closed":-1,"used":1755758928661,"created":1755758928661,"remoteIdentityKey":"BTNfQhqCV/v2fjY7/S48TIc+5PK80n9NsMoQrrqpvAp4"},"_chains":{"BU4dG9ZPNur3Qyaernc3iposBNiFLcnFXJ/2C/ogJXhs":{"chainKey":{"counter":0,"key":"w1zsCipJTLBnDCmwMh/1fjoYQoNKo5dA7N4+JgkOLCE="},"chainType":1,"messageKeys":{}}},"pendingPreKey":{"signedKeyId":3,"baseKey":"BUIRQMbrZpaL41DMVDyiAy1Ge343jYqcM7TK0R5E3upP","preKeyId":13836481}}},"version":"v1"}