{"_sessions":{"BbIKrmBQkzrpcj8+frW3uwz7ep2CfLm8HEsyQ4rVYEoT":{"registrationId":1933220818,"currentRatchet":{"ephemeralKeyPair":{"pubKey":"BYieb9CzbcvkyghRe4OP4tpvjAs9TMjZfAjj4vk9Fow9","privKey":"kLj4YaIKOWJ3azemV+qnvqfLnEonNlNX/nwyALp7WVQ="},"lastRemoteEphemeralKey":"BWuulPvSqwJZFlckh2OarEupHCoGW6owKSRvRj9fssxx","previousCounter":0,"rootKey":"+1M94HsWpNRn6n42I9UQlS/c26me+3eYbX6xGmpCLh0="},"indexInfo":{"baseKey":"BbIKrmBQkzrpcj8+frW3uwz7ep2CfLm8HEsyQ4rVYEoT","baseKeyType":1,"closed":-1,"used":1755758929263,"created":1755758929263,"remoteIdentityKey":"BXdYT0Z6o5YE1cMKhHucGKo6AUHrxFiivqOOtH15a3Al"},"_chains":{"BYieb9CzbcvkyghRe4OP4tpvjAs9TMjZfAjj4vk9Fow9":{"chainKey":{"counter":0,"key":"4LETWcFOYt7Ec8Xg4DfkJ59xzmdLhsPctbSnne4W3dk="},"chainType":1,"messageKeys":{}}},"pendingPreKey":{"signedKeyId":30,"baseKey":"BbIKrmBQkzrpcj8+frW3uwz7ep2CfLm8HEsyQ4rVYEoT","preKeyId":12533172}}},"version":"v1"}