{"_sessions":{"BZnYMLCaIh3F8bFJ8Kruu6cRWFz+Apzq7oOGWxzCpKAi":{"registrationId":2115957801,"currentRatchet":{"ephemeralKeyPair":{"pubKey":"BbozToY77udaahRBrh6ow6r9/+oRgmcrw2sCsWMAO+0D","privKey":"iKJpW56viXcq2BXmiEOj/VJfKbtGVN4BzENh5gKrFEk="},"lastRemoteEphemeralKey":"BdS3A39gYOthB9qnfD0nUg8P3uVv3uLqd8yWkj03slpV","previousCounter":0,"rootKey":"mXvr3t9ilSIwMrjikFVm3bkdy+zXn7sVfL5XHSq8Okg="},"indexInfo":{"baseKey":"BZnYMLCaIh3F8bFJ8Kruu6cRWFz+Apzq7oOGWxzCpKAi","baseKeyType":1,"closed":-1,"used":1755758929123,"created":1755758929123,"remoteIdentityKey":"BdFd940Rwx91HNpcvfjcQUn+wNphEOAYiis6+NTVvBRB"},"_chains":{"BbozToY77udaahRBrh6ow6r9/+oRgmcrw2sCsWMAO+0D":{"chainKey":{"counter":0,"key":"W1KLJZBrD1Yxteq82NW8yynJHpHX2+X2iEyVHl+zYfE="},"chainType":1,"messageKeys":{}}},"pendingPreKey":{"signedKeyId":3,"baseKey":"BZnYMLCaIh3F8bFJ8Kruu6cRWFz+Apzq7oOGWxzCpKAi","preKeyId":3370587}}},"version":"v1"}