{"_sessions":{"BQT3LYHJ9a9xS54f8EYrz3KJbqaR0ongmnkwoCCkNOkE":{"registrationId":683609266,"currentRatchet":{"ephemeralKeyPair":{"pubKey":"BcKqwVwhuOGEa+nJSahXOAkxg34FVGm5IarRvNREy9x6","privKey":"2JQoPLUOjDdtiJE8/27dkcHVHwuI85APFDaVfovrwW4="},"lastRemoteEphemeralKey":"Ba2ZQ4EAw48gFg67tdwMe7TgbqQ6e6CMaGn2u1B0GeEk","previousCounter":0,"rootKey":"U91euB4VxKv2hN3JDZ8QK8YhjUtp7HXzraRJa/2oy8Q="},"indexInfo":{"baseKey":"BQT3LYHJ9a9xS54f8EYrz3KJbqaR0ongmnkwoCCkNOkE","baseKeyType":1,"closed":-1,"used":1755758929946,"created":1755758929946,"remoteIdentityKey":"BY8uB3QrkC3d34sZ2YXYqN9zVtGqTdSdZqbPqj+gankp"},"_chains":{"BcKqwVwhuOGEa+nJSahXOAkxg34FVGm5IarRvNREy9x6":{"chainKey":{"counter":0,"key":"HUkhcYGZ4vqRt+eqoT1N3hSFodFYD+Kd0OSF7xIm6xw="},"chainType":1,"messageKeys":{}}},"pendingPreKey":{"signedKeyId":10,"baseKey":"BQT3LYHJ9a9xS54f8EYrz3KJbqaR0ongmnkwoCCkNOkE","preKeyId":1004288}}},"version":"v1"}