{"_sessions":{"BS+9KseE4ohMY8z0X3jSEIjqS5j7Am0yIsBc0PJROqY/":{"registrationId":1402519588,"currentRatchet":{"ephemeralKeyPair":{"pubKey":"BeqnKszhQe6ANxKNkSab4wXwVcrU+oH1jIY0zzeThGNx","privKey":"MMs+Ynw7RRLItV1ur6c+4gVazqb+Nra53vK5HJjpok4="},"lastRemoteEphemeralKey":"Bax5Izf1hqQdipvdjtxIuwX0y8N5CzBtfDs8N66BfTx4","previousCounter":0,"rootKey":"Fq1Bk2tsdzenqr6n2zwfhnliUTYVFnODl90HqsH7SHM="},"indexInfo":{"baseKey":"BS+9KseE4ohMY8z0X3jSEIjqS5j7Am0yIsBc0PJROqY/","baseKeyType":1,"closed":-1,"used":1755758929182,"created":1755758929182,"remoteIdentityKey":"Bd0AUu4ApcrcPBiiMnob07CBzSuYTjA6R+rhUogRx+UR"},"_chains":{"BeqnKszhQe6ANxKNkSab4wXwVcrU+oH1jIY0zzeThGNx":{"chainKey":{"counter":0,"key":"TqWsfoDjvuuw1yXVGK1HErfYZtg4N6M0WMFEF5Rr2H0="},"chainType":1,"messageKeys":{}}},"pendingPreKey":{"signedKeyId":2935726,"baseKey":"BS+9KseE4ohMY8z0X3jSEIjqS5j7Am0yIsBc0PJROqY/","preKeyId":13493}}},"version":"v1"}