{"_sessions":{"BbryDYWmcZgyPSJJSjxozAN6KcdOGltxYfZsj3vWXF0m":{"registrationId":2110067991,"currentRatchet":{"ephemeralKeyPair":{"pubKey":"BfsTaynPgxbj7gSfMxMwDQnT8gqn6qHggv6x5hmh2p0+","privKey":"GMxxdYoZMgL8UrTFFvtX79pEZqTkrFCSE+zYV2OcqFk="},"lastRemoteEphemeralKey":"BaJN4l232ZdtegRwDmadTr1IkrluMtzfHV76WepCmwdT","previousCounter":0,"rootKey":"wj3FBwY0Thr8gyLga9kkKbiAhiG5b/lguQGEQU2Oxc4="},"indexInfo":{"baseKey":"BbryDYWmcZgyPSJJSjxozAN6KcdOGltxYfZsj3vWXF0m","baseKeyType":1,"closed":-1,"used":1755758930773,"created":1755758930773,"remoteIdentityKey":"BVb4bsXwXjXs0CXD9snTQQkoA4cbjGEfuZqFyX1HGtAe"},"_chains":{"BfsTaynPgxbj7gSfMxMwDQnT8gqn6qHggv6x5hmh2p0+":{"chainKey":{"counter":0,"key":"luePI2AQtIVJzSapT9JJr5l22iw30TiAh0qYxSiDF9A="},"chainType":1,"messageKeys":{}}},"pendingPreKey":{"signedKeyId":7,"baseKey":"BbryDYWmcZgyPSJJSjxozAN6KcdOGltxYfZsj3vWXF0m","preKeyId":1070381}}},"version":"v1"}