{"_sessions":{"BWYTChUGfhIeG7nIBRa/a4KEozwH6z6PQ/wsG6mjc0ZL":{"registrationId":229213725,"currentRatchet":{"ephemeralKeyPair":{"pubKey":"BbF9EdDwnT4uuWQutXI/ZCpKGh2h0DZBJNZpVxEOBtwz","privKey":"AFQz+PTet9oUU2yB8qC1r3Ux7FBlyQOp/JTbjx6bIls="},"lastRemoteEphemeralKey":"BYnmt41dRDNobDgyp0Gl4KYThFuLekMBNsCSWUyy7S1I","previousCounter":0,"rootKey":"ifZz3UlCjRnYwM68G2Nj2GZTVMFQVeTuP91YenncniE="},"indexInfo":{"baseKey":"BWYTChUGfhIeG7nIBRa/a4KEozwH6z6PQ/wsG6mjc0ZL","baseKeyType":2,"closed":-1,"used":1755758793255,"created":1755758793255,"remoteIdentityKey":"BQVBdmlYMBNJpZGcs1PxX3ox3maUwONaza7pDVIh0J5E"},"_chains":{"BYnmt41dRDNobDgyp0Gl4KYThFuLekMBNsCSWUyy7S1I":{"chainKey":{"counter":0,"key":"Qo+9Oasgs6EGM1Sg5qam0OgWXGsTa96LbL8J+7ZecLI="},"chainType":2,"messageKeys":{}},"BbF9EdDwnT4uuWQutXI/ZCpKGh2h0DZBJNZpVxEOBtwz":{"chainKey":{"counter":0,"key":"Gmza6IFNsqypGBctFYmE2fiKWbcCtZQ2nRDpjfoUcpQ="},"chainType":1,"messageKeys":{}}}}},"version":"v1"}