{"_sessions":{"BfFvtdxd7MNXhAii8l/6ANRTz4EbT1j7tX6xAl3p6VIB":{"registrationId":996480069,"currentRatchet":{"ephemeralKeyPair":{"pubKey":"BR2CsjXpF9NwO9/ItmgQd+Rr6avffJSuMIGZXatSBRM+","privKey":"sFQIL8PQat7IeA2T0uJpPy7qPZG0uGOl0JzXpYeWZ3s="},"lastRemoteEphemeralKey":"BSy0jahZ/NrTM67/EzAiZh8FZpkCJ4N7caelbXGLs+QA","previousCounter":0,"rootKey":"fr+Uvw7/Z6p1ho3kmdQb/yTE3uiXVvNMkrugyhWct98="},"indexInfo":{"baseKey":"BfFvtdxd7MNXhAii8l/6ANRTz4EbT1j7tX6xAl3p6VIB","baseKeyType":1,"closed":-1,"used":1755758928964,"created":1755758928964,"remoteIdentityKey":"BfNFnNKb6Uzp3oV+cyrG5gDa+qeNRVQdjF8kVlNlCc5M"},"_chains":{"BR2CsjXpF9NwO9/ItmgQd+Rr6avffJSuMIGZXatSBRM+":{"chainKey":{"counter":0,"key":"hpqHRt/WYMbrUXQnkhL8y/MWxX5pTBpCSOCmk946CXk="},"chainType":1,"messageKeys":{}}},"pendingPreKey":{"signedKeyId":3996043,"baseKey":"BfFvtdxd7MNXhAii8l/6ANRTz4EbT1j7tX6xAl3p6VIB","preKeyId":9704}}},"version":"v1"}