{"_sessions":{"BYHjeXWo/+3kp9wgZpuP01HaOctNQ9BQcoDmDFeyGth2":{"registrationId":1724451477,"currentRatchet":{"ephemeralKeyPair":{"pubKey":"BVLxbZMDNKS0kcG8Kv5T8VLToqDHzpy5JXOv8CaUBmoF","privKey":"0KE2ymh2ht+L+ZvXqFysqSoPy4Znbf3FBXLKtntcImQ="},"lastRemoteEphemeralKey":"BbO2GgiCXjG0dwPjCLfS9CnfeHIRDIZbIBShR3udzKga","previousCounter":0,"rootKey":"Jk4pqqAbosEc4vVEK5Px2ZlKWir6p/waDMHqEJ4JDbw="},"indexInfo":{"baseKey":"BYHjeXWo/+3kp9wgZpuP01HaOctNQ9BQcoDmDFeyGth2","baseKeyType":1,"closed":-1,"used":1755758929983,"created":1755758929983,"remoteIdentityKey":"BWofK53usW3jeAX0ZpAtLaCJ6ld3TP/bhFFHXSG7e+tI"},"_chains":{"BVLxbZMDNKS0kcG8Kv5T8VLToqDHzpy5JXOv8CaUBmoF":{"chainKey":{"counter":0,"key":"EfnQR0QRHr+tKZKiii0z/TbDace+uAuhSUAn9zBWtj4="},"chainType":1,"messageKeys":{}}},"pendingPreKey":{"signedKeyId":11,"baseKey":"BYHjeXWo/+3kp9wgZpuP01HaOctNQ9BQcoDmDFeyGth2","preKeyId":5674979}}},"version":"v1"}