{"_sessions":{"Bb28e4Dd+EsQbbadMZI8cAR98ZGS7Vo5dVof7FCanNMZ":{"registrationId":1856739946,"currentRatchet":{"ephemeralKeyPair":{"pubKey":"BX2tyIn6PW9ySKMkFYD3u2HqRV7oZWwmxLFAhC1oPjkr","privKey":"WCNLOMq9rkkNS7hZ84kiHVhZLfqbDSDLF9nf3eUFMFU="},"lastRemoteEphemeralKey":"BS033pRC3pQmbOJ2OTxPvXfBPOyZZkk6R5O2BVEPZcA8","previousCounter":0,"rootKey":"Tr/OrwBfA4cI5ZIe0cJiI6zl31B+DXEC5JY9JFT8oH8="},"indexInfo":{"baseKey":"Bb28e4Dd+EsQbbadMZI8cAR98ZGS7Vo5dVof7FCanNMZ","baseKeyType":1,"closed":-1,"used":1755758930214,"created":1755758930214,"remoteIdentityKey":"BYS+xuZCZYcKAMj3R8UuTnxCGKVc5PQ7UHC79TJR849n"},"_chains":{"BX2tyIn6PW9ySKMkFYD3u2HqRV7oZWwmxLFAhC1oPjkr":{"chainKey":{"counter":0,"key":"JIn0uEvo3Ct/PuxZLe17nt89b2L/kGSgfy5WuDXfliM="},"chainType":1,"messageKeys":{}}},"pendingPreKey":{"signedKeyId":7819938,"baseKey":"Bb28e4Dd+EsQbbadMZI8cAR98ZGS7Vo5dVof7FCanNMZ","preKeyId":3408}}},"version":"v1"}