{"_sessions":{"Bf5g7mzE6yjssqZnmozAfETooQcHTu42nv89LdXHEO8F":{"registrationId":1857222305,"currentRatchet":{"ephemeralKeyPair":{"pubKey":"BZKkH4z5A+tIjH7pxK7p9JwEo/HIEHuIsWZYdXvyoWQn","privKey":"qL9ZO+5+nEUi1cyjpzqyX0r0fVZeYvu0RuguJzLmvHY="},"lastRemoteEphemeralKey":"BR9GG03UsB7YYqvr7K+TgGA7mz8C6HlNxyjw5K5lE08X","previousCounter":0,"rootKey":"QnwkuoJciBrwqTngh/pwCDZ69K4rVdD/u7fa5ueLye0="},"indexInfo":{"baseKey":"Bf5g7mzE6yjssqZnmozAfETooQcHTu42nv89LdXHEO8F","baseKeyType":1,"closed":-1,"used":1755758928860,"created":1755758928860,"remoteIdentityKey":"BTykxO7Fg2QJUOli+hlaTHGYeKNRC+s+M5O1ui/THqIr"},"_chains":{"BZKkH4z5A+tIjH7pxK7p9JwEo/HIEHuIsWZYdXvyoWQn":{"chainKey":{"counter":0,"key":"rU4waAwM82ne5CgTfwUcJFEc70o6xfZMk8UTEkrMFpo="},"chainType":1,"messageKeys":{}}},"pendingPreKey":{"signedKeyId":12682350,"baseKey":"Bf5g7mzE6yjssqZnmozAfETooQcHTu42nv89LdXHEO8F","preKeyId":14509}}},"version":"v1"}