{"_sessions":{"BYdLelQ0+aRUG2WWqy/CRSUuvABxID0k3nFfgiU8ZCwH":{"registrationId":587954684,"currentRatchet":{"ephemeralKeyPair":{"pubKey":"BXK1GmpcHjPZQTPk/eBaSy9d9ovswVoeiOQjYE6p/t8K","privKey":"+CEUf9ktAOhk6yAjSJ/KWUrIZxisPDW9m5td0Oc5YEQ="},"lastRemoteEphemeralKey":"BZsQRYoOvJqwNVLElusU4idZMxPC7j3B7Axzp4zSuyJL","previousCounter":0,"rootKey":"lwha7eDoxduU04ElkWFX/bnUlFgkjCObSkSImvUTC2k="},"indexInfo":{"baseKey":"BYdLelQ0+aRUG2WWqy/CRSUuvABxID0k3nFfgiU8ZCwH","baseKeyType":1,"closed":-1,"used":1755758928839,"created":1755758928839,"remoteIdentityKey":"BfOzV6dfuOddnDHMYQc1CCIRug4rU72DUN/IVSHIcQ0o"},"_chains":{"BXK1GmpcHjPZQTPk/eBaSy9d9ovswVoeiOQjYE6p/t8K":{"chainKey":{"counter":0,"key":"7EC+LVf3QY86sb8RUE7XoS/M0ZXyMLtS/sdAzSm6cbk="},"chainType":1,"messageKeys":{}}},"pendingPreKey":{"signedKeyId":20,"baseKey":"BYdLelQ0+aRUG2WWqy/CRSUuvABxID0k3nFfgiU8ZCwH","preKeyId":7232665}}},"version":"v1"}