{"_sessions":{"BZ052i4n00/8N2Si7xxBIVMkqy8kPl5byPt+edRRcC50":{"registrationId":934877895,"currentRatchet":{"ephemeralKeyPair":{"pubKey":"BSg6WIHpDvMR1D4FiOjd37Nw31bq64z430X7mObuMPcm","privKey":"6ClltulQMl4O5ICCwxJ0YgMB6g+7VAvc69fxvnsCZlM="},"lastRemoteEphemeralKey":"BeynTPrEIGNZmWQ9YGWqbX/A9OFhV0zozniynsz7YRAg","previousCounter":0,"rootKey":"OnFllZzN01iKeYk+XcLSx6QOyY1hmcip2d8dVUmpRNc="},"indexInfo":{"baseKey":"BZ052i4n00/8N2Si7xxBIVMkqy8kPl5byPt+edRRcC50","baseKeyType":1,"closed":-1,"used":1755758928448,"created":1755758928448,"remoteIdentityKey":"BZr0DtX2cEl1zVvxxZDJvZk61sXN0h3bVwxrbLXn7ycb"},"_chains":{"BSg6WIHpDvMR1D4FiOjd37Nw31bq64z430X7mObuMPcm":{"chainKey":{"counter":0,"key":"e7H11bVSyi3f9kZ8VmvdGFvjV14WsXCRA5mqYiSVZGI="},"chainType":1,"messageKeys":{}}},"pendingPreKey":{"signedKeyId":1,"baseKey":"BZ052i4n00/8N2Si7xxBIVMkqy8kPl5byPt+edRRcC50"}}},"version":"v1"}