{"_sessions":{"BSrGbOqTsEyq/deD85G/CDfynEJUVHrSQpWiNCyQ0XAq":{"registrationId":198317067,"currentRatchet":{"ephemeralKeyPair":{"pubKey":"BWmnHhk7+j4OR7fdq6TItKYj7d20ocO79GAKpyecpABR","privKey":"cDs+2mlT3N+CxRuayAVZwWOtVQuSEAeog8djR86+r0w="},"lastRemoteEphemeralKey":"BUQc6R/GswxWJSfQRQ/lwxJwN6Oz+4XfPg9lEUnoYbNm","previousCounter":0,"rootKey":"SKdQrW1FCvRgLZUZfnYVqL3YppTcsF26kvbSH6Gcl6w="},"indexInfo":{"baseKey":"BSrGbOqTsEyq/deD85G/CDfynEJUVHrSQpWiNCyQ0XAq","baseKeyType":1,"closed":-1,"used":1755758929716,"created":1755758929716,"remoteIdentityKey":"Bahw64H8ZY/5d4PaKHl3X3fIEF7CHD8izWFFPSr/X3hA"},"_chains":{"BWmnHhk7+j4OR7fdq6TItKYj7d20ocO79GAKpyecpABR":{"chainKey":{"counter":0,"key":"bOwpHUYWZ+kinNCxWnRBJxn6MOtPYiFUueknNQiffGM="},"chainType":1,"messageKeys":{}}},"pendingPreKey":{"signedKeyId":8,"baseKey":"BSrGbOqTsEyq/deD85G/CDfynEJUVHrSQpWiNCyQ0XAq","preKeyId":16710211}}},"version":"v1"}