{"_sessions":{"BSQB6A4iob6aDQBGzghSG26iGkPguxsxlEKvkSd6SAkJ":{"registrationId":198227240,"currentRatchet":{"ephemeralKeyPair":{"pubKey":"BbjMDuOgbH8HVDLRS3Mi7KAEAy+KLnwQ4zknLyLfMp0l","privKey":"UAwwn19E5Kq3jFqLsfccoRI343G7h3UI2jNZmDwIz1U="},"lastRemoteEphemeralKey":"BQVDUW1F3UaBJy0GoXxcQJsVaO9s1nPn19g14oFHr5Iy","previousCounter":0,"rootKey":"hDnRZVM0fhcgC7SDdErUifugISIfxtqbXZMQY9BA0cs="},"indexInfo":{"baseKey":"BSQB6A4iob6aDQBGzghSG26iGkPguxsxlEKvkSd6SAkJ","baseKeyType":1,"closed":-1,"used":1755758930153,"created":1755758930153,"remoteIdentityKey":"BTBvRRfEKtdfysw4ls0PXjebpnn46o92cKZiD6TyMnAG"},"_chains":{"BbjMDuOgbH8HVDLRS3Mi7KAEAy+KLnwQ4zknLyLfMp0l":{"chainKey":{"counter":0,"key":"zQKMSpPu6i4c+mLjs2+YXG8Qk3yAT6ugYMc0aFUT8fM="},"chainType":1,"messageKeys":{}}},"pendingPreKey":{"signedKeyId":15,"baseKey":"BSQB6A4iob6aDQBGzghSG26iGkPguxsxlEKvkSd6SAkJ","preKeyId":6892511}}},"version":"v1"}