{"_sessions":{"BUhBzQodgmqZIoBWVkouigGvPBnRJZs9iy/E3VIZOmxy":{"registrationId":35227138,"currentRatchet":{"ephemeralKeyPair":{"pubKey":"BaQbtnb7r0VI2uAfvQVs60Ay6lCJzplTcShUtNSvnssX","privKey":"yA1BzfYsNd781qzm5StXzbKPTh3UQGVo9etDqNffUGQ="},"lastRemoteEphemeralKey":"BR7L+P3moEDor41cYYzCfL4ymqvvoVTGvAipCiU1kxgT","previousCounter":0,"rootKey":"KURfov6sZRV3CZgBRnksvpRDLaMMSZL0bs2efFno+vA="},"indexInfo":{"baseKey":"BUhBzQodgmqZIoBWVkouigGvPBnRJZs9iy/E3VIZOmxy","baseKeyType":1,"closed":-1,"used":1755758929353,"created":1755758929353,"remoteIdentityKey":"BftO366h4hSPzVNj5RibzVJwsq1+/qJYieE1BaJJa8U0"},"_chains":{"BaQbtnb7r0VI2uAfvQVs60Ay6lCJzplTcShUtNSvnssX":{"chainKey":{"counter":0,"key":"OmPKCmgqS5XSDf3Z2qen2ghDVwgT2tZzUpe4LYkABBk="},"chainType":1,"messageKeys":{}}},"pendingPreKey":{"signedKeyId":11098956,"baseKey":"BUhBzQodgmqZIoBWVkouigGvPBnRJZs9iy/E3VIZOmxy","preKeyId":8270}}},"version":"v1"}