{"_sessions":{"BadwTaBJ2dbP4jPDmpQ06hz2X/ZBGHtKF5tkAIe/4GMq":{"registrationId":205543917,"currentRatchet":{"ephemeralKeyPair":{"pubKey":"BWfPeYByM+y+H/0V84DDkbso7deFlw9qNfK0Y/A2h7cK","privKey":"SBbf/za2zSN2IGvfNWmFNSDLOOfdm2o8IjG3hTV1eXc="},"lastRemoteEphemeralKey":"BVhq89hOVV0oXRcezjuxb0O9pR3dQU55RIgfxzrBffpa","previousCounter":0,"rootKey":"tq8i671oo4lAwfcMyJ9QT5i3YKl8SqUMEO3j/xE+IOc="},"indexInfo":{"baseKey":"BadwTaBJ2dbP4jPDmpQ06hz2X/ZBGHtKF5tkAIe/4GMq","baseKeyType":1,"closed":-1,"used":1755758928919,"created":1755758928919,"remoteIdentityKey":"BZnhif5ZKcJ3YG9N8VuiR7l1hJwFB6ZiBLhgEwmGgWA+"},"_chains":{"BWfPeYByM+y+H/0V84DDkbso7deFlw9qNfK0Y/A2h7cK":{"chainKey":{"counter":0,"key":"O2fth22AexCYJRW6djj6l7EHo0m6Iwx00un3PZB4gpg="},"chainType":1,"messageKeys":{}}},"pendingPreKey":{"signedKeyId":7615570,"baseKey":"BadwTaBJ2dbP4jPDmpQ06hz2X/ZBGHtKF5tkAIe/4GMq","preKeyId":3276}}},"version":"v1"}