{"_sessions":{"BWHbrc2DkC17hFXf923aSCBfE71R+QfEvunUjg6C7w19":{"registrationId":1865818002,"currentRatchet":{"ephemeralKeyPair":{"pubKey":"BVdQnxmRSLz+n4vS+deOQTehQpVCzTt6nsBQ90clJ+pI","privKey":"qNQzev2zl9D4UCoYtAAGon8i8GSGvocDx7FxdI2BX3o="},"lastRemoteEphemeralKey":"BXgg7yLMYy1XR5A2e9qzFwQe2+wnMqi8I/71TXJJHagl","previousCounter":0,"rootKey":"juFaIOMF0Nz8b6uDjILKjMWwxxYCHw8ZISoX+g33dQ0="},"indexInfo":{"baseKey":"BWHbrc2DkC17hFXf923aSCBfE71R+QfEvunUjg6C7w19","baseKeyType":1,"closed":-1,"used":1755758930479,"created":1755758930479,"remoteIdentityKey":"BchnrujhgaJ3Z+fVHAqKSl6KiaA3vRKeOdSv4AuKaYYJ"},"_chains":{"BVdQnxmRSLz+n4vS+deOQTehQpVCzTt6nsBQ90clJ+pI":{"chainKey":{"counter":0,"key":"hyd5obfgJOeLqycI5fMyN+7VSyq6uTNHnY3+DIgUW7E="},"chainType":1,"messageKeys":{}}},"pendingPreKey":{"signedKeyId":9,"baseKey":"BWHbrc2DkC17hFXf923aSCBfE71R+QfEvunUjg6C7w19","preKeyId":5480589}}},"version":"v1"}