{"_sessions":{"Baj9mfJ5w0zYP/xzDG0c1jO+TAldUWE78GfzKi46L9F0":{"registrationId":1929666622,"currentRatchet":{"ephemeralKeyPair":{"pubKey":"Be9clbLprUKRaVQcJr3Q9oY5IZ8y0YLX92+ZP6W9KKEI","privKey":"qDk72WqrtBozYQoEnnXvIMbSKWnQ5pJnM8gnBbCAkEQ="},"lastRemoteEphemeralKey":"Bcix+grdZLDbhIp9OW7k+COefNfzc0vtVybuOOyNyA05","previousCounter":0,"rootKey":"xyJxX7sw5OpGJH22Ij3osGFCeQ2uNAgrcbgcq7YP9Nw="},"indexInfo":{"baseKey":"Baj9mfJ5w0zYP/xzDG0c1jO+TAldUWE78GfzKi46L9F0","baseKeyType":1,"closed":-1,"used":1755758928469,"created":1755758928469,"remoteIdentityKey":"BSt1BxgSlLcuExiGsb3tkXjlAk9l1sIGslAwHw7CRJkY"},"_chains":{"Be9clbLprUKRaVQcJr3Q9oY5IZ8y0YLX92+ZP6W9KKEI":{"chainKey":{"counter":0,"key":"M3VsL6JVZ/46WK0QKcdkuar6+0bfzmy7q6hIDyBTmEo="},"chainType":1,"messageKeys":{}}},"pendingPreKey":{"signedKeyId":8,"baseKey":"Baj9mfJ5w0zYP/xzDG0c1jO+TAldUWE78GfzKi46L9F0","preKeyId":16351602}}},"version":"v1"}