{"_sessions":{"BXCyjoFKYOPyKjXHdN1P5hcojtBlK5yOJE92LxMZrC8U":{"registrationId":580373403,"currentRatchet":{"ephemeralKeyPair":{"pubKey":"BWw6bdIT1vEOQsQ0Zg/CajIzNsYL2cMvOjuLsZkBHhhn","privKey":"4GnMHHUV+68JXFMzWe4YMlGmFtqvcBuAlUXgS4J931k="},"lastRemoteEphemeralKey":"BUu7XhuxoapUEMjcpefaJ3pKvng6xwsEEdLYESMsmr4O","previousCounter":0,"rootKey":"pCsGxJyWWsvvQrpWiUI2QAs2oeIgvkeKaHNXLxQR9D0="},"indexInfo":{"baseKey":"BXCyjoFKYOPyKjXHdN1P5hcojtBlK5yOJE92LxMZrC8U","baseKeyType":1,"closed":-1,"used":1755758929988,"created":1755758929988,"remoteIdentityKey":"BU3VbPVT8E/gVxMiUNac084ltqc5M0whfCLIC7eDo+Fl"},"_chains":{"BWw6bdIT1vEOQsQ0Zg/CajIzNsYL2cMvOjuLsZkBHhhn":{"chainKey":{"counter":0,"key":"JkBqOFGHEM+OdTiOWYABgDioUlwf2Tcd9klRzxvT5Wc="},"chainType":1,"messageKeys":{}}},"pendingPreKey":{"signedKeyId":9,"baseKey":"BXCyjoFKYOPyKjXHdN1P5hcojtBlK5yOJE92LxMZrC8U","preKeyId":11652032}}},"version":"v1"}