{"_sessions":{"BYbAEXnSlzhFx+yJipmavEAiuSqWsFQ3yRs3HdBvEZ10":{"registrationId":1278880385,"currentRatchet":{"ephemeralKeyPair":{"pubKey":"BfTXeTX1dgNhr3lN+llG6o3w0AQt/is5FpEhdkdqdQBU","privKey":"GCpQypIohUp5O2ozqunSuG92OodZUnIfNgqh+oEtBV8="},"lastRemoteEphemeralKey":"BXy09Noay1NdfY+jmqrCNMtt9CcqB3yRlTLJ96JyeSQZ","previousCounter":0,"rootKey":"CUwGrfeYi47iXLwYPoODUb3R4aJo8wDMjkpW0s0Dnws="},"indexInfo":{"baseKey":"BYbAEXnSlzhFx+yJipmavEAiuSqWsFQ3yRs3HdBvEZ10","baseKeyType":1,"closed":-1,"used":1755758928459,"created":1755758928459,"remoteIdentityKey":"BXjYzJQba9fWprHTZZB/WTg3FL+jYnpPd26TAAXNRdJV"},"_chains":{"BfTXeTX1dgNhr3lN+llG6o3w0AQt/is5FpEhdkdqdQBU":{"chainKey":{"counter":0,"key":"MAWEXsQTiPKOtTg/z1uFIKuyEEReIzs6Fc24gQWLNzo="},"chainType":1,"messageKeys":{}}},"pendingPreKey":{"signedKeyId":6565025,"baseKey":"BYbAEXnSlzhFx+yJipmavEAiuSqWsFQ3yRs3HdBvEZ10","preKeyId":21077}}},"version":"v1"}