{"_sessions":{"BRZWahtp3wETb8gTRdvQt+JH57Z6lNjhqwy3RnEY3rsF":{"registrationId":639344846,"currentRatchet":{"ephemeralKeyPair":{"pubKey":"BXlHhHKYOyleTl/RzZ4l2bZTYFKT+TuYtVq6IISK1o5J","privKey":"mCZoKW/bISKtXEQ2PhPShfUvwizt75JfolArvRDUJGw="},"lastRemoteEphemeralKey":"BWGZF7m5cVlsvfejJ0Sftk9/uemZHkkCNpfHEXYdrX9j","previousCounter":0,"rootKey":"ABjJpm+MQ3YA+LhFjUb5LDqzKYBZ13vtKAdFxyZyA7w="},"indexInfo":{"baseKey":"BRZWahtp3wETb8gTRdvQt+JH57Z6lNjhqwy3RnEY3rsF","baseKeyType":1,"closed":-1,"used":1755758930718,"created":1755758930718,"remoteIdentityKey":"Ba6F0v519xKl3Ak2FVN1hrGPOk1r9M46PPdAkDB3lINc"},"_chains":{"BXlHhHKYOyleTl/RzZ4l2bZTYFKT+TuYtVq6IISK1o5J":{"chainKey":{"counter":0,"key":"r5mrOFmuWXgJQzFd+LuVu17hDpS4jPsiHZZRP1G0d3A="},"chainType":1,"messageKeys":{}}},"pendingPreKey":{"signedKeyId":6,"baseKey":"BRZWahtp3wETb8gTRdvQt+JH57Z6lNjhqwy3RnEY3rsF","preKeyId":5825130}}},"version":"v1"}