{"_sessions":{"BSUSl47UTv1kA7C208CDiuOQ05hO7jay8UhJUz/5GWoQ":{"registrationId":1776536755,"currentRatchet":{"ephemeralKeyPair":{"pubKey":"BRQ2KN3wQUmYkZLhkVhKe45fPWp0DFFQjYabch6GrX1n","privKey":"wBAqMLM6p1zivTQYBGB+nYetyTl7azoWNReQUoBSclI="},"lastRemoteEphemeralKey":"BSJmXQmwKg8YYh9rDwgHKFQyDVWLJGkILDSkE4XILG0H","previousCounter":0,"rootKey":"HMShPa8xvPYX2fdn5AmOJLQT/61J0bChKMk5v3Q48jc="},"indexInfo":{"baseKey":"BSUSl47UTv1kA7C208CDiuOQ05hO7jay8UhJUz/5GWoQ","baseKeyType":1,"closed":-1,"used":1755758929584,"created":1755758929584,"remoteIdentityKey":"BeC94bVrwV9WRS0cXUTa6NyDkiy8lUti8CpsjoYRE19A"},"_chains":{"BRQ2KN3wQUmYkZLhkVhKe45fPWp0DFFQjYabch6GrX1n":{"chainKey":{"counter":0,"key":"an68aMU0eqYSOLvZtEa/CzxItqzTy4DZZOLeOcNPHFQ="},"chainType":1,"messageKeys":{}}},"pendingPreKey":{"signedKeyId":8,"baseKey":"BSUSl47UTv1kA7C208CDiuOQ05hO7jay8UhJUz/5GWoQ","preKeyId":9282852}}},"version":"v1"}