{"_sessions":{"BTeKJzna7ErqDTsnWq9wsZVhMibObtemmvfi434isNhH":{"registrationId":764955677,"currentRatchet":{"ephemeralKeyPair":{"pubKey":"BZMOQ03AaOBx69y5i611NwAUk6EtcnVS2w//vqSDD8Vf","privKey":"gFfxwvlFhU7gjmeeYekowv6t51LAdsRcpUkDoAHbi3A="},"lastRemoteEphemeralKey":"BeSJJi9xMK4Gm5acq2RRhEA9v9IJBGpGqkJ3UnOWWZEg","previousCounter":0,"rootKey":"NIj8Itm91JDvtbKE+kYgt3DZPRDcoOktPH4g0aOLmHY="},"indexInfo":{"baseKey":"BTeKJzna7ErqDTsnWq9wsZVhMibObtemmvfi434isNhH","baseKeyType":1,"closed":-1,"used":1755758929176,"created":1755758929176,"remoteIdentityKey":"BRC+Ai8H8WUefnvEyrpxYZmL4CQf0xLd7S8EOsk4KsdE"},"_chains":{"BZMOQ03AaOBx69y5i611NwAUk6EtcnVS2w//vqSDD8Vf":{"chainKey":{"counter":0,"key":"VWZtEqsu9dOv9q4qGFMNc3BZhukcW9wYw5VNvDskq+g="},"chainType":1,"messageKeys":{}}},"pendingPreKey":{"signedKeyId":1,"baseKey":"BTeKJzna7ErqDTsnWq9wsZVhMibObtemmvfi434isNhH"}}},"version":"v1"}