{"_sessions":{"Bff4E0i0E102abiakkZpUrJkmqE5klaEqbRppygA6E8i":{"registrationId":1685723933,"currentRatchet":{"ephemeralKeyPair":{"pubKey":"BbmnNMxLX9B17TaSjWtA21L+T8oTLng9kn+r+eY7nc0b","privKey":"aKU+C+JgdXpVd+Jnts/VJ5yPlUgVFkzugvzhQ7wee1c="},"lastRemoteEphemeralKey":"BQjeydUUguH4MVTJURV4e0Om/aKc0GFQ4TRA+4Hj4e02","previousCounter":0,"rootKey":"ROcK2dk6JneOAOJEZn7+a3xopx3+kbZHBMcyikVvahQ="},"indexInfo":{"baseKey":"Bff4E0i0E102abiakkZpUrJkmqE5klaEqbRppygA6E8i","baseKeyType":1,"closed":-1,"used":1755758930437,"created":1755758930437,"remoteIdentityKey":"Beiutwt32k5n6O9eZObI9/dN7vvpw+db61isVREbKYd5"},"_chains":{"BbmnNMxLX9B17TaSjWtA21L+T8oTLng9kn+r+eY7nc0b":{"chainKey":{"counter":0,"key":"uFmMob9EJx4pihqYrYD/PPZ4E8b0z8NmQ+9FosVLyvQ="},"chainType":1,"messageKeys":{}}},"pendingPreKey":{"signedKeyId":17,"baseKey":"Bff4E0i0E102abiakkZpUrJkmqE5klaEqbRppygA6E8i","preKeyId":1769592}}},"version":"v1"}