{"_sessions":{"Ba/83EEoJkemx6aB9mHFR0Jzu4UDLWDibAB/yiBO+Jgy":{"registrationId":2063312677,"currentRatchet":{"ephemeralKeyPair":{"pubKey":"BR5liU5VdCQj1ZOT00nVtChfy343EcOTfVODq81Fn/cj","privKey":"iElWWoH3N32XPnGvzXjaDzFASqylRytAHL+NW14vwH0="},"lastRemoteEphemeralKey":"BYh+nRq+IhGtTtt19XDTFDqRDNNMKTgNOg0AW2Prrwx4","previousCounter":0,"rootKey":"OFKbt/AgSUbCmmrbe+h6IrkL+kCS0xJyp583KGN4sak="},"indexInfo":{"baseKey":"Ba/83EEoJkemx6aB9mHFR0Jzu4UDLWDibAB/yiBO+Jgy","baseKeyType":1,"closed":-1,"used":1755758928969,"created":1755758928969,"remoteIdentityKey":"BYbi72sTiXqDBB/Wi+pyCD+RlRMzR4s3oFmxndfHW0FP"},"_chains":{"BR5liU5VdCQj1ZOT00nVtChfy343EcOTfVODq81Fn/cj":{"chainKey":{"counter":0,"key":"t7ASxam8eAjKEO2dned9wRWzsj7tki3k7VVyOe5KAA4="},"chainType":1,"messageKeys":{}}},"pendingPreKey":{"signedKeyId":9,"baseKey":"Ba/83EEoJkemx6aB9mHFR0Jzu4UDLWDibAB/yiBO+Jgy","preKeyId":10351824}}},"version":"v1"}