{"_sessions":{"Bc5tFDqKmFdJBTShg9vRGgFOmFETtW5mFqtDIs1IHlBt":{"registrationId":1113474409,"currentRatchet":{"ephemeralKeyPair":{"pubKey":"BQgutOdJd9ZQYJeCciO3sQ2ogktGuJpp/UdTXLDk/9gM","privKey":"uILOiEbLG3SU6p5jVaifQzmf61VTF5DUh75YmyIChU0="},"lastRemoteEphemeralKey":"BX5RFQR0SznhN0U1H5DJrJLQqcvfGlbQWnLhSi7oQNYr","previousCounter":0,"rootKey":"Z4OTjUnACk5sg6Mp5LvKHWdsM7hNX5yLV09vmquEhr0="},"indexInfo":{"baseKey":"Bc5tFDqKmFdJBTShg9vRGgFOmFETtW5mFqtDIs1IHlBt","baseKeyType":1,"closed":-1,"used":1755758930256,"created":1755758930256,"remoteIdentityKey":"BYuoaId8+MgnaP3ZOxgS5JXp2vUn3Xz/X5CIehNzrpwT"},"_chains":{"BQgutOdJd9ZQYJeCciO3sQ2ogktGuJpp/UdTXLDk/9gM":{"chainKey":{"counter":0,"key":"FItodJ+H9uwY2qromyMH5B537eO6/ZEkakK1OlNcCxw="},"chainType":1,"messageKeys":{}}},"pendingPreKey":{"signedKeyId":2,"baseKey":"Bc5tFDqKmFdJBTShg9vRGgFOmFETtW5mFqtDIs1IHlBt","preKeyId":7796743}}},"version":"v1"}