{"_sessions":{"BSL1hwusz0hqK4Ew0AzZIDIzwmMfz3EcY1RoTHfxrFFw":{"registrationId":230893902,"currentRatchet":{"ephemeralKeyPair":{"pubKey":"BYqqtdy9+TCTfYspDtvvUAQGxarPWIdopXwL3u0ZXpAh","privKey":"QAtRrinG/lKTREufaGzkqBSaWmVx1dzIYEoxWDf63Ww="},"lastRemoteEphemeralKey":"Ba5KBJHkTjweGiGSv4G6lUglKUTmjIjgAF7verjHQERB","previousCounter":0,"rootKey":"ylHRC/vRGED/N9zr/DdUT7rt/4MGwUHQpxllWfcpqAg="},"indexInfo":{"baseKey":"BSL1hwusz0hqK4Ew0AzZIDIzwmMfz3EcY1RoTHfxrFFw","baseKeyType":1,"closed":-1,"used":1755758930112,"created":1755758930112,"remoteIdentityKey":"BVl8eMm6uvqctdhW+z5zcHoepkxF+vDZCkpUE4z/RXdK"},"_chains":{"BYqqtdy9+TCTfYspDtvvUAQGxarPWIdopXwL3u0ZXpAh":{"chainKey":{"counter":0,"key":"kJfUsCiZr8Bd956d7AN+nRbp4b7asIiO6grh0cIATEU="},"chainType":1,"messageKeys":{}}},"pendingPreKey":{"signedKeyId":11767326,"baseKey":"BSL1hwusz0hqK4Ew0AzZIDIzwmMfz3EcY1RoTHfxrFFw","preKeyId":8816}}},"version":"v1"}