{"_sessions":{"BejAQxwOsm3vTZrWHiu6CGHIWwV+/zKtN1xJuXyzxoR/":{"registrationId":1710390575,"currentRatchet":{"ephemeralKeyPair":{"pubKey":"BZUz8FJ2ps18ShHBwwTSO+PExoY/9qsYkTt6UtZW145X","privKey":"kGB9Er9ONEAlPDM2D8WKzBJ5EcZy8FSmsE7TdTWjX0k="},"lastRemoteEphemeralKey":"BdRpFGxfGJwRRc4vTv6uSzGOORqTVQgVB/H/5eYZSRA2","previousCounter":0,"rootKey":"Rt/wtoJjMRmHUFS/6PUIU2qoBtbuLzhhtjtCIegZMiM="},"indexInfo":{"baseKey":"BejAQxwOsm3vTZrWHiu6CGHIWwV+/zKtN1xJuXyzxoR/","baseKeyType":1,"closed":-1,"used":1755758930196,"created":1755758930196,"remoteIdentityKey":"BU+l+SP3WzUZQhyoURDuRmBOzKudLUbrzrVp8X9kQjRw"},"_chains":{"BZUz8FJ2ps18ShHBwwTSO+PExoY/9qsYkTt6UtZW145X":{"chainKey":{"counter":0,"key":"qf4ouTmL7dAPTcZmB83rRMiSkIj7/smoMlnNww/kyPA="},"chainType":1,"messageKeys":{}}},"pendingPreKey":{"signedKeyId":0,"baseKey":"BejAQxwOsm3vTZrWHiu6CGHIWwV+/zKtN1xJuXyzxoR/","preKeyId":1328492}}},"version":"v1"}