{"_sessions":{"Be8J+UwYrl3U/U8S11jpQUPd3AExjwgKXVQZGvZD53li":{"registrationId":493485694,"currentRatchet":{"ephemeralKeyPair":{"pubKey":"BekKR25ShaT6QXVGqKgRsqkAIX2FFX1P+hG7xX8EKWV2","privKey":"uLAU5QNEsFdTYspO8I5RFw1xW/pmDzp393Gb8ZJC2Wc="},"lastRemoteEphemeralKey":"BSoiqhGyDx1HEpyJllAsgjTKE9vb8UZklwt5yLlULGsM","previousCounter":0,"rootKey":"sdpZVHX07/x2NLn0Nl2dSr07TAJDJYcnxoSw8xOixPk="},"indexInfo":{"baseKey":"Be8J+UwYrl3U/U8S11jpQUPd3AExjwgKXVQZGvZD53li","baseKeyType":1,"closed":-1,"used":1755758928802,"created":1755758928802,"remoteIdentityKey":"BYA/u3vDRP8mczXlBMJMvRt7eYt3rkotUbuptkRuCHUt"},"_chains":{"BekKR25ShaT6QXVGqKgRsqkAIX2FFX1P+hG7xX8EKWV2":{"chainKey":{"counter":0,"key":"lOtMRdwH5IXfJDr1Kt0G2XERF647YAf8QuG5tUaHTEc="},"chainType":1,"messageKeys":{}}},"pendingPreKey":{"signedKeyId":0,"baseKey":"Be8J+UwYrl3U/U8S11jpQUPd3AExjwgKXVQZGvZD53li"}}},"version":"v1"}