{"_sessions":{"BU/rkJpFabeRzLdsykYa4QpLFFvzyQ/+h/tfrw3yM/Ze":{"registrationId":1927557141,"currentRatchet":{"ephemeralKeyPair":{"pubKey":"Ba9Stwd9d6Sd0J6yhhDjjSngsW0iy3eu1asToRfmCW8I","privKey":"EPv3rI0gejbEuOLGN5Ste0hY8UnfOLba2f5adPmVu1g="},"lastRemoteEphemeralKey":"BfijIh/b6ZI6+C4LNey5j5NZB/SFpo37gIESyPb9OF9i","previousCounter":0,"rootKey":"T/UPSBC94kVuP+bGf8wgz4oKEHcr2huNc0P/vMV24Fg="},"indexInfo":{"baseKey":"BU/rkJpFabeRzLdsykYa4QpLFFvzyQ/+h/tfrw3yM/Ze","baseKeyType":1,"closed":-1,"used":1755758928414,"created":1755758928414,"remoteIdentityKey":"BYOyvBWn8KcCKNDlAMPLyG6kRofjYIStnwVPaehN/FoM"},"_chains":{"Ba9Stwd9d6Sd0J6yhhDjjSngsW0iy3eu1asToRfmCW8I":{"chainKey":{"counter":0,"key":"Qab+sPRn3SGqrVTod6wA2mmwhTuJSJ/ctfktlBTFfTU="},"chainType":1,"messageKeys":{}}},"pendingPreKey":{"signedKeyId":5742206,"baseKey":"BU/rkJpFabeRzLdsykYa4QpLFFvzyQ/+h/tfrw3yM/Ze","preKeyId":8559}}},"version":"v1"}