{"_sessions":{"BRMnUmCMWergRKpNHThMkZYmVX/RIDsylpGcdlk+lV18":{"registrationId":316798276,"currentRatchet":{"ephemeralKeyPair":{"pubKey":"BXij8bUD3cs5VrGvk0ApLPNA6xH1N1ERx9YDVdVRgKQ1","privKey":"MNbWzz24Gudi4y4IwE+Z3gqiStVGkM/8AIrWVFp4ikM="},"lastRemoteEphemeralKey":"Ba4cGpds/IYXMEm62uaWJgKNp+VrJD7BbqPpU3mpL604","previousCounter":0,"rootKey":"RkWkc7eOkrQnnj34Tf3XL3KQtdZoFUbBHXRMVDw32xE="},"indexInfo":{"baseKey":"BRMnUmCMWergRKpNHThMkZYmVX/RIDsylpGcdlk+lV18","baseKeyType":1,"closed":-1,"used":1755758929627,"created":1755758929627,"remoteIdentityKey":"BRvJlFv7TP/Ajxy8IKNNalVrnEI5THmTlHRTO/9RWZRw"},"_chains":{"BXij8bUD3cs5VrGvk0ApLPNA6xH1N1ERx9YDVdVRgKQ1":{"chainKey":{"counter":0,"key":"GzeHvfJ1zn2MM4cr0kOqibhFrkncrCJq+tPUmODy5T8="},"chainType":1,"messageKeys":{}}},"pendingPreKey":{"signedKeyId":7,"baseKey":"BRMnUmCMWergRKpNHThMkZYmVX/RIDsylpGcdlk+lV18","preKeyId":13178674}}},"version":"v1"}