{"_sessions":{"BUA2YFwJXsRvfj/out1ougYIR6kccZVYMHJhqS8KhcVc":{"registrationId":1896413769,"currentRatchet":{"ephemeralKeyPair":{"pubKey":"BR93RWOqR+L7r4K35pHu/idTD569M87EqLfhYydeL0wf","privKey":"cGqEVHg5RCj42X2N8qeUCq6vQhq0pqcGAAVQR+j6H3g="},"lastRemoteEphemeralKey":"Bc6TSDrv55KoYx4+imcV1jBcO9drWu4g2e/kLVzctPhP","previousCounter":0,"rootKey":"xdRw6QfZoK9wOfihE18yqdN9P1mLQ635MZzjV/N+H5U="},"indexInfo":{"baseKey":"BUA2YFwJXsRvfj/out1ougYIR6kccZVYMHJhqS8KhcVc","baseKeyType":1,"closed":-1,"used":1755758930678,"created":1755758930678,"remoteIdentityKey":"BVXatUq5Ecun9TPkVgs34dh+tDulOBGo6GvuXx9r39RB"},"_chains":{"BR93RWOqR+L7r4K35pHu/idTD569M87EqLfhYydeL0wf":{"chainKey":{"counter":0,"key":"06JC/4NOmcYXBcBNIwlFWamjEIg9U8TFUtev2TWye+k="},"chainType":1,"messageKeys":{}}},"pendingPreKey":{"signedKeyId":11,"baseKey":"BUA2YFwJXsRvfj/out1ougYIR6kccZVYMHJhqS8KhcVc","preKeyId":13850611}}},"version":"v1"}