{"_sessions":{"BUFqPMuhwDn6sAgQLSoccULGUra7ZPdgPTemzhWrEv5D":{"registrationId":1499879554,"currentRatchet":{"ephemeralKeyPair":{"pubKey":"BQ2vyQnwDF9nKvA7/HHnn9Sp7ht8QLw301T/w2TJISdd","privKey":"qBfM/bX3MIQpIlh256kRVjOFe1/RMsu2mMLLjGdG8VM="},"lastRemoteEphemeralKey":"BSk1caDarPpBhWk8Nw8Gg0gB4WoyK4sqKJtHp1iLJKEW","previousCounter":0,"rootKey":"ARZeGseCZencwyTBjmcvV13DQK5dy4zbKXbvqFEWL+c="},"indexInfo":{"baseKey":"BUFqPMuhwDn6sAgQLSoccULGUra7ZPdgPTemzhWrEv5D","baseKeyType":1,"closed":-1,"used":1755758929368,"created":1755758929368,"remoteIdentityKey":"BRB7Rhd4+rdPcJ1a3BNYARYuCkc6h3Fcq3Hxez7iHo4J"},"_chains":{"BQ2vyQnwDF9nKvA7/HHnn9Sp7ht8QLw301T/w2TJISdd":{"chainKey":{"counter":0,"key":"Zg73FHe3kOE1aU6/FjgVAzVtUffbl1ioo16rrbyOG7c="},"chainType":1,"messageKeys":{}}},"pendingPreKey":{"signedKeyId":8,"baseKey":"BUFqPMuhwDn6sAgQLSoccULGUra7ZPdgPTemzhWrEv5D"}}},"version":"v1"}