{"_sessions":{"BYWDEz8W1wPGKiLVIlVgTJswVvUsKumS59QzVvGq+El+":{"registrationId":1980964903,"currentRatchet":{"ephemeralKeyPair":{"pubKey":"BVxXJ22nGaAo+xTWHXUMEt9O+yI0Mf93OBjQim95Sdlp","privKey":"6PgRjStN3lnmDQYhlNYAE9ugCW7C2qK5281Sg5j8yXQ="},"lastRemoteEphemeralKey":"BYJ4sUEc854KBlRWQFaOwIR5T77CSipzDDlfN1VN2Gh+","previousCounter":0,"rootKey":"JCN0pVWELfV2mKdo0Si+sZZhVzCezMC+b94scsU+4qU="},"indexInfo":{"baseKey":"BYWDEz8W1wPGKiLVIlVgTJswVvUsKumS59QzVvGq+El+","baseKeyType":1,"closed":-1,"used":1755758929654,"created":1755758929654,"remoteIdentityKey":"BUup6Q9xkogyuv5Dr9VtX+uISSKbCZVllnwWC0Gxp0BX"},"_chains":{"BVxXJ22nGaAo+xTWHXUMEt9O+yI0Mf93OBjQim95Sdlp":{"chainKey":{"counter":0,"key":"WHS+d3N2QslFtHabckD4gfTYDhDhQRhSt+NKeYGBWKU="},"chainType":1,"messageKeys":{}}},"pendingPreKey":{"signedKeyId":9,"baseKey":"BYWDEz8W1wPGKiLVIlVgTJswVvUsKumS59QzVvGq+El+","preKeyId":11397873}}},"version":"v1"}