{"_sessions":{"BYicaEYW1PuafF147Ybw/3EacLhxKY0fL8fGwoCGE0py":{"registrationId":369460987,"currentRatchet":{"ephemeralKeyPair":{"pubKey":"BXmfTNcsqAaKhVJZAtFsxbHASDt0d04wMBO/ggL92Wx6","privKey":"wEAPbKiRAHZV+2/kyQayWl8rtb1RerwgbVEkxZR9imc="},"lastRemoteEphemeralKey":"Bb2jF1AdxhjX1B6V7xCSttOzh/NKuMPkcY0oeMpCRhY0","previousCounter":0,"rootKey":"sWvSUxNqJLrt8bbaJ2NUUsQ2MvjeP18Imnsiq0v4BGI="},"indexInfo":{"baseKey":"BYicaEYW1PuafF147Ybw/3EacLhxKY0fL8fGwoCGE0py","baseKeyType":1,"closed":-1,"used":1755758929621,"created":1755758929621,"remoteIdentityKey":"BWXVf801Cr2oTTSPx2xUfBlAQ9OgoxJgV8sN3h5Frv02"},"_chains":{"BXmfTNcsqAaKhVJZAtFsxbHASDt0d04wMBO/ggL92Wx6":{"chainKey":{"counter":0,"key":"42dDQTqjKy+uUiTrK4v2NnYyR6ObPI9pcPAQ9MCby2Q="},"chainType":1,"messageKeys":{}}},"pendingPreKey":{"signedKeyId":17,"baseKey":"BYicaEYW1PuafF147Ybw/3EacLhxKY0fL8fGwoCGE0py","preKeyId":8017417}}},"version":"v1"}