{"_sessions":{"BbFivJn/Ie9WA8OpTQ3IIo4H7pZ8GvE0VkE6cN5QBMVc":{"registrationId":907080915,"currentRatchet":{"ephemeralKeyPair":{"pubKey":"BZ2YbMSeqWgsJ3ygW6GoLevow78OBHuu66/TasfFvKgF","privKey":"WDC4aOu9STWNTaX7S7qMFYkwCZmpDW25njCh5vNl6EI="},"lastRemoteEphemeralKey":"BZ3N/9KjkpZTHWuAMLzyDAhTAiSFwrTyoaUSASa+gFx7","previousCounter":0,"rootKey":"WJbS2QYwXlemtEoG4C+g75n57SddK8VV769oAx+YTt4="},"indexInfo":{"baseKey":"BbFivJn/Ie9WA8OpTQ3IIo4H7pZ8GvE0VkE6cN5QBMVc","baseKeyType":1,"closed":-1,"used":1755758929432,"created":1755758929432,"remoteIdentityKey":"BdHZL4qOjxrbiNscXq//WHo78iTRHC05sSJvua8aBGNT"},"_chains":{"BZ2YbMSeqWgsJ3ygW6GoLevow78OBHuu66/TasfFvKgF":{"chainKey":{"counter":0,"key":"jCQd2a711N1gmwaX0dbIy8VO7UHOjHogQzPxmMXRlrc="},"chainType":1,"messageKeys":{}}},"pendingPreKey":{"signedKeyId":6822716,"baseKey":"BbFivJn/Ie9WA8OpTQ3IIo4H7pZ8GvE0VkE6cN5QBMVc","preKeyId":12154}}},"version":"v1"}