{"_sessions":{"BXkt0YH+1UT0oeEeCfk2Ja4SC1J/iDSnsQp4XZovZ396":{"registrationId":913395892,"currentRatchet":{"ephemeralKeyPair":{"pubKey":"BbIRa9nInkC7g4xgs4rqoSbzlm6xy5y0MEr52iY1oUgK","privKey":"aBkwMsUlavlDVVldxlsswS/5grPzfWXB11oAAUZz6ls="},"lastRemoteEphemeralKey":"BbqHuShZ1JxOavze/UgG7WZhHYNK7Q+8/Tz6H0F2lAx4","previousCounter":0,"rootKey":"eOro19xF+Aq8DqEX/9ywcIYUneLu346k8GVnDi277Mo="},"indexInfo":{"baseKey":"BXkt0YH+1UT0oeEeCfk2Ja4SC1J/iDSnsQp4XZovZ396","baseKeyType":1,"closed":-1,"used":1755758929465,"created":1755758929465,"remoteIdentityKey":"BcHpDctjV3HYGQeGSUBX4q/NjoQqsbJkkS64IaiLf/ZS"},"_chains":{"BbIRa9nInkC7g4xgs4rqoSbzlm6xy5y0MEr52iY1oUgK":{"chainKey":{"counter":0,"key":"n+/i4H44chjhjmwJFGph1pW9Y7kGRa+IRQ/WHDc4JDs="},"chainType":1,"messageKeys":{}}},"pendingPreKey":{"signedKeyId":2,"baseKey":"BXkt0YH+1UT0oeEeCfk2Ja4SC1J/iDSnsQp4XZovZ396"}}},"version":"v1"}