{"_sessions":{"BSJNPIwGgifTwrZw1UPZWp4UVwpideuBlvOcu4FLFgdK":{"registrationId":220731607,"currentRatchet":{"ephemeralKeyPair":{"pubKey":"BT4pq2hSf8zWd5FQGyLk/F+zNolRWdsNrOvKrtGLBrwb","privKey":"cChzSZXQ2zK4ZCMiEYL/KVIbAbe74h8ZgkOtQSIl9Go="},"lastRemoteEphemeralKey":"Bem0aqulacAwl9EJfr4Mu6VmZef1cRrtCZxb9Bk/C5EW","previousCounter":0,"rootKey":"ZCcZq+C+MhfZzwOTOtJhh4Kcl5+0c5FPKWceERryh2c="},"indexInfo":{"baseKey":"BSJNPIwGgifTwrZw1UPZWp4UVwpideuBlvOcu4FLFgdK","baseKeyType":1,"closed":-1,"used":1755758929118,"created":1755758929118,"remoteIdentityKey":"BQUAHvfIaU76xb+Jmf+2pCUHEA2dRWVXJlsBudn5Wydt"},"_chains":{"BT4pq2hSf8zWd5FQGyLk/F+zNolRWdsNrOvKrtGLBrwb":{"chainKey":{"counter":0,"key":"9FakKfPrbFsJll6TsBAYhUBi44N+puA7b+3G2vCfWfc="},"chainType":1,"messageKeys":{}}},"pendingPreKey":{"signedKeyId":5219058,"baseKey":"BSJNPIwGgifTwrZw1UPZWp4UVwpideuBlvOcu4FLFgdK","preKeyId":22387}}},"version":"v1"}