{"_sessions":{"BcWv4sgEPGQ1ZOoK+9h4wnM1W+3aQWOtO7M6yX7zne8R":{"registrationId":1210188693,"currentRatchet":{"ephemeralKeyPair":{"pubKey":"BQTZZCxDq0cjVgPr7wqsvBzA/6S1OTvPUcPuNDdLMppV","privKey":"eE+r+kBXgur81Yl9ib/pBlXkdqWr+UuKOl95Kq5bDVY="},"lastRemoteEphemeralKey":"BT0uLW7HR7Xy+/f8f7q7U3v1zEPDIK3L+nW4PqiWTGBs","previousCounter":0,"rootKey":"4eVHwRHO64Bf3TxZiIiw01Wf43NCbEhOYDuBYolyjM4="},"indexInfo":{"baseKey":"BcWv4sgEPGQ1ZOoK+9h4wnM1W+3aQWOtO7M6yX7zne8R","baseKeyType":1,"closed":-1,"used":1755758930783,"created":1755758930783,"remoteIdentityKey":"BdRnE2722zVTLeH1kwioCYhICyZqTN5SguOgdw4mgncN"},"_chains":{"BQTZZCxDq0cjVgPr7wqsvBzA/6S1OTvPUcPuNDdLMppV":{"chainKey":{"counter":0,"key":"vhGaknno7FjwtJ0NhhltIEzihT93cO/RLdyJnbQoRc8="},"chainType":1,"messageKeys":{}}},"pendingPreKey":{"signedKeyId":2709276,"baseKey":"BcWv4sgEPGQ1ZOoK+9h4wnM1W+3aQWOtO7M6yX7zne8R","preKeyId":55645}}},"version":"v1"}