{"_sessions":{"BatCAO/JjtNa8sRJjb1RwsDt0mcCXp1kkcPwBxRixgNx":{"registrationId":828122177,"currentRatchet":{"ephemeralKeyPair":{"pubKey":"BaNWtrZwt3QJN1y8eFrWyC1WKA8Q2sDx0KBQHFTCQKN5","privKey":"yC2wA0sT3UhbGtySL1bJyj1JzseLCkMrk8Teo4gV3Hg="},"lastRemoteEphemeralKey":"BZsRHX9zwMKefdJq2OWqZhuwkfKKKT43kSKvVLOMKu5f","previousCounter":0,"rootKey":"gxcPTj8zWNK3ku6AGOmPyYstxLkhiA930noSBVkpPxA="},"indexInfo":{"baseKey":"BatCAO/JjtNa8sRJjb1RwsDt0mcCXp1kkcPwBxRixgNx","baseKeyType":1,"closed":-1,"used":1755758930143,"created":1755758930143,"remoteIdentityKey":"BXjFnCMQGt99Ggu25LKR+a+Zb1zfA89byCSGu64m8Ekg"},"_chains":{"BaNWtrZwt3QJN1y8eFrWyC1WKA8Q2sDx0KBQHFTCQKN5":{"chainKey":{"counter":0,"key":"89/qZLDotheJQ9YbvzfV0V1Sk1MIvvZiMnyIf3MNCQc="},"chainType":1,"messageKeys":{}}},"pendingPreKey":{"signedKeyId":8,"baseKey":"BatCAO/JjtNa8sRJjb1RwsDt0mcCXp1kkcPwBxRixgNx"}}},"version":"v1"}