{"_sessions":{"BaWNX9vqHlPrKqcOn0+EDPkXgm5SHXRJKg3PnqNIzuxD":{"registrationId":1861741339,"currentRatchet":{"ephemeralKeyPair":{"pubKey":"BdVVrBfbOKF0W0Mpm8nvt5XVPxL8wtodoo+q6vmbOFEi","privKey":"eOY/DCSqAHmFwzdulUCDZB8R2sxvDpZxS7Ks+NyAXnM="},"lastRemoteEphemeralKey":"BSUONQXyK0NypzPF7gBinsf2oyGeRSJTBKuh1BY6frI4","previousCounter":0,"rootKey":"GbET3ZUp/B4YfB4L7pOFF/LlA3jAU7WojPZDqP2/g7I="},"indexInfo":{"baseKey":"BaWNX9vqHlPrKqcOn0+EDPkXgm5SHXRJKg3PnqNIzuxD","baseKeyType":2,"closed":-1,"used":1755758936099,"created":1755758761258,"remoteIdentityKey":"BbDdvrVTkmpDI3nY6qt8Z+Yp42eB+Jjsc9bw+nbBqn51"},"_chains":{"Ba9LhLZDCfN7Gfm1s/ErapgZNg7NkFYsOlUQXByvRphk":{"chainKey":{"counter":4},"chainType":2,"messageKeys":{}},"BU0hNArIiMQJd8HFDepUOGUBKNWRqhUJbCeRcJObBxtJ":{"chainKey":{"counter":2},"chainType":2,"messageKeys":{}},"BQ35Fax+tL2LXS6pWuLnuBz7R95FpJARmbUKSA5abXd2":{"chainKey":{"counter":0},"chainType":2,"messageKeys":{}},"BXbsCbQYwN641Jih0PkIMDTqFNEYxSiZ0aigRa0SexUf":{"chainKey":{"counter":0},"chainType":2,"messageKeys":{}},"BZkOWuelfNo+CzudD5aYfKp2slndd7rMBCrDsX/UqcZV":{"chainKey":{"counter":3},"chainType":2,"messageKeys":{"0":"7S1tz0/XNsRK7D/0fV1seFAvoQPl/G7LxJFyCMmRIpY=","2":"+KJPnFvVBlT712knfScFnEmzi3M6NPqjDqz2MhLsZMk=","3":"MFsuFWt9pVmx1xfrvtMe4qhEkpsvZO7egJEY/FO1tl4="}},"BSUONQXyK0NypzPF7gBinsf2oyGeRSJTBKuh1BY6frI4":{"chainKey":{"counter":1,"key":"8KAY1eSY+23XwBeg4dT9mtixCnOEmwE2sfIwEqnMaZM="},"chainType":2,"messageKeys":{}},"BdVVrBfbOKF0W0Mpm8nvt5XVPxL8wtodoo+q6vmbOFEi":{"chainKey":{"counter":0,"key":"MLwouB4SiL+kgFwChln1+3n/TJzA/9Q3jPBDrUkMHDY="},"chainType":1,"messageKeys":{}}}}},"version":"v1"}