{"_sessions":{"BcLmYvT8o2hbrc6FknAHDJw1HD5XdDgeP6LUVwbhSbpG":{"registrationId":374288653,"currentRatchet":{"ephemeralKeyPair":{"pubKey":"BQt5FoEshkYJDL/cRbFvtwMqdtQUfBE53hu0mFt5kjdj","privKey":"UBBbIKc5+DGCaz76xwPuK0wQ7I73f5ikcMvA0s4PJ3I="},"lastRemoteEphemeralKey":"BfTzGnjrUvRtKqx5RM9NfmWONpVc1qkJsDDfQBHBlQgh","previousCounter":0,"rootKey":"OWDJnLsZYREYHchFB5pprVMlSB7b3/cvXqaG4hEk8Wk="},"indexInfo":{"baseKey":"BcLmYvT8o2hbrc6FknAHDJw1HD5XdDgeP6LUVwbhSbpG","baseKeyType":1,"closed":-1,"used":1755758929400,"created":1755758929400,"remoteIdentityKey":"BZqyUDOFKpYJZMTWYyKs09u8NB8MocgjRr6d+mnRt9Qr"},"_chains":{"BQt5FoEshkYJDL/cRbFvtwMqdtQUfBE53hu0mFt5kjdj":{"chainKey":{"counter":0,"key":"gFqXE/GYPINhFEYUcJ/4AKsvo21DJrmvR8k6AewuZCo="},"chainType":1,"messageKeys":{}}},"pendingPreKey":{"signedKeyId":14474952,"baseKey":"BcLmYvT8o2hbrc6FknAHDJw1HD5XdDgeP6LUVwbhSbpG","preKeyId":10005}}},"version":"v1"}