{"_sessions":{"BWW76NkTw9YCunGhUNq3gn5Q36YN+bRAuXmqVBGwhr0Y":{"registrationId":169459532,"currentRatchet":{"ephemeralKeyPair":{"pubKey":"BWmD5b7C+lZKaC0wV0H2ICxMeiUxJvTjn8+hiez6B1JY","privKey":"qHNTrZrcl+b0aouDvuSnVbhKn742MR6l3K+te9Sill4="},"lastRemoteEphemeralKey":"BeplqbwJolEGnJ2zpBWXMvwQkFdqrzR+kc+J46JImPFP","previousCounter":0,"rootKey":"GBX7AMRR7Om3nFwEP+0hQWckurqJmX4yV5cdhnxNoTk="},"indexInfo":{"baseKey":"BWW76NkTw9YCunGhUNq3gn5Q36YN+bRAuXmqVBGwhr0Y","baseKeyType":1,"closed":-1,"used":1755758928421,"created":1755758928421,"remoteIdentityKey":"BX35H5xJijPOh2cpft0IvrB4/EDbXo6TRW5zFl/ujRR/"},"_chains":{"BWmD5b7C+lZKaC0wV0H2ICxMeiUxJvTjn8+hiez6B1JY":{"chainKey":{"counter":0,"key":"vNPv51/ckyyEoB+I0xBlyOB580VCntsyehqaZPRRuE8="},"chainType":1,"messageKeys":{}}},"pendingPreKey":{"signedKeyId":28,"baseKey":"BWW76NkTw9YCunGhUNq3gn5Q36YN+bRAuXmqVBGwhr0Y","preKeyId":8385460}}},"version":"v1"}