{"_sessions":{"BWdI6MMHBKKWpQLJaJN4kTTbUql0fp3Aqm98E4ohYpVu":{"registrationId":1367938937,"currentRatchet":{"ephemeralKeyPair":{"pubKey":"BQoPkohyRSXOKL6iSCfmuM2ZbN/nbbwVCEKeEXraivts","privKey":"MNoDpkiRd8FA9tqbJjflxESm7vcRKQj1kzLMULPLMkk="},"lastRemoteEphemeralKey":"BWXaUc/bk8UsFJSSIyB88R7J5hMI8fyuvxqtOoZfhgVm","previousCounter":0,"rootKey":"Z8hGtHnx9xcvBHi9r/hx0Y7dTd0ityK8ZtzQ839ipjU="},"indexInfo":{"baseKey":"BWdI6MMHBKKWpQLJaJN4kTTbUql0fp3Aqm98E4ohYpVu","baseKeyType":1,"closed":-1,"used":1755758930201,"created":1755758930201,"remoteIdentityKey":"Bf9ErdBi9yMzmuSCATodzwRg8VgP9xBgKInzFL3dSoc0"},"_chains":{"BQoPkohyRSXOKL6iSCfmuM2ZbN/nbbwVCEKeEXraivts":{"chainKey":{"counter":0,"key":"IjhHQlQFW3GQ7GFInpj04RFnNFPgY9sdkyljOltt9XQ="},"chainType":1,"messageKeys":{}}},"pendingPreKey":{"signedKeyId":6480735,"baseKey":"BWdI6MMHBKKWpQLJaJN4kTTbUql0fp3Aqm98E4ohYpVu","preKeyId":8922}}},"version":"v1"}