{"_sessions":{"BZs5NpIt/M+05r+gj1wOenhaYwW8NUemocrCFC6Hm2Zx":{"registrationId":563208109,"currentRatchet":{"ephemeralKeyPair":{"pubKey":"BSmE1PUsx70DCYLdI93YpdI8rVJN3D6Firw1coK9bilw","privKey":"kGfPsgph70CKPrsXDSqc2XNFcWdlU/4279OKltngEWQ="},"lastRemoteEphemeralKey":"Bd3RUQXHCBp3uZ42bv3P3oKoRxdqZaSofrZ1fFgw0h8L","previousCounter":0,"rootKey":"idxw94XXYPUrPvzwUohdcJMwWzijaUdH0MLjlsGaFW4="},"indexInfo":{"baseKey":"BZs5NpIt/M+05r+gj1wOenhaYwW8NUemocrCFC6Hm2Zx","baseKeyType":1,"closed":-1,"used":1755758930148,"created":1755758930148,"remoteIdentityKey":"BQhmIGkpa3rMdB0gT0vcXtDFPAc88zbzhGRrC02e+Rtc"},"_chains":{"BSmE1PUsx70DCYLdI93YpdI8rVJN3D6Firw1coK9bilw":{"chainKey":{"counter":0,"key":"fFzp6LKGlIZVmUzGcl/HBOgMNBqfc2eh2D7kjTBAP40="},"chainType":1,"messageKeys":{}}},"pendingPreKey":{"signedKeyId":1,"baseKey":"BZs5NpIt/M+05r+gj1wOenhaYwW8NUemocrCFC6Hm2Zx","preKeyId":16406053}}},"version":"v1"}