{"_sessions":{"Begk1xuFZ9OGySBlxa45vo9MJxeVdb5B63fRlQ5miTph":{"registrationId":246739318,"currentRatchet":{"ephemeralKeyPair":{"pubKey":"BcgNxha7WcB/sCccuf8hY+JS6dSHhNeGLmy0qmoE+6oh","privKey":"wLbJqgOPs4BktP2zI+gWOkUxEks5AhZsDOnlpbjZtWY="},"lastRemoteEphemeralKey":"BfoCc3J37fX12JT92Q0mMUTgp20Glo2NF788eHiejCdK","previousCounter":0,"rootKey":"nNl3Nc+3Ow1/OccaFGHhloCvTXDTlASTa6h0D9xDf3Q="},"indexInfo":{"baseKey":"Begk1xuFZ9OGySBlxa45vo9MJxeVdb5B63fRlQ5miTph","baseKeyType":1,"closed":-1,"used":1755758930892,"created":1755758930892,"remoteIdentityKey":"BY2KA2Zfu7+fgLJYbWa292nxmBAworRPICb4miJNFgU5"},"_chains":{"BcgNxha7WcB/sCccuf8hY+JS6dSHhNeGLmy0qmoE+6oh":{"chainKey":{"counter":0,"key":"0vTugdVNZ7MTOzT7OI7qc1Wo5k4zNMFoXZ6WnZ8X4Ak="},"chainType":1,"messageKeys":{}}},"pendingPreKey":{"signedKeyId":4,"baseKey":"Begk1xuFZ9OGySBlxa45vo9MJxeVdb5B63fRlQ5miTph","preKeyId":10430821}}},"version":"v1"}