{"_sessions":{"BfUCB+nOG5GsoKfWSgjO3bVr5LHF4R6tSZo0gP8OKVR7":{"registrationId":117667439,"currentRatchet":{"ephemeralKeyPair":{"pubKey":"BWCo9iz7lZY06fS/j09O49n9tAj8jTC7CUQxzhgyMgIa","privKey":"8Ch0Ds5hzxbcyIHaSJS8B5l99XmgvLV5SrpEKWZP1kA="},"lastRemoteEphemeralKey":"BVBDzC0wswJTp9FklunR6sFb2TzJ7SmN13KRLov13Xo6","previousCounter":0,"rootKey":"EpXtnPx28o+ayoXeCuU5UiHvgrx2WyfwVZtM/mmxq+0="},"indexInfo":{"baseKey":"BfUCB+nOG5GsoKfWSgjO3bVr5LHF4R6tSZo0gP8OKVR7","baseKeyType":1,"closed":-1,"used":1755758928828,"created":1755758928828,"remoteIdentityKey":"BcRse48uS++BVpY4LWV9eRk7W564ami+4UZn2Teew/t8"},"_chains":{"BWCo9iz7lZY06fS/j09O49n9tAj8jTC7CUQxzhgyMgIa":{"chainKey":{"counter":0,"key":"nCYmIcblvAJaLSzg2ygl6M4IP5u924riKBGUKkvYDMM="},"chainType":1,"messageKeys":{}}},"pendingPreKey":{"signedKeyId":7,"baseKey":"BfUCB+nOG5GsoKfWSgjO3bVr5LHF4R6tSZo0gP8OKVR7","preKeyId":4609541}}},"version":"v1"}