{"_sessions":{"BesJDjVhe3yFB2LW0zp51MhJ1tyip/FecQ5I4mfL+L8s":{"registrationId":1791554208,"currentRatchet":{"ephemeralKeyPair":{"pubKey":"BdQ9DZ0b/n61Z2zBFJYhb9fn0Zsidp2IRCk+c1DUxnon","privKey":"SEWtlp9pdTA8yIy06dJDCVL8JI0ORC/qArS4zp0lPWQ="},"lastRemoteEphemeralKey":"BSuaF+CMDMys1XQUnQG2rIw8M5qrn83+2XHyk7AvOYdw","previousCounter":0,"rootKey":"sdIeQzputIbLsWYY7eHag4ZP0LNgah/PEfc0Qobvan0="},"indexInfo":{"baseKey":"BesJDjVhe3yFB2LW0zp51MhJ1tyip/FecQ5I4mfL+L8s","baseKeyType":1,"closed":-1,"used":1755758928464,"created":1755758928464,"remoteIdentityKey":"BUaWJtEQA/SqOMS1bpGrS8mRajF8eLFoRYDzZ6al07RE"},"_chains":{"BdQ9DZ0b/n61Z2zBFJYhb9fn0Zsidp2IRCk+c1DUxnon":{"chainKey":{"counter":0,"key":"T++KfKmja8WOMkaklBDh7i6p1ZhdQ2o8LEB0imBF8QU="},"chainType":1,"messageKeys":{}}},"pendingPreKey":{"signedKeyId":1671131,"baseKey":"BesJDjVhe3yFB2LW0zp51MhJ1tyip/FecQ5I4mfL+L8s","preKeyId":1893}}},"version":"v1"}