{"_sessions":{"BV4hE9asJ38uJ1FCcSdX4vto4JcRibxlXdwv0Y+SDeUD":{"registrationId":1883772023,"currentRatchet":{"ephemeralKeyPair":{"pubKey":"BY47S98EVGWW6TiAsz6Z7Cgv3RGqTwSGxwUz+pvOoE4z","privKey":"EH8ABStnJmfnbI0dIaykTVdZHf+rl9aC9Nl2ZVI143A="},"lastRemoteEphemeralKey":"BR4qp4YXXwHJj9K/8tuaoGSdzXBlWovDhilO0Exb/y1i","previousCounter":0,"rootKey":"J5g3/nRnltS3th4onyatbYcE60hhpBmreNRX/5CIyCQ="},"indexInfo":{"baseKey":"BV4hE9asJ38uJ1FCcSdX4vto4JcRibxlXdwv0Y+SDeUD","baseKeyType":1,"closed":-1,"used":1755758929568,"created":1755758929568,"remoteIdentityKey":"BRvHiAvsrO7VfqQbhY1oIk9fT7vtqDwKTkLP8ommYBEv"},"_chains":{"BY47S98EVGWW6TiAsz6Z7Cgv3RGqTwSGxwUz+pvOoE4z":{"chainKey":{"counter":0,"key":"ZdV0F/ZliThzM5wTnWLYpS0wBu8yT6u0oBaoCec/0tU="},"chainType":1,"messageKeys":{}}},"pendingPreKey":{"signedKeyId":1,"baseKey":"BV4hE9asJ38uJ1FCcSdX4vto4JcRibxlXdwv0Y+SDeUD","preKeyId":12412446}}},"version":"v1"}