{"_sessions":{"BfrLimdUdf8dE56bxgGBoVYTFl09IROSW9S7+2HluQVS":{"registrationId":1254179510,"currentRatchet":{"ephemeralKeyPair":{"pubKey":"BSIUhSkJsPANqo8J2DDSML3AcuutSR3oOaaqpff+rlM6","privKey":"UKUBhKRPrIt0vu02SSB4bYALPatmZESAki2k6z0XEVI="},"lastRemoteEphemeralKey":"BczfWwhmzbSCVU5HyZPz1QAvoTzWMn4tDYKHgLwvmzo4","previousCounter":0,"rootKey":"E91vY+J0LreWQPK+HF3gWKfMQ1yjq3DSF8O43UV3r0k="},"indexInfo":{"baseKey":"BfrLimdUdf8dE56bxgGBoVYTFl09IROSW9S7+2HluQVS","baseKeyType":1,"closed":-1,"used":1755758929680,"created":1755758929680,"remoteIdentityKey":"BWrXBq1NYH41MdDeh5kde3gn7s1IE2BaIRHdbgQbs1kt"},"_chains":{"BSIUhSkJsPANqo8J2DDSML3AcuutSR3oOaaqpff+rlM6":{"chainKey":{"counter":0,"key":"WM4UkV7OGfYH9Z1COUditFBBwJbN6Vq63yeeOa+vqbk="},"chainType":1,"messageKeys":{}}},"pendingPreKey":{"signedKeyId":15757614,"baseKey":"BfrLimdUdf8dE56bxgGBoVYTFl09IROSW9S7+2HluQVS","preKeyId":22302}}},"version":"v1"}