{"_sessions":{"BY5XFrVsr82D58JY/hfrotKkczF64urbuA6ztP6DD+Au":{"registrationId":1089463042,"currentRatchet":{"ephemeralKeyPair":{"pubKey":"BSa+cmFxJH9CIKUmHjZEnpZfrYb/F/AgHhzCYIIMXCgj","privKey":"6Lc4MCgi+9l9kKvL2tdFT0iINBq6ufitJdckXUWzPXA="},"lastRemoteEphemeralKey":"BZjNta2QyHioMf9ebIfuiyhvDJ08/Z05abOPK3PfNV4z","previousCounter":0,"rootKey":"cxvLwfcoIjyqMHwGcfy4DoaZsvAyX58GZsHj7SebkK4="},"indexInfo":{"baseKey":"BY5XFrVsr82D58JY/hfrotKkczF64urbuA6ztP6DD+Au","baseKeyType":1,"closed":-1,"used":1755758930499,"created":1755758930499,"remoteIdentityKey":"BVzV6JwTKr+X4reCCTiX9nTogXBKB2GMxp7sUf5QcboP"},"_chains":{"BSa+cmFxJH9CIKUmHjZEnpZfrYb/F/AgHhzCYIIMXCgj":{"chainKey":{"counter":0,"key":"Oe6P7AMEgbJxGHzwj9Rt9ncpY6nb6J9OA4ZKi+yY+NY="},"chainType":1,"messageKeys":{}}},"pendingPreKey":{"signedKeyId":1,"baseKey":"BY5XFrVsr82D58JY/hfrotKkczF64urbuA6ztP6DD+Au"}}},"version":"v1"}