{"_sessions":{"BbZDjONKeXX+b8xrUbArY1QPk5SYS5mkiGzQ1qMzJ9w9":{"registrationId":1298649041,"currentRatchet":{"ephemeralKeyPair":{"pubKey":"BQnGyTyjmotFO0SklFi0UgkGLENHHN22C//sjClRi4Mz","privKey":"gMYVzQwBC5MS/Pwvd5PrYrhaJ0ELSP9Zz0oOYgWgE2o="},"lastRemoteEphemeralKey":"BR/EtXiOahXI3TBPb/FJouORHQ20nFmIvee5TsQECFQN","previousCounter":0,"rootKey":"poceWNUo7jubq5bCDMJXlwdBt8l7+iHUqcxiHn32hRs="},"indexInfo":{"baseKey":"BbZDjONKeXX+b8xrUbArY1QPk5SYS5mkiGzQ1qMzJ9w9","baseKeyType":1,"closed":-1,"used":1755758930448,"created":1755758930448,"remoteIdentityKey":"BSZiAMbOOy8T37tqs+UN4ABICd1GvRXj9P058sEB+so8"},"_chains":{"BQnGyTyjmotFO0SklFi0UgkGLENHHN22C//sjClRi4Mz":{"chainKey":{"counter":0,"key":"fWinXqU2sDEGs8V4k31+oeUxjTpD7sIMiTMFcuD0/do="},"chainType":1,"messageKeys":{}}},"pendingPreKey":{"signedKeyId":12864583,"baseKey":"BbZDjONKeXX+b8xrUbArY1QPk5SYS5mkiGzQ1qMzJ9w9","preKeyId":9824}}},"version":"v1"}