{"_sessions":{"Bew/N0QxMEBJe5Ozl7F32tQMdxCis1LyHzU3wxdFfp5K":{"registrationId":1285971629,"currentRatchet":{"ephemeralKeyPair":{"pubKey":"BasS0WaVyjjmaL1HDe/JIWoKTDi6yYjOIoRK367ESmY/","privKey":"MP5FYUP58gq/ZlINEGcQDjdp5Y5R9jwGLy/JBQRm9F0="},"lastRemoteEphemeralKey":"Bf2snVogyD+VDs+J+gDtiCUF6Sy8mDLxvIkemd0yU/Mz","previousCounter":0,"rootKey":"udr/Q/Z/HSbpyJ98f6geWwoclqI227SAa9jzadW/Y/Q="},"indexInfo":{"baseKey":"Bew/N0QxMEBJe5Ozl7F32tQMdxCis1LyHzU3wxdFfp5K","baseKeyType":1,"closed":-1,"used":1755758930287,"created":1755758930287,"remoteIdentityKey":"BQhcqI4u5FJYMiynRz2QeyfuQC2l9TPY6rfs4JaYKFx6"},"_chains":{"BasS0WaVyjjmaL1HDe/JIWoKTDi6yYjOIoRK367ESmY/":{"chainKey":{"counter":0,"key":"ga79O0j8/vWg1/8fMNr3gSAmRD9Hakgj2pBEkgXMCxE="},"chainType":1,"messageKeys":{}}},"pendingPreKey":{"signedKeyId":0,"baseKey":"Bew/N0QxMEBJe5Ozl7F32tQMdxCis1LyHzU3wxdFfp5K","preKeyId":1357552}}},"version":"v1"}