{"_sessions":{"BaUDgDgUPk70/PbxatKO0rui2AGheJzp6cvbeyAGM8YM":{"registrationId":2060049144,"currentRatchet":{"ephemeralKeyPair":{"pubKey":"BdKPauDjc9jMhhjTd53Hx6WZkx2lURIgJMgzjxSFB95o","privKey":"8LKFAzoUJ38WdlaqTyrSwkreIUNueNtHMv+OjkE2BXw="},"lastRemoteEphemeralKey":"BWD+L42N8+iVl5Myl9Fz620ek3J35jzN0c+W0Kz8b0MA","previousCounter":0,"rootKey":"/DmlqakYYesP5sb/3JimslyWJoH1BBZlBDlj6FuPh7k="},"indexInfo":{"baseKey":"BaUDgDgUPk70/PbxatKO0rui2AGheJzp6cvbeyAGM8YM","baseKeyType":1,"closed":-1,"used":1755758929052,"created":1755758929052,"remoteIdentityKey":"BaMbsnhoa7mwOI624S8sTZEVzzPmpRnHcpQd/EPHp1Ez"},"_chains":{"BdKPauDjc9jMhhjTd53Hx6WZkx2lURIgJMgzjxSFB95o":{"chainKey":{"counter":0,"key":"E+dJaEpjIbCfPRNrvPHyaBss87R2jIDpB02q9AAQQQA="},"chainType":1,"messageKeys":{}}},"pendingPreKey":{"signedKeyId":17,"baseKey":"BaUDgDgUPk70/PbxatKO0rui2AGheJzp6cvbeyAGM8YM","preKeyId":4827575}}},"version":"v1"}