{"_sessions":{"BZ9t4qrCmRX2F6jj6neJMCpskJ/uyaxsfwg0BSNwXbA9":{"registrationId":1204726032,"currentRatchet":{"ephemeralKeyPair":{"pubKey":"BdWSswwj1mse6jE2kMHvPdduob84I5WqU72s4+0xRw4j","privKey":"6FPy7ylU61X4uRfWr+KfHttfIqgG4zN+cqIcQYTlFVQ="},"lastRemoteEphemeralKey":"BaXYE1LRG1yK1SwcyyMq1naRWH14S67Gu7gX0YLHao8n","previousCounter":0,"rootKey":"agBWFCibnGYLLgKCL/tbY9SvkVMSHB8FcQUjAxMIoog="},"indexInfo":{"baseKey":"BZ9t4qrCmRX2F6jj6neJMCpskJ/uyaxsfwg0BSNwXbA9","baseKeyType":1,"closed":-1,"used":1755758929225,"created":1755758929225,"remoteIdentityKey":"BWgU6Jw8ztb3FhfTpJihuLjhtx2Nt6T8FF8n1SP3Ehke"},"_chains":{"BdWSswwj1mse6jE2kMHvPdduob84I5WqU72s4+0xRw4j":{"chainKey":{"counter":0,"key":"NUbai/e+zxHuQiGOTCE3lIrBaldxzMWSK5HuQJuLliQ="},"chainType":1,"messageKeys":{}}},"pendingPreKey":{"signedKeyId":4,"baseKey":"BZ9t4qrCmRX2F6jj6neJMCpskJ/uyaxsfwg0BSNwXbA9","preKeyId":2829691}}},"version":"v1"}