{"_sessions":{"BUcfxOoFicCZz+Z717KF2vCvdLEegb/FXKvf/gPOzExx":{"registrationId":1265824239,"currentRatchet":{"ephemeralKeyPair":{"pubKey":"BRU3SYdo1U/c21hmr2nbD0YZzucesN/EiICguSxcoH0X","privKey":"WHqZp3kTct5/cgcZBa3UPJUq/s19Bf9mBfjq1Iz1Rms="},"lastRemoteEphemeralKey":"BUsLn3JqfnBbzCB/zcf6hdowdDqQBY8PDMjAhYM+FwI6","previousCounter":0,"rootKey":"hwfFZj4Q7+P8d6cwl9NFqsMOylptMTZaHoYtzs+sT5g="},"indexInfo":{"baseKey":"BUcfxOoFicCZz+Z717KF2vCvdLEegb/FXKvf/gPOzExx","baseKeyType":1,"closed":-1,"used":1755758930749,"created":1755758930749,"remoteIdentityKey":"BapdbmfBGEARXeUuxhQlapIBWJZlYZpJoHD/NiQyiNcx"},"_chains":{"BRU3SYdo1U/c21hmr2nbD0YZzucesN/EiICguSxcoH0X":{"chainKey":{"counter":0,"key":"Be56Zcw/55xV44pHAYdn0jz/yXE7xmu8xd8GKQSuku8="},"chainType":1,"messageKeys":{}}},"pendingPreKey":{"signedKeyId":28,"baseKey":"BUcfxOoFicCZz+Z717KF2vCvdLEegb/FXKvf/gPOzExx","preKeyId":4100321}}},"version":"v1"}