{"_sessions":{"Bebp9Jsv0BfmTcxt4X/aNB9PTUam00Rn3SllDrYSp+ph":{"registrationId":2054236143,"currentRatchet":{"ephemeralKeyPair":{"pubKey":"BfGb7vIEfmewx+jvzgWCmTHmy4TA/udftkdjb6D9i6wU","privKey":"yE1shTpgOxDx24224T6CQK2gydh+LydIUihSn3NoCXI="},"lastRemoteEphemeralKey":"BRh9gXn0PzLeKXrly5OI34EvPw2Sbc/qQiLNPsXo7S5f","previousCounter":0,"rootKey":"s7gI/GMLPHkOyNneYKGWmKMODt+HMakQQ119yOh7Msg="},"indexInfo":{"baseKey":"Bebp9Jsv0BfmTcxt4X/aNB9PTUam00Rn3SllDrYSp+ph","baseKeyType":1,"closed":-1,"used":1755758930251,"created":1755758930251,"remoteIdentityKey":"BeZodTd+optV96zRHdNfZGZN1f1Ly1Pc0hq2zyxCI5kD"},"_chains":{"BfGb7vIEfmewx+jvzgWCmTHmy4TA/udftkdjb6D9i6wU":{"chainKey":{"counter":0,"key":"ATgVyRmyHhmM2V1gTfvgTgCrInXwRUSqIu+mvo3Xek0="},"chainType":1,"messageKeys":{}}},"pendingPreKey":{"signedKeyId":12172940,"baseKey":"Bebp9Jsv0BfmTcxt4X/aNB9PTUam00Rn3SllDrYSp+ph","preKeyId":9622}}},"version":"v1"}