{"_sessions":{"BTWfbnERgvnK134jsNISfoQr7yd4fl5BRXVLRdlz9sRl":{"registrationId":1458782108,"currentRatchet":{"ephemeralKeyPair":{"pubKey":"BXOlwcHAUTjfx+Q/iq4AosH1WUp88LRaLjPyyO4RtwVz","privKey":"aEmigi99rHwUupbonMciesuK2FbXPEtBnxHhKD7HAWI="},"lastRemoteEphemeralKey":"BUh8wVC1ZMtaCCpv6gnbTJ+7wBXuHUTXWtyL6U1g7a1Y","previousCounter":0,"rootKey":"4jiU74vMaaWXmdCR2KjXf/VUf22dSoBofIZvi6oC4ys="},"indexInfo":{"baseKey":"BTWfbnERgvnK134jsNISfoQr7yd4fl5BRXVLRdlz9sRl","baseKeyType":1,"closed":-1,"used":1755758929821,"created":1755758929821,"remoteIdentityKey":"BTgDQDf/Lz4Ha5Sizwvzmq8ey9X6HdAdc3bkJ0fMNvR1"},"_chains":{"BXOlwcHAUTjfx+Q/iq4AosH1WUp88LRaLjPyyO4RtwVz":{"chainKey":{"counter":0,"key":"yQt5VOqHmOAkq4iwtw1iu9/4JjaSaijHHwgKEXHpQHc="},"chainType":1,"messageKeys":{}}},"pendingPreKey":{"signedKeyId":3,"baseKey":"BTWfbnERgvnK134jsNISfoQr7yd4fl5BRXVLRdlz9sRl","preKeyId":8661461}}},"version":"v1"}