{"_sessions":{"BblyI+SHkE30T2bCBLcgOz32BbirMSuJaNZDZGRt92EA":{"registrationId":1100044645,"currentRatchet":{"ephemeralKeyPair":{"pubKey":"BYZZ3IvNfoC8HFX/Y8ZnqG0xdcPg4SCOGiE0TvEIYtwb","privKey":"aN2CIQPA2PYnc6viOaR2AB/+DeT6uZrKjIDv1TPYkUM="},"lastRemoteEphemeralKey":"BVFlnbh5MfgnEaj9Wo/mFK3JIv4XkaBJnmuci5l9VdQF","previousCounter":0,"rootKey":"hftfXIC+a50CM0pCF1EbmWobwcNXRIUSSUKQ1M2EF70="},"indexInfo":{"baseKey":"BblyI+SHkE30T2bCBLcgOz32BbirMSuJaNZDZGRt92EA","baseKeyType":1,"closed":-1,"used":1755758930871,"created":1755758930871,"remoteIdentityKey":"BdwM2GCuk8Iqd6J63xW48w+CSgVSrDtPNv7aLBZ68sQE"},"_chains":{"BYZZ3IvNfoC8HFX/Y8ZnqG0xdcPg4SCOGiE0TvEIYtwb":{"chainKey":{"counter":0,"key":"eguzxbU3BF08mEgkIi4TJq+tWUmWtVIpjxrobMR/qCo="},"chainType":1,"messageKeys":{}}},"pendingPreKey":{"signedKeyId":5,"baseKey":"BblyI+SHkE30T2bCBLcgOz32BbirMSuJaNZDZGRt92EA","preKeyId":12620355}}},"version":"v1"}