{"_sessions":{"BTsWnl90LQWHztIMQomk7ZndeOA3PbCLSo7f7fWMqw19":{"registrationId":1665516976,"currentRatchet":{"ephemeralKeyPair":{"pubKey":"BcRVdicKJIBv5bqKW15SYAHv8QNJRFcFKPcRlN0rx/ZJ","privKey":"gIQx38eJdpLiOm0ohfP7F5YoOSeqHHg0drvQ+C89TH0="},"lastRemoteEphemeralKey":"BWWS8IJEnplbnaKTiUcQlfdXIsLWGXIc/8pBs/raQIBX","previousCounter":0,"rootKey":"Fq7E/YyLvxEoWFE9CIf4L7xBj0Pq854rNoK2z7J8yJQ="},"indexInfo":{"baseKey":"BTsWnl90LQWHztIMQomk7ZndeOA3PbCLSo7f7fWMqw19","baseKeyType":1,"closed":-1,"used":1755758930803,"created":1755758930803,"remoteIdentityKey":"Bc7DO08ciXsCTVFxAKXu3O+ynHHBInVXNwBlTzMk4PU6"},"_chains":{"BcRVdicKJIBv5bqKW15SYAHv8QNJRFcFKPcRlN0rx/ZJ":{"chainKey":{"counter":0,"key":"Z+SxC0LFIf1txll9rfItEgF/I8QxQo+eKcEMDoT3wt4="},"chainType":1,"messageKeys":{}}},"pendingPreKey":{"signedKeyId":0,"baseKey":"BTsWnl90LQWHztIMQomk7ZndeOA3PbCLSo7f7fWMqw19"}}},"version":"v1"}