{"_sessions":{"BS+xhDJ/dXZVYpkobqGy+5ZldHVTUQhAPDtqvr0s9ckY":{"registrationId":1587641707,"currentRatchet":{"ephemeralKeyPair":{"pubKey":"BcR90x9M4/hxXq/xWWD3NKKqBSJZYKeom9adTCatw7wA","privKey":"aMFHJiNpusbGJlmlMnLL6UQ/BpGPhg7K+18rhXaNxlY="},"lastRemoteEphemeralKey":"BcIkWsXtCn+te2sZ1vlz6COHTvZzT1hk/kQFEdmd50x0","previousCounter":0,"rootKey":"dR/tpKeYBN0r18zAaHEvMvWWEJ0yckUiKtKJZhw9BdQ="},"indexInfo":{"baseKey":"BS+xhDJ/dXZVYpkobqGy+5ZldHVTUQhAPDtqvr0s9ckY","baseKeyType":1,"closed":-1,"used":1755758928706,"created":1755758928706,"remoteIdentityKey":"BWDCBHtXFTJ6T/XxQuJcy9C2hk85CZpYm9Lal1JI0YZs"},"_chains":{"BcR90x9M4/hxXq/xWWD3NKKqBSJZYKeom9adTCatw7wA":{"chainKey":{"counter":0,"key":"QweuqXyEOr8aA25s/a3QJ/K1d4MW5ZyZc3lpCjg0OGE="},"chainType":1,"messageKeys":{}}},"pendingPreKey":{"signedKeyId":12,"baseKey":"BS+xhDJ/dXZVYpkobqGy+5ZldHVTUQhAPDtqvr0s9ckY","preKeyId":16364960}}},"version":"v1"}