{"_sessions":{"BXYAbyOIOdWlFyVRBGE2adtE6ZCs02JCLX2mPsUCx8I8":{"registrationId":967246456,"currentRatchet":{"ephemeralKeyPair":{"pubKey":"BdfQq2E1z0GLrvr7AM/GxSkaGUUwtPmwSnKHFq89mK9h","privKey":"kPZ6/zTuSo5Y0Hjnd86+mYAo5ljKWKgV3tz88ibwfFg="},"lastRemoteEphemeralKey":"BZUJF7SCjUzVmIwio5axoaI+3OZeDe7PdaVYtz6b9KRV","previousCounter":0,"rootKey":"UMGhJZ9Lt2uMpEO58+2e5oABTbGk4xPfKffw6GVd7Mw="},"indexInfo":{"baseKey":"BXYAbyOIOdWlFyVRBGE2adtE6ZCs02JCLX2mPsUCx8I8","baseKeyType":1,"closed":-1,"used":1755758930876,"created":1755758930876,"remoteIdentityKey":"BdxxHLWE0WEt4fXfNO4M5nDoExqCfMbjdnENXyxPdTIB"},"_chains":{"BdfQq2E1z0GLrvr7AM/GxSkaGUUwtPmwSnKHFq89mK9h":{"chainKey":{"counter":0,"key":"xy07lz3uIcM/9aM37vyEOfHZlPApE6AjMKdjxVKOjQg="},"chainType":1,"messageKeys":{}}},"pendingPreKey":{"signedKeyId":23,"baseKey":"BXYAbyOIOdWlFyVRBGE2adtE6ZCs02JCLX2mPsUCx8I8","preKeyId":13801644}}},"version":"v1"}