{"_sessions":{"Bfmse8krp3mLFUd2uIXYOovtFCBDZLYb4ZQ61vFGh95U":{"registrationId":1576592074,"currentRatchet":{"ephemeralKeyPair":{"pubKey":"BTZ3HzOTH+fsHhiZsUSQLNopuc2MFpF5fUyQuPr2yBkQ","privKey":"WM8CJ8RbWcW2gMp9dgkERlrA9pNsDSTiPgQaLK2eUUQ="},"lastRemoteEphemeralKey":"BbM4lWJ9aVsaEdw7gnvlHWfmF+eui5VcsZQK1ipH5900","previousCounter":0,"rootKey":"os0JtW7NXgDHNWWY8i38RDYaUTzpNiYNtVw9r3ZYQmI="},"indexInfo":{"baseKey":"Bfmse8krp3mLFUd2uIXYOovtFCBDZLYb4ZQ61vFGh95U","baseKeyType":1,"closed":-1,"used":1755758929789,"created":1755758929789,"remoteIdentityKey":"BevqQp+hkORbVMbWlOYaZDPTWDW9h77CFjtQVvYUlfFs"},"_chains":{"BTZ3HzOTH+fsHhiZsUSQLNopuc2MFpF5fUyQuPr2yBkQ":{"chainKey":{"counter":0,"key":"QEJvjxdai1EMxOSycWsg2Jb1NF39+aGqSUG7E2xCMbg="},"chainType":1,"messageKeys":{}}},"pendingPreKey":{"signedKeyId":11,"baseKey":"Bfmse8krp3mLFUd2uIXYOovtFCBDZLYb4ZQ61vFGh95U","preKeyId":8683088}}},"version":"v1"}