{"_sessions":{"BXgOTkupyBvkTsiuxAOhh1lHCAmZ8aVH6NqalWBofahO":{"registrationId":741148298,"currentRatchet":{"ephemeralKeyPair":{"pubKey":"BZ1R36L2Mk1yF58d71UOecV2+njTr3xFpv46FAQU8Ht9","privKey":"yCH7YXqqChIAR59kAXftec6Mmq3xBHcQayNYr2iOL0E="},"lastRemoteEphemeralKey":"Balzh3QgVTBM4w6dUiyZpx4Rko/056YGax4MwnaBWPw/","previousCounter":0,"rootKey":"wXvG/zxMLrQD3wkTOX9C5vA/cdlTGaYZekCW3iREAwI="},"indexInfo":{"baseKey":"BXgOTkupyBvkTsiuxAOhh1lHCAmZ8aVH6NqalWBofahO","baseKeyType":1,"closed":-1,"used":1755758930886,"created":1755758930886,"remoteIdentityKey":"BUYt3BcPdnP0NgreWNAjWUEhiRlqXB8zoRdcm07Vfb1V"},"_chains":{"BZ1R36L2Mk1yF58d71UOecV2+njTr3xFpv46FAQU8Ht9":{"chainKey":{"counter":0,"key":"lvnkpl+A4U2k8dg4JxmYx9aiIvXIJ/vawNzVScucph8="},"chainType":1,"messageKeys":{}}},"pendingPreKey":{"signedKeyId":4891579,"baseKey":"BXgOTkupyBvkTsiuxAOhh1lHCAmZ8aVH6NqalWBofahO","preKeyId":19528}}},"version":"v1"}