{"_sessions":{"BbO5rNv/1XYRBCCk1RjYgLGI4NuetyUHXgh7awSZRxkP":{"registrationId":586989570,"currentRatchet":{"ephemeralKeyPair":{"pubKey":"BW+8N9tzlgvuioKXxP3WiowwyAtIaTeHj5syPS7+OB0w","privKey":"IG0m9PP3nFQM+nSjk7AvQHvn1l/sJJAziRhmjySZtUQ="},"lastRemoteEphemeralKey":"BeJN4F6sno4m9xi1am6lHjRmTfVXY4yqi1liB3nNYG5W","previousCounter":0,"rootKey":"iUSa03KZXQwO7mnzXGOIpAm0oPJJXw8Ni92MTU6QWiI="},"indexInfo":{"baseKey":"BbO5rNv/1XYRBCCk1RjYgLGI4NuetyUHXgh7awSZRxkP","baseKeyType":1,"closed":-1,"used":1755758930692,"created":1755758930692,"remoteIdentityKey":"BcBq3MkyrsrIFaGUSUX0r+0lNnSCkeXzRDMVDXlFMp52"},"_chains":{"BW+8N9tzlgvuioKXxP3WiowwyAtIaTeHj5syPS7+OB0w":{"chainKey":{"counter":0,"key":"6Usdm0CtaAaCabxeDEN6KQUqswVR29zpOzGShmu2SIA="},"chainType":1,"messageKeys":{}}},"pendingPreKey":{"signedKeyId":14,"baseKey":"BbO5rNv/1XYRBCCk1RjYgLGI4NuetyUHXgh7awSZRxkP","preKeyId":13603562}}},"version":"v1"}