{"_sessions":{"BXP/SMr+HzqmQuHlPlinL/+13VxOpmU1r0zjIizYTDR2":{"registrationId":1473779318,"currentRatchet":{"ephemeralKeyPair":{"pubKey":"Bd3vlEFm9jImzRFOxnInxJDWVSQz9qUZucjzcK+dghcl","privKey":"eHs55v2MMNm9aB8Z5XoiFoVh/xa/KUtFq5zf82aYDkg="},"lastRemoteEphemeralKey":"BbN/VOFVmrImuDwkxTyCRtsggkZHI+B9camrM7pgDWUV","previousCounter":0,"rootKey":"cQLioG71kw/vCKXUa0zFOv+r3eSwgNBrX5htpmjWkaU="},"indexInfo":{"baseKey":"BXP/SMr+HzqmQuHlPlinL/+13VxOpmU1r0zjIizYTDR2","baseKeyType":1,"closed":-1,"used":1755758929057,"created":1755758929057,"remoteIdentityKey":"BZHtNZkEvk+pKhcYglIkSC63ldJiyIe48lVrETo3Jf1u"},"_chains":{"Bd3vlEFm9jImzRFOxnInxJDWVSQz9qUZucjzcK+dghcl":{"chainKey":{"counter":0,"key":"q2k2DQJptHnGwbGFINAtpy+/DhKjwrJcUtjcLruNEyY="},"chainType":1,"messageKeys":{}}},"pendingPreKey":{"signedKeyId":20,"baseKey":"BXP/SMr+HzqmQuHlPlinL/+13VxOpmU1r0zjIizYTDR2","preKeyId":5941612}}},"version":"v1"}