{"_sessions":{"BQJItuvhNxOWiaQ+zs2xHv6PwiAbRdcub3lgneWv4jFY":{"registrationId":1845685562,"currentRatchet":{"ephemeralKeyPair":{"pubKey":"BRqmUcL+c6omv+NVRycnO0hgKWY+9SXIm8T7Tu9xJ7Fu","privKey":"+OxxFQS0NGjdVMdgeXxq4jDJkdW25bNM3kDHElIneE0="},"lastRemoteEphemeralKey":"BR212RApVMumeyR/4I9nCGt/3/Fw2mdUxNH7Rab4UvhY","previousCounter":0,"rootKey":"g2tx1n6mUajeLZyNtPaRl/WTsjYkqNUycRJ+eRx/Yyg="},"indexInfo":{"baseKey":"BQJItuvhNxOWiaQ+zs2xHv6PwiAbRdcub3lgneWv4jFY","baseKeyType":1,"closed":-1,"used":1755758930174,"created":1755758930174,"remoteIdentityKey":"BUMu/nvONUmZSa1gUEFQrN1gfWqfBPxePQHKXeqVljBf"},"_chains":{"BRqmUcL+c6omv+NVRycnO0hgKWY+9SXIm8T7Tu9xJ7Fu":{"chainKey":{"counter":0,"key":"pgdQTjXI4MCKk087cPvxrkOr2Fdak/dcnIyVxi2K+28="},"chainType":1,"messageKeys":{}}},"pendingPreKey":{"signedKeyId":5,"baseKey":"BQJItuvhNxOWiaQ+zs2xHv6PwiAbRdcub3lgneWv4jFY","preKeyId":11278371}}},"version":"v1"}