{"_sessions":{"BWMEi9rH20is0sztftGDqRJOC/4fj20NYWhmd4gnoDUA":{"registrationId":2070437221,"currentRatchet":{"ephemeralKeyPair":{"pubKey":"BYmStfWxCCwKxO7J9H8/YjxMypeseMKTZ7BiRrvuJy9b","privKey":"IEV+LeW6KWmtiWw56jOBG6GCUich5oYblzBCoIYQWXw="},"lastRemoteEphemeralKey":"BTvUnAVSos1AOP82c706gAynDTCwRGbRdzm8N4LdXTB9","previousCounter":0,"rootKey":"PXyk7unB2iCes1euZGTZABQbqzdGpzQek/kjaVQ6j54="},"indexInfo":{"baseKey":"BWMEi9rH20is0sztftGDqRJOC/4fj20NYWhmd4gnoDUA","baseKeyType":1,"closed":-1,"used":1755758929967,"created":1755758929967,"remoteIdentityKey":"BVnTPgbPydE+W3choqdaIuJrYUyhq9DsHC4RmjvlvS8l"},"_chains":{"BYmStfWxCCwKxO7J9H8/YjxMypeseMKTZ7BiRrvuJy9b":{"chainKey":{"counter":0,"key":"R5pPul+MHW0RUJrOd8eScVH7pMoHW3okK1g9/sBOjrg="},"chainType":1,"messageKeys":{}}},"pendingPreKey":{"signedKeyId":6,"baseKey":"BWMEi9rH20is0sztftGDqRJOC/4fj20NYWhmd4gnoDUA","preKeyId":16152417}}},"version":"v1"}