{"_sessions":{"BUCspqM4xjTc73CE8bLF6ZI32/t+T9ThAFZ/L6BOH8cR":{"registrationId":1327672580,"currentRatchet":{"ephemeralKeyPair":{"pubKey":"BZ6lhvyf2J7NDtQxTpuCwUFaInAbIZiNIxyuMowQyJI/","privKey":"8MK9LnncxzWjNnFGpRA28f1IHO945ACx5HsIQ+klElM="},"lastRemoteEphemeralKey":"BcdeOVHLkgg01uoRphq6ppIMoaV+rTn1xUOkxJ75n5sE","previousCounter":0,"rootKey":"f9x0wN2CBPlMbHKyfGsGOcnq2RJWyuMr9HdahXbtIhQ="},"indexInfo":{"baseKey":"BUCspqM4xjTc73CE8bLF6ZI32/t+T9ThAFZ/L6BOH8cR","baseKeyType":1,"closed":-1,"used":1755758930209,"created":1755758930209,"remoteIdentityKey":"BUT6oLtr91ki59/iqCJMmunm2tWfHJH5m7XfqDHnQnNd"},"_chains":{"BZ6lhvyf2J7NDtQxTpuCwUFaInAbIZiNIxyuMowQyJI/":{"chainKey":{"counter":0,"key":"p8K0j17iW/3fU0yi5xXXi6GDJUawmdBQQmvzv2qy4hQ="},"chainType":1,"messageKeys":{}}},"pendingPreKey":{"signedKeyId":12,"baseKey":"BUCspqM4xjTc73CE8bLF6ZI32/t+T9ThAFZ/L6BOH8cR","preKeyId":4068706}}},"version":"v1"}