{"_sessions":{"Bb7jlfN0ib04ssjZL49jBY7ToXUEaA1qhFfsTO656tY6":{"registrationId":947084437,"currentRatchet":{"ephemeralKeyPair":{"pubKey":"BTOPMBOxBPLrTNeb0hVRWjFUFC/TDNZuwRcNZkKnUu9I","privKey":"aAHmlkbPKZdTFflj5QDZKYnHLG0WJVu9018rHFCpAn0="},"lastRemoteEphemeralKey":"Bf2HwPDsYWU8pAOvsoSLVrQqV/yQsrocvGIex7zypUxz","previousCounter":0,"rootKey":"KFUuxBxDLscqtxXWH08hkQzO8l04g+V2jKAzunYkI3Y="},"indexInfo":{"baseKey":"Bb7jlfN0ib04ssjZL49jBY7ToXUEaA1qhFfsTO656tY6","baseKeyType":1,"closed":-1,"used":1755758804483,"created":1755758804483,"remoteIdentityKey":"BYrit4rk6ebqQFRn9zRAuzre5YVHYSCN3Rahj7TZvEFs"},"_chains":{"BTOPMBOxBPLrTNeb0hVRWjFUFC/TDNZuwRcNZkKnUu9I":{"chainKey":{"counter":3,"key":"Zg5BZIkSkR/I6aaQLnKe/g4xbpe+LzX8IsDEPZP20wo="},"chainType":1,"messageKeys":{}}},"pendingPreKey":{"signedKeyId":4,"baseKey":"Bb7jlfN0ib04ssjZL49jBY7ToXUEaA1qhFfsTO656tY6"}}},"version":"v1"}