{"_sessions":{"Baxps60aIq5cU3FKDc0uxCY1qJJ3EM39+EGImNK/sZ0b":{"registrationId":849710298,"currentRatchet":{"ephemeralKeyPair":{"pubKey":"BVfYhkY9a2lZSC2k8nliWlV+VXEXp4S/xFDCZ+Si3DVQ","privKey":"sPpR1/TH7F9KqB2GzOtvwL1eNQtfI8jCa5DNiooss2Q="},"lastRemoteEphemeralKey":"BfNgtQjU9O3cEXvydqF+tAv2YdD2fiB5iK5LOECLjzIj","previousCounter":0,"rootKey":"I4dsUU4VmAuE5Sm7uEvx1twTMR7xr3EqZdTyq1M8QhQ="},"indexInfo":{"baseKey":"Baxps60aIq5cU3FKDc0uxCY1qJJ3EM39+EGImNK/sZ0b","baseKeyType":1,"closed":-1,"used":1755758930020,"created":1755758930020,"remoteIdentityKey":"BVxNEZd1Qlq1CVGl3ze/50Qg4QZMS8uD0qMA01r9sa8Z"},"_chains":{"BVfYhkY9a2lZSC2k8nliWlV+VXEXp4S/xFDCZ+Si3DVQ":{"chainKey":{"counter":0,"key":"D5d8Q6qG0EHGtm9n7JZVnhsQWJszt9XSMJldylOE2wM="},"chainType":1,"messageKeys":{}}},"pendingPreKey":{"signedKeyId":57,"baseKey":"Baxps60aIq5cU3FKDc0uxCY1qJJ3EM39+EGImNK/sZ0b","preKeyId":1916244}}},"version":"v1"}