{"_sessions":{"BU5QwsFRFbTTuQ3tU6W11rV1sxvuZ9fp78MiTOFoZs8L":{"registrationId":729459897,"currentRatchet":{"ephemeralKeyPair":{"pubKey":"BS5CzQTHZQ6yKs9Wv/zeC4NHIs/QEhNTDlcyh2qPe7h6","privKey":"APD4mTjNk6TucpL/HCL3UZHS4oVTIcBZ3dq6D3ebvWE="},"lastRemoteEphemeralKey":"BUxm1GSHZp63zmOpYVUgdDXYl/omhl/EFjHChlO4/KF0","previousCounter":0,"rootKey":"tXKdtFdWN0GtaujR092jk04fRm+Jt5IjrbbQxgkY/b4="},"indexInfo":{"baseKey":"BU5QwsFRFbTTuQ3tU6W11rV1sxvuZ9fp78MiTOFoZs8L","baseKeyType":1,"closed":-1,"used":1755758930344,"created":1755758930344,"remoteIdentityKey":"Bds7KkI9kMI3z4W60G/yt264dMYlM1a3Z3Qs0UtV9JND"},"_chains":{"BS5CzQTHZQ6yKs9Wv/zeC4NHIs/QEhNTDlcyh2qPe7h6":{"chainKey":{"counter":0,"key":"JMXiGw8OcAfVmLtRCBe/xu3wO0aqrFmIsgQtw2V5J/c="},"chainType":1,"messageKeys":{}}},"pendingPreKey":{"signedKeyId":2,"baseKey":"BU5QwsFRFbTTuQ3tU6W11rV1sxvuZ9fp78MiTOFoZs8L","preKeyId":5227553}}},"version":"v1"}