{"_sessions":{"BU/VZ/Up+0UTWi0l6GeMMFxOUg48mFwzDgJayf4U+Tke":{"registrationId":632919233,"currentRatchet":{"ephemeralKeyPair":{"pubKey":"BYeEkkLYvYjVHbkhhDDVFFVv6CC7VoHDvpeoIwRCR6Rm","privKey":"cIkijDT4pm9TdQaDc2gdM/wHZQh/WKCeOU/r/qBeSkI="},"lastRemoteEphemeralKey":"BaCTsGerumAHGPI+oAjarppYwKaiiCtUV9WP1SBvIzM5","previousCounter":0,"rootKey":"dwiNuZ2xUL7Fj4SYjl4VcbX+FyN9zzywOfctQJFuhok="},"indexInfo":{"baseKey":"BU/VZ/Up+0UTWi0l6GeMMFxOUg48mFwzDgJayf4U+Tke","baseKeyType":1,"closed":-1,"used":1755758929343,"created":1755758929343,"remoteIdentityKey":"BY+phaWHEZ1bvvpBo0u55uLOC+KN1pe/S7lrPQbhxCVV"},"_chains":{"BYeEkkLYvYjVHbkhhDDVFFVv6CC7VoHDvpeoIwRCR6Rm":{"chainKey":{"counter":0,"key":"ocQ4mgB4fCOwZ+t4uImi5MGmV16ebXrIny97uQ+lpRk="},"chainType":1,"messageKeys":{}}},"pendingPreKey":{"signedKeyId":1,"baseKey":"BU/VZ/Up+0UTWi0l6GeMMFxOUg48mFwzDgJayf4U+Tke","preKeyId":2336957}}},"version":"v1"}