{"_sessions":{"BZmwuCv/tEJ5hbYWY4qJFkpcA0YWthz68OXksDpiWtY1":{"registrationId":1587927451,"currentRatchet":{"ephemeralKeyPair":{"pubKey":"BU3BXLm2DsjKg4rVDGZ0hGVN/JUmrtCSHcADlBio4x5w","privKey":"mIRD2GoTsp/Tq8xh62Ik5LcgIMUlog6I1kWrT/KH1UY="},"lastRemoteEphemeralKey":"BUxKjblcDsrYS0D0/tlrIi+kf2vOI4Ef98VD1uu/vol1","previousCounter":0,"rootKey":"BlYY9W3Y2Vpw+PSKBMAc8sBGt/84RA45zIEFhKlSup4="},"indexInfo":{"baseKey":"BZmwuCv/tEJ5hbYWY4qJFkpcA0YWthz68OXksDpiWtY1","baseKeyType":1,"closed":-1,"used":1755758928679,"created":1755758928679,"remoteIdentityKey":"BcKZuPudXUJQ1CQFLlWzjJozTP/WbUMRTzSFQMB3a+M7"},"_chains":{"BU3BXLm2DsjKg4rVDGZ0hGVN/JUmrtCSHcADlBio4x5w":{"chainKey":{"counter":0,"key":"Fhcphguh//DojT1ZMyqsICoKP+j+WPNO83V+zKW8Cg8="},"chainType":1,"messageKeys":{}}},"pendingPreKey":{"signedKeyId":13,"baseKey":"BZmwuCv/tEJ5hbYWY4qJFkpcA0YWthz68OXksDpiWtY1","preKeyId":14726788}}},"version":"v1"}