{"_sessions":{"Bdbn13yY6k7enCpHKy02NWV7iWuhgZ2V5chFa+tmNdRu":{"registrationId":1135591786,"currentRatchet":{"ephemeralKeyPair":{"pubKey":"BUiR6ir9cOsp4b9SiQAslFCRdIK1Ggop9ZJlohPfw8h+","privKey":"CDy8PHqi/5KwSxlDMhs1WXunrD5jTiGNX5++js874G8="},"lastRemoteEphemeralKey":"BTW06IBdVjhVP614deLDNt02g3cJo4nSxgOHVMr6qZUV","previousCounter":0,"rootKey":"AsLltYfRZrujO3UC9E29+bHs5aXasC0eViw+PP3za1o="},"indexInfo":{"baseKey":"Bdbn13yY6k7enCpHKy02NWV7iWuhgZ2V5chFa+tmNdRu","baseKeyType":1,"closed":-1,"used":1755758929406,"created":1755758929406,"remoteIdentityKey":"BR99URbKEFWczkwg8GzsfnNzVvF4tl11x3Jy96q2jJkG"},"_chains":{"BUiR6ir9cOsp4b9SiQAslFCRdIK1Ggop9ZJlohPfw8h+":{"chainKey":{"counter":0,"key":"/6AVzQwrQIvAPT7fq/DcCe4PBKjClOEFBksz0FTvXrA="},"chainType":1,"messageKeys":{}}},"pendingPreKey":{"signedKeyId":4,"baseKey":"Bdbn13yY6k7enCpHKy02NWV7iWuhgZ2V5chFa+tmNdRu","preKeyId":6383030}}},"version":"v1"}