{"_sessions":{"BU01sQ/RWXHXJa1XJahGtX8mDdkxAvcrOLdPAgTtieM9":{"registrationId":1633881790,"currentRatchet":{"ephemeralKeyPair":{"pubKey":"BSdZ1CJfgXuhm230PIWR95F7VdLq3YidqKfjTn5NGlVg","privKey":"2GUt/l8tVzcbtDGjfUTEwCD2rJF23ydZUQA6SaVU3U0="},"lastRemoteEphemeralKey":"BaHzhw0nupHq1POezKfWD2aJIRqYDLEdnpOjN9uGAWph","previousCounter":0,"rootKey":"+4YzSodFeTHUori6HyguR4Mp1VImGm5n6S07PlD19tg="},"indexInfo":{"baseKey":"BU01sQ/RWXHXJa1XJahGtX8mDdkxAvcrOLdPAgTtieM9","baseKeyType":1,"closed":-1,"used":1755758928903,"created":1755758928903,"remoteIdentityKey":"Ba6GNLKIR1PpfsjL5YzJc13PAV2pGX8Doas2wfKlmKse"},"_chains":{"BSdZ1CJfgXuhm230PIWR95F7VdLq3YidqKfjTn5NGlVg":{"chainKey":{"counter":0,"key":"VIc918XgEzFFaSfK1F2ThnMEiDf3MvISk/htDhqICWs="},"chainType":1,"messageKeys":{}}},"pendingPreKey":{"signedKeyId":12332198,"baseKey":"BU01sQ/RWXHXJa1XJahGtX8mDdkxAvcrOLdPAgTtieM9","preKeyId":7026}}},"version":"v1"}