{"_sessions":{"BS/SAYQlSA560slNh4fyao+dtr2MbgufzEKZanNRXwdX":{"registrationId":762151103,"currentRatchet":{"ephemeralKeyPair":{"pubKey":"BdledgGwGrUH9wQkJ4wyGls9olsK23p4CCoK2UXO6dNA","privKey":"cMT45wz6xDiB0aeSWZhDxXBalu1l5g6gusPsSdzC+UE="},"lastRemoteEphemeralKey":"BThT88LCeY9QwSaxdxGS1LugCrTN1ESVG4C97Iv3HYsa","previousCounter":0,"rootKey":"suqHPwIQWAqrmzv84zm0EdkuMkacxy5HkaCPRSTMBek="},"indexInfo":{"baseKey":"BS/SAYQlSA560slNh4fyao+dtr2MbgufzEKZanNRXwdX","baseKeyType":1,"closed":-1,"used":1755758928578,"created":1755758928578,"remoteIdentityKey":"BXG/c1VHf2/Y4Y7c1fxixFs5yvtpd+78J4rw8SzLD5Eu"},"_chains":{"BdledgGwGrUH9wQkJ4wyGls9olsK23p4CCoK2UXO6dNA":{"chainKey":{"counter":0,"key":"uQ+Clsorfz16tfzJqLuhOaxtlsfjYFkLxILN4bLSiVQ="},"chainType":1,"messageKeys":{}}},"pendingPreKey":{"signedKeyId":3120184,"baseKey":"BS/SAYQlSA560slNh4fyao+dtr2MbgufzEKZanNRXwdX","preKeyId":28692}}},"version":"v1"}