{"_sessions":{"BTMblpllXE5mLDDEBn4B4GfNDvfi6UNMI7GbvhPhUT92":{"registrationId":829743132,"currentRatchet":{"ephemeralKeyPair":{"pubKey":"BSrhMyzu3oEzquNgYgnLQUXErYN1O8gQIsVtbz1yD2F8","privKey":"mPCynBvoqPRiH32IpInDb18dbEmI7sSHI2DzvOqva30="},"lastRemoteEphemeralKey":"BYPsqCHg3nh0omhJIbdaXjlo4N//M6sLhsu9rt7CaWsg","previousCounter":0,"rootKey":"GWcKtMcU5XK1L7f4UDRaJ4NPC9ZnZREy/hwOY8ucs2I="},"indexInfo":{"baseKey":"BTMblpllXE5mLDDEBn4B4GfNDvfi6UNMI7GbvhPhUT92","baseKeyType":1,"closed":-1,"used":1755758929068,"created":1755758929068,"remoteIdentityKey":"BbBBDRrRSVEGSVG/FflQkN7EhyJrBJO1e5DPpeXZD+Yj"},"_chains":{"BSrhMyzu3oEzquNgYgnLQUXErYN1O8gQIsVtbz1yD2F8":{"chainKey":{"counter":0,"key":"nHTfIfmkUQ5fkVluZR36rWkQLGas6C1ZjjoFhLMWtUc="},"chainType":1,"messageKeys":{}}},"pendingPreKey":{"signedKeyId":18,"baseKey":"BTMblpllXE5mLDDEBn4B4GfNDvfi6UNMI7GbvhPhUT92","preKeyId":10248881}}},"version":"v1"}