{"_sessions":{"BZVgDU8Cs8cpXoRH/dC4RsQbkkTCZVs2K3c5ozffNsNn":{"registrationId":898473703,"currentRatchet":{"ephemeralKeyPair":{"pubKey":"BTZ5gTTDIjFN+aB8NhWAE5FbZVMH2xs/DhUkUVog2j9h","privKey":"sHnNj16sO0BquFPw6s1abBPQhvHDQJhOEEVYnKzsrFw="},"lastRemoteEphemeralKey":"BdGMt8JU7K407d0zYD64ooOynVleXn6HsoEe2DOYnA5M","previousCounter":0,"rootKey":"YJi3xUdQaUR0R7whhUkIZrwmObBI0pPFnaRPCAB6MSk="},"indexInfo":{"baseKey":"BZVgDU8Cs8cpXoRH/dC4RsQbkkTCZVs2K3c5ozffNsNn","baseKeyType":1,"closed":-1,"used":1755758929648,"created":1755758929648,"remoteIdentityKey":"BT3Ckig0YoSlLZdaLmbBkJEX6F56Apjob/IevHM8Y4kd"},"_chains":{"BTZ5gTTDIjFN+aB8NhWAE5FbZVMH2xs/DhUkUVog2j9h":{"chainKey":{"counter":0,"key":"kvv26xiZv85PDf6ASyrv3kx0/uwlTfX9JMnK/UXBosI="},"chainType":1,"messageKeys":{}}},"pendingPreKey":{"signedKeyId":4,"baseKey":"BZVgDU8Cs8cpXoRH/dC4RsQbkkTCZVs2K3c5ozffNsNn","preKeyId":14024359}}},"version":"v1"}