{"_sessions":{"BZyt1pZ/4sanhuWY13q08VrA9lVpX9nU8Dxu0Gf266la":{"registrationId":235358520,"currentRatchet":{"ephemeralKeyPair":{"pubKey":"BTpA7P+XSj9QbETPyFp9D9eJDQTfHOjdgysT03uA2vsH","privKey":"uES4fqKwtF82va40bBLKw+AUdppY607PSHNcS0hhgno="},"lastRemoteEphemeralKey":"Bd2IyxUEN5ZwwP5WfFH+EhxzG42KgdnPvrEcF766sdhM","previousCounter":0,"rootKey":"OYzk4AYUhUnQ3cYFRucWlCcf+FZG55sSd+DrnTu5CBk="},"indexInfo":{"baseKey":"BZyt1pZ/4sanhuWY13q08VrA9lVpX9nU8Dxu0Gf266la","baseKeyType":1,"closed":-1,"used":1755758928887,"created":1755758928887,"remoteIdentityKey":"BZAom8/hzYff4B6H3W19Ifbg2K9bx8dpNAsyaKeLlGZc"},"_chains":{"BTpA7P+XSj9QbETPyFp9D9eJDQTfHOjdgysT03uA2vsH":{"chainKey":{"counter":0,"key":"fT33upLS7gM2eLzpAqq/5/NoIun0jn1Wg7cQb1Tvuww="},"chainType":1,"messageKeys":{}}},"pendingPreKey":{"signedKeyId":10,"baseKey":"BZyt1pZ/4sanhuWY13q08VrA9lVpX9nU8Dxu0Gf266la","preKeyId":11295540}}},"version":"v1"}