{"_sessions":{"BSJCJWKjgeBDoecEhDm2+PWoReINy8wMPt35Hlx4SEFs":{"registrationId":773417383,"currentRatchet":{"ephemeralKeyPair":{"pubKey":"BbDeRFRohWmlB/Vv9g1uIDzQSXFPBiCKKwNyXs3cCl1+","privKey":"KNeUb4yQmY3sgaF7hBcpH4J/SoUNkRyGafbMcWscnlc="},"lastRemoteEphemeralKey":"BRWWvAEjk2HDihJFov/C/jFErx7Z2nQ2smg7iUbu0P19","previousCounter":0,"rootKey":"jYtjGjma/bnSMlAKVXRcONQbFAnNbaNsZK5KhT8h+cg="},"indexInfo":{"baseKey":"BSJCJWKjgeBDoecEhDm2+PWoReINy8wMPt35Hlx4SEFs","baseKeyType":1,"closed":-1,"used":1755758930026,"created":1755758930026,"remoteIdentityKey":"BZEWZLoezstNN1+eqcLrnU0YxMskB2jf8qf1d7lrB8ky"},"_chains":{"BbDeRFRohWmlB/Vv9g1uIDzQSXFPBiCKKwNyXs3cCl1+":{"chainKey":{"counter":0,"key":"ULu1nNbae/NzmRAgd8lGBICT8u+74upql0SbQCMj2Rc="},"chainType":1,"messageKeys":{}}},"pendingPreKey":{"signedKeyId":13119763,"baseKey":"BSJCJWKjgeBDoecEhDm2+PWoReINy8wMPt35Hlx4SEFs","preKeyId":65}}},"version":"v1"}