{"_sessions":{"BYRtHPzZl/cGCmy5X94xe563NQg7y13zJP4GBufWugAI":{"registrationId":827818059,"currentRatchet":{"ephemeralKeyPair":{"pubKey":"BZcB9rUSS+YnyfEaaV9fcg8+yFtM4KT3r9kGLkTWPa40","privKey":"MIdnf/rdYrsyBAdo43RxaI+kyCiVIl0ikJv3cmd1QHg="},"lastRemoteEphemeralKey":"BVkbvLFOnrN4hz3tt8FxOJjgovBvUHWPRo55KIW4cU1q","previousCounter":0,"rootKey":"WRkShbUjjXUnuIcpGvyEi0Bm4Jw3Re9fpP1MB23aQI8="},"indexInfo":{"baseKey":"BYRtHPzZl/cGCmy5X94xe563NQg7y13zJP4GBufWugAI","baseKeyType":1,"closed":-1,"used":1755758930881,"created":1755758930881,"remoteIdentityKey":"BXiNA9u4vBYj7ztngTrB+mtRrhYY90Bq7XW90pAMrrJl"},"_chains":{"BZcB9rUSS+YnyfEaaV9fcg8+yFtM4KT3r9kGLkTWPa40":{"chainKey":{"counter":0,"key":"tQrE6foM3ZpvAGLiIP/MrrDus6uAhX9FQOM24YfuvVU="},"chainType":1,"messageKeys":{}}},"pendingPreKey":{"signedKeyId":2,"baseKey":"BYRtHPzZl/cGCmy5X94xe563NQg7y13zJP4GBufWugAI","preKeyId":2368976}}},"version":"v1"}