{"_sessions":{"BXNnt4NGjNi7G7HAYsnWxsAymJUxRq0glrOVC7yIQCYl":{"registrationId":1532050030,"currentRatchet":{"ephemeralKeyPair":{"pubKey":"BXLACrAo1+REcJwYWYMg93TYGKs498UTBCsE/BVdj3B6","privKey":"yEFru1SG86GJL4hOro+ZNOzqe+tN3UKHI4zLvpE9RWA="},"lastRemoteEphemeralKey":"BbRayXiiGJYtJd6JWVu6xhA/lsQnoKWa+NkgEgu5/1hD","previousCounter":0,"rootKey":"TGktHlZFC3XT5g7m4bf+ZGAewfykzAOCKPRoNeJABiU="},"indexInfo":{"baseKey":"BXNnt4NGjNi7G7HAYsnWxsAymJUxRq0glrOVC7yIQCYl","baseKeyType":1,"closed":-1,"used":1755758929278,"created":1755758929278,"remoteIdentityKey":"BdcArJ14TRE+6JT2UpobukceWKRPeQzRiwtbXFR7gb06"},"_chains":{"BXLACrAo1+REcJwYWYMg93TYGKs498UTBCsE/BVdj3B6":{"chainKey":{"counter":0,"key":"nZCWclliUZ7NZ4jccvG2tdPRYRYxhqskoom2L6xeytE="},"chainType":1,"messageKeys":{}}},"pendingPreKey":{"signedKeyId":14,"baseKey":"BXNnt4NGjNi7G7HAYsnWxsAymJUxRq0glrOVC7yIQCYl","preKeyId":10359428}}},"version":"v1"}