{"_sessions":{"BX/QaOQC2A4hB/tTBOxi6esZZOtv6d7ddoQnqBmdoPA+":{"registrationId":1465732352,"currentRatchet":{"ephemeralKeyPair":{"pubKey":"BTaf22dtjuln4mZ9+QJBYTh/nBXFgT6roQvO7KEowFR6","privKey":"QCe6RAWAUSwYxtjWOgAvwhSqAeGXOntEGcCUR0Ql5F4="},"lastRemoteEphemeralKey":"BaU7+Gki7cWeT5xSNwJkGQJEqVRi55euOuRfQTJ1SrAa","previousCounter":0,"rootKey":"u9l9IttSMxtBOREb4zH0fmxoeURL2QKTB8bCefQSTG4="},"indexInfo":{"baseKey":"BX/QaOQC2A4hB/tTBOxi6esZZOtv6d7ddoQnqBmdoPA+","baseKeyType":1,"closed":-1,"used":1755758930453,"created":1755758930453,"remoteIdentityKey":"BZKyy6ennOHiO1UHpEg/0czma33FBdAH8Z7K8Ozc79M0"},"_chains":{"BTaf22dtjuln4mZ9+QJBYTh/nBXFgT6roQvO7KEowFR6":{"chainKey":{"counter":0,"key":"nHcVQaFj7c4fw3wuD/RupDUEgvb4gDQv4pAiZmEuzmk="},"chainType":1,"messageKeys":{}}},"pendingPreKey":{"signedKeyId":5005669,"baseKey":"BX/QaOQC2A4hB/tTBOxi6esZZOtv6d7ddoQnqBmdoPA+","preKeyId":19425}}},"version":"v1"}