{"_sessions":{"Bbu1YMuX3gw4Mb+m7l1JI5FTL1FUkThPQ7LkBF7iHFkf":{"registrationId":1785899659,"currentRatchet":{"ephemeralKeyPair":{"pubKey":"BcjKxvi+nMqqi8P8KBuXjuyqpxKre0buqOTHhJ2dOwNh","privKey":"UCeVPMgt8jVqWz1mb1rPbsdfkKfCBi6CrUpWXW69KFQ="},"lastRemoteEphemeralKey":"BcHJ6Rrc4D8AyU8DgGJSvaUMDAvwB3VOwVxwcq6pQY9h","previousCounter":0,"rootKey":"WEy+t/mnIM05Y2uQgs+cl77a0Pl5lXbkk4wk1J5FVck="},"indexInfo":{"baseKey":"Bbu1YMuX3gw4Mb+m7l1JI5FTL1FUkThPQ7LkBF7iHFkf","baseKeyType":1,"closed":-1,"used":1755758930814,"created":1755758930814,"remoteIdentityKey":"BW9FxmVmQ/eBrInO6LZezshCm17ADSCK/NEV6+u0VMgc"},"_chains":{"BcjKxvi+nMqqi8P8KBuXjuyqpxKre0buqOTHhJ2dOwNh":{"chainKey":{"counter":0,"key":"4s3cm42WKoMlP+iWvauwkwePJGkPIlvPZf86/sPGBhs="},"chainType":1,"messageKeys":{}}},"pendingPreKey":{"signedKeyId":6257141,"baseKey":"Bbu1YMuX3gw4Mb+m7l1JI5FTL1FUkThPQ7LkBF7iHFkf","preKeyId":7233}}},"version":"v1"}