{"_sessions":{"BTIK9N6z9+v/LsVASdVYpxMSN3vaa35vc9GMolCu+nxj":{"registrationId":1725363215,"currentRatchet":{"ephemeralKeyPair":{"pubKey":"BRe6Bn+aWkUiuRtAqjwFTtZQt4GEywLj1Qb88XoFwYEQ","privKey":"iLG198y5dkX6Gflj1pIVOpOisMjXwzUgjYwjQPffBEk="},"lastRemoteEphemeralKey":"BVt2EsjavKEqTLgqv4VMVK/mP+PRJc2ETC56xaC8JtIh","previousCounter":0,"rootKey":"w8QGcUhkWX6iHTuBUqnncqeEaCYY5GARA2m/YJuCCQI="},"indexInfo":{"baseKey":"BTIK9N6z9+v/LsVASdVYpxMSN3vaa35vc9GMolCu+nxj","baseKeyType":1,"closed":-1,"used":1755758929643,"created":1755758929643,"remoteIdentityKey":"BSg+HrjwbfcJEcEB/kc6Sw0fAQX40zLI5scfK1UGhc17"},"_chains":{"BRe6Bn+aWkUiuRtAqjwFTtZQt4GEywLj1Qb88XoFwYEQ":{"chainKey":{"counter":0,"key":"oPP+0LN+lvf7hF1avIzN9ZT7JJBTMgWfOkOdcJUCr8U="},"chainType":1,"messageKeys":{}}},"pendingPreKey":{"signedKeyId":8613583,"baseKey":"BTIK9N6z9+v/LsVASdVYpxMSN3vaa35vc9GMolCu+nxj","preKeyId":5059}}},"version":"v1"}