{"_sessions":{"BYD/zH1LsBQWLSUkqOmxe0cYuTq2HjNhgQknArj7oacS":{"registrationId":1480663493,"currentRatchet":{"ephemeralKeyPair":{"pubKey":"BVBamNLaWCu2ePxblioVZPPijCvNqQWImscQBAmjzG8K","privKey":"iKX0DwYt04G0L6HqsoTjXrwO35Tp7oBQzf0AYWPp8Eo="},"lastRemoteEphemeralKey":"Ba6AZB2qTuGyOg+HTDK4m0ZmDq2TCa5lprR4tZ0UGJRa","previousCounter":0,"rootKey":"fVI5c8JA6OFC6PkeqHhQlAvab9eaNZKSH+7qDg0jSJc="},"indexInfo":{"baseKey":"BYD/zH1LsBQWLSUkqOmxe0cYuTq2HjNhgQknArj7oacS","baseKeyType":1,"closed":-1,"used":1755758930582,"created":1755758930582,"remoteIdentityKey":"BeNGOIr3WWfEG6nUe69/gikbhXpkcaUmy9dFVTY6MgV/"},"_chains":{"BVBamNLaWCu2ePxblioVZPPijCvNqQWImscQBAmjzG8K":{"chainKey":{"counter":0,"key":"xb0oBhoKiZvrVS6Ij/7t00yY8oc/izh0jqA7mZ/sYa8="},"chainType":1,"messageKeys":{}}},"pendingPreKey":{"signedKeyId":16394118,"baseKey":"BYD/zH1LsBQWLSUkqOmxe0cYuTq2HjNhgQknArj7oacS","preKeyId":8892}}},"version":"v1"}