{"_sessions":{"BdDx0J/rfgG0/2+nkbS4GbLvU3nkFWIEnWG6KB4nT5US":{"registrationId":1208884625,"currentRatchet":{"ephemeralKeyPair":{"pubKey":"Bcf5F8uT61TrwfIG9YxJMKCQvB2tqPCIgHkgX68XiWMS","privKey":"eMoKf8bNOuBSiGvLAYEGuQ+jCVxrQRVSZTAlLhAYV2s="},"lastRemoteEphemeralKey":"BRXjtSI90toa7KsGIdDHQWP6j68ga63vBhLwbtzjOVhU","previousCounter":0,"rootKey":"9iO5ZYqqdErJRP4AaHNPfAm3C2Ple95tWjJK6/rUT2o="},"indexInfo":{"baseKey":"BdDx0J/rfgG0/2+nkbS4GbLvU3nkFWIEnWG6KB4nT5US","baseKeyType":1,"closed":-1,"used":1755758928629,"created":1755758928629,"remoteIdentityKey":"Bd0XKKZj7LRxQVUO3AbcWlGdVkofjCDb3hC81qU01xta"},"_chains":{"Bcf5F8uT61TrwfIG9YxJMKCQvB2tqPCIgHkgX68XiWMS":{"chainKey":{"counter":0,"key":"IyQ4Pir7uHRUqHJgHyHx/qQtOqeipvhcJlpbwuLBSwQ="},"chainType":1,"messageKeys":{}}},"pendingPreKey":{"signedKeyId":1389014,"baseKey":"BdDx0J/rfgG0/2+nkbS4GbLvU3nkFWIEnWG6KB4nT5US","preKeyId":5081}}},"version":"v1"}