{"_sessions":{"BfVaMBjl6ABH6zMRTrQKhgSJntmOFAHinYYbE8NZWj9X":{"registrationId":549783950,"currentRatchet":{"ephemeralKeyPair":{"pubKey":"BTAI5iPTmJnh8tKFuCSwxGznjwnfPMkfLVJUg397ykQ1","privKey":"cBcCdaBe5cImyptr8UYyTGq4AHLc2GgE8FUGqCEte10="},"lastRemoteEphemeralKey":"BUbU1ce8GsYlAMHOiW+jVOpM+i+Y0S4010RlFRwxXwd6","previousCounter":0,"rootKey":"9TcOfijlkUPIR2xoxUrfdMlpBo6m/yTavAkXohKKF40="},"indexInfo":{"baseKey":"BfVaMBjl6ABH6zMRTrQKhgSJntmOFAHinYYbE8NZWj9X","baseKeyType":1,"closed":-1,"used":1755758929767,"created":1755758929767,"remoteIdentityKey":"BSOvpAENVhri67CTU5u/HVYL8BgqG4hWlGvO1ijKGbpP"},"_chains":{"BTAI5iPTmJnh8tKFuCSwxGznjwnfPMkfLVJUg397ykQ1":{"chainKey":{"counter":0,"key":"MS3LfW+RBzSxMtGhKNNBcGsZfha4kN5ULaKX563IzLs="},"chainType":1,"messageKeys":{}}},"pendingPreKey":{"signedKeyId":13,"baseKey":"BfVaMBjl6ABH6zMRTrQKhgSJntmOFAHinYYbE8NZWj9X","preKeyId":14761924}}},"version":"v1"}