{"_sessions":{"BTffYXgSWJe5wGjS36afvPdZVSvVn7Ku4p0N1sHXGm5k":{"registrationId":640507018,"currentRatchet":{"ephemeralKeyPair":{"pubKey":"BbKdhddPsuNJhfyhUR2BNbJ5pMBVVndxuQKf1d6rt8g+","privKey":"6N6NY2pkSCNyWcQJ5+wcFkG/4qntRmys0yToq2PhW2Y="},"lastRemoteEphemeralKey":"BeQMRMVG/zbQhrinQlf/aQRjohldPJlntEIvCI5x7bxc","previousCounter":0,"rootKey":"4miXfVkz27xoPX25qjuuEuxHwIzpr9qKHIeZ+hNf+XU="},"indexInfo":{"baseKey":"BTffYXgSWJe5wGjS36afvPdZVSvVn7Ku4p0N1sHXGm5k","baseKeyType":1,"closed":-1,"used":1755758929193,"created":1755758929193,"remoteIdentityKey":"BYXTpmBscznX0syQiVKbYws6XjfjCQWdphgKN8IBcOp6"},"_chains":{"BbKdhddPsuNJhfyhUR2BNbJ5pMBVVndxuQKf1d6rt8g+":{"chainKey":{"counter":0,"key":"dXf1JGqxR3ABgieVpJ25Lfc3+sm7PicQ05NbLNnjBWs="},"chainType":1,"messageKeys":{}}},"pendingPreKey":{"signedKeyId":7,"baseKey":"BTffYXgSWJe5wGjS36afvPdZVSvVn7Ku4p0N1sHXGm5k","preKeyId":3580933}}},"version":"v1"}