{"_sessions":{"BYRSw4jV9cL4woeekBqoeT9VYmgA4/UuHzN1yj14gPw6":{"registrationId":478241899,"currentRatchet":{"ephemeralKeyPair":{"pubKey":"Bd/7+rp3FzZNMwj7EBGsF4zrXEoVxpEJqzsWwkexAml8","privKey":"aGUUhNuGQN+/dvk3MemjkwTppgmwEXJyDLwUtAvS+mY="},"lastRemoteEphemeralKey":"BWSjcos94BeNMp8eg+EL/wSzrLb6AIabSTqz5BOpuSIv","previousCounter":0,"rootKey":"lzf34JSx/1Yym8KMNam5e6KvOhhG9uf2V9ubz3MoAHU="},"indexInfo":{"baseKey":"BYRSw4jV9cL4woeekBqoeT9VYmgA4/UuHzN1yj14gPw6","baseKeyType":1,"closed":-1,"used":1755758928518,"created":1755758928518,"remoteIdentityKey":"BRpVsH1M9ChxGNL97keW/Ud+oYNfRb6pqq/53HSOZLIN"},"_chains":{"Bd/7+rp3FzZNMwj7EBGsF4zrXEoVxpEJqzsWwkexAml8":{"chainKey":{"counter":0,"key":"t5SYz0cl93fpsMvGYo0WlT1bbVaSPHO6YQUQ/4VYp5Q="},"chainType":1,"messageKeys":{}}},"pendingPreKey":{"signedKeyId":8,"baseKey":"BYRSw4jV9cL4woeekBqoeT9VYmgA4/UuHzN1yj14gPw6","preKeyId":4771592}}},"version":"v1"}