{"_sessions":{"BQtvAR58oTNgg9j8eM5MotRYALGkB9GDlBa7GSEaVwB2":{"registrationId":869646808,"currentRatchet":{"ephemeralKeyPair":{"pubKey":"BfqbJKxsUrDmChfNUDUsMGYnc5z7VbpiSFdiZ5g3NbNk","privKey":"uPfJoi9hMIu/yV42cJAKG8BCIdaz+uEmqwjeeJIdVF4="},"lastRemoteEphemeralKey":"BZYLrEoLYyxTRBXWzKrSQDYt6UNsaR6fYZXTbCIPTgsh","previousCounter":0,"rootKey":"ph/aYlyzkeaM+rFj1QzTDtY3HaRv7Ptjyn0OSMitj3Q="},"indexInfo":{"baseKey":"BQtvAR58oTNgg9j8eM5MotRYALGkB9GDlBa7GSEaVwB2","baseKeyType":1,"closed":-1,"used":1755758930723,"created":1755758930723,"remoteIdentityKey":"BZf9OUEBIpBgirnrXxScn0vA6Y+a/T7ZHjQ4psxdm88t"},"_chains":{"BfqbJKxsUrDmChfNUDUsMGYnc5z7VbpiSFdiZ5g3NbNk":{"chainKey":{"counter":0,"key":"e03hr3LiqeYmNrhhbz6HPoE0G8fclXSv11WS74BOQ+c="},"chainType":1,"messageKeys":{}}},"pendingPreKey":{"signedKeyId":13,"baseKey":"BQtvAR58oTNgg9j8eM5MotRYALGkB9GDlBa7GSEaVwB2","preKeyId":1983651}}},"version":"v1"}