{"_sessions":{"BRZv0DHfKUkq+zF5kEGgDLr6EvSnBhE00KKfapMjpTcA":{"registrationId":1972044971,"currentRatchet":{"ephemeralKeyPair":{"pubKey":"BTjtRQm9iWBAusrl5eGeJqueY6dPY2fE9kjvywsU6DN7","privKey":"IDyUXYTidSjjmEZBxoDZT6DIDCzjin2h4XPJprSPe2A="},"lastRemoteEphemeralKey":"BexYkVKUYEnTNfalzwW9is1itXFawecGq9mcGEEtOQEM","previousCounter":0,"rootKey":"KuqVHq98J8mAF55jKt7Pf+cnwgGI/9NE67TRQHEORFE="},"indexInfo":{"baseKey":"BRZv0DHfKUkq+zF5kEGgDLr6EvSnBhE00KKfapMjpTcA","baseKeyType":1,"closed":-1,"used":1755758929806,"created":1755758929806,"remoteIdentityKey":"BenPyPplRo4+sHCpkIAsRgdN8N47jM/r3Y94jE3PjAg2"},"_chains":{"BTjtRQm9iWBAusrl5eGeJqueY6dPY2fE9kjvywsU6DN7":{"chainKey":{"counter":0,"key":"nyeYBbon7FvrYTvM+Tzcfpmhhu0stCeFe7voy1kl5Uc="},"chainType":1,"messageKeys":{}}},"pendingPreKey":{"signedKeyId":3571994,"baseKey":"BRZv0DHfKUkq+zF5kEGgDLr6EvSnBhE00KKfapMjpTcA","preKeyId":9584}}},"version":"v1"}