{"_sessions":{"BSazvDFIiBVX37aqMeS8lBXsO+W37Oc1X5I5r3SVp+sY":{"registrationId":416774910,"currentRatchet":{"ephemeralKeyPair":{"pubKey":"BVHcMBSTdb9TKvuVFSfvnbn0KeIiS+vke+4vQPjflOZM","privKey":"SIJ7PZwsj9c3ZUzZmFDFw8mS53jCDLyCHsRbqzRx81w="},"lastRemoteEphemeralKey":"BXeeGVzxkzAtuvY8ac2iG9fnLcgwLCbTjlAWL2LPPvpo","previousCounter":0,"rootKey":"BSWddaP+XtUmNUwWyiMe88alJ+ytwAvWNpuDrIH0zfc="},"indexInfo":{"baseKey":"BSazvDFIiBVX37aqMeS8lBXsO+W37Oc1X5I5r3SVp+sY","baseKeyType":1,"closed":-1,"used":1755758929962,"created":1755758929962,"remoteIdentityKey":"BbpQK/JChbR7lWfixRla/ClImJ/B+vqrk35McbRZstk/"},"_chains":{"BVHcMBSTdb9TKvuVFSfvnbn0KeIiS+vke+4vQPjflOZM":{"chainKey":{"counter":0,"key":"4p58d6KZmG3q4PPPMyQ5VMUvD+t+dkBJpxTcb/Ooju0="},"chainType":1,"messageKeys":{}}},"pendingPreKey":{"signedKeyId":0,"baseKey":"BSazvDFIiBVX37aqMeS8lBXsO+W37Oc1X5I5r3SVp+sY","preKeyId":15368507}}},"version":"v1"}