{"_sessions":{"BeeqW/e/rECMjEui6CsLwYwEEuUo0A9JyJeFopq8Mv47":{"registrationId":819448551,"currentRatchet":{"ephemeralKeyPair":{"pubKey":"BSe9qUVAP9hPA3FWC0Ou4MEXHtswbr6jgYvDXyVznpIL","privKey":"6Bzv7Ch73sTrKcQ1JI3BPoththsoJhoI2hKiwbkChEM="},"lastRemoteEphemeralKey":"BWpRgTfB39uifRWGa1P6Z9u3hWLiDKWTBxygOspcFRpA","previousCounter":0,"rootKey":"XRl7bRSCoRV+qruVJEukvJ5GwHtV6SPXvoy8qorD3uA="},"indexInfo":{"baseKey":"BeeqW/e/rECMjEui6CsLwYwEEuUo0A9JyJeFopq8Mv47","baseKeyType":1,"closed":-1,"used":1755758929134,"created":1755758929134,"remoteIdentityKey":"BXwW0f6fRAG0gGo9iq7IOBLQiS+15zvyho0nhic6vzYQ"},"_chains":{"BSe9qUVAP9hPA3FWC0Ou4MEXHtswbr6jgYvDXyVznpIL":{"chainKey":{"counter":0,"key":"qGnTiNWl2J9fvi+gnGCUHeJjmQ59nX89mIJPqZjSJWo="},"chainType":1,"messageKeys":{}}},"pendingPreKey":{"signedKeyId":1,"baseKey":"BeeqW/e/rECMjEui6CsLwYwEEuUo0A9JyJeFopq8Mv47","preKeyId":935959}}},"version":"v1"}