{"_sessions":{"BeMKG2Nbbkg+7QTla9zneTS94F88VKXYVjBM+oaiuHQs":{"registrationId":932310055,"currentRatchet":{"ephemeralKeyPair":{"pubKey":"BdMHHsUPEHSRC+KyQYnPMT/2y0t4RKkaZYuE9jzL79xB","privKey":"aGL2JiJshWoQnIiv+77H1+GOxV4uHMgoHl0VSUnmylo="},"lastRemoteEphemeralKey":"BZIYduEm/y8z9nEe5O6mbSGc9UNTxoG/rsbA0wQeiQBA","previousCounter":0,"rootKey":"fF9mlyqZ3hDWuZbsscxX2LygVbz8kmfTKpxxBfifs20="},"indexInfo":{"baseKey":"BeMKG2Nbbkg+7QTla9zneTS94F88VKXYVjBM+oaiuHQs","baseKeyType":1,"closed":-1,"used":1755758930015,"created":1755758930015,"remoteIdentityKey":"BQIRKOkHbf9aLidg7CQJfKj+X7OaDUCNPlQu7zPesz0j"},"_chains":{"BdMHHsUPEHSRC+KyQYnPMT/2y0t4RKkaZYuE9jzL79xB":{"chainKey":{"counter":0,"key":"oEgDSgNZw89eXRkEs1jPd7VU23hxYkSmiUzkTytuOyo="},"chainType":1,"messageKeys":{}}},"pendingPreKey":{"signedKeyId":2,"baseKey":"BeMKG2Nbbkg+7QTla9zneTS94F88VKXYVjBM+oaiuHQs","preKeyId":1278730}}},"version":"v1"}