{"_sessions":{"Bc8OJb9ykE8DOerBtd5DWs0ytSVVel77JyKhJ96PMp4g":{"registrationId":15181770,"currentRatchet":{"ephemeralKeyPair":{"pubKey":"BcpBf0nLj3+U0b/PtvIHX2lJiJb8CMd5baoZzRuxIUEU","privKey":"SOQa4P+Jq3T5q9jnKu0frrxRHkxyustPMKvTV3f1u0Q="},"lastRemoteEphemeralKey":"Ba4D5PNS+4T6wAp6uWY269DFp5lmhFiDAvotjedfxE5k","previousCounter":0,"rootKey":"QJMzw5B0PZzDPPdy6qB2NrgRFEz5WvWlNJFCDskZ8/M="},"indexInfo":{"baseKey":"Bc8OJb9ykE8DOerBtd5DWs0ytSVVel77JyKhJ96PMp4g","baseKeyType":1,"closed":-1,"used":1755758930744,"created":1755758930744,"remoteIdentityKey":"BfG62llKpgCfJMDB4V4t5HsG49eRHbke2TzSoBbFSQA6"},"_chains":{"BcpBf0nLj3+U0b/PtvIHX2lJiJb8CMd5baoZzRuxIUEU":{"chainKey":{"counter":0,"key":"BC3n3uLDsZ6Yq0TcAPKjKUFGe5XxFUx1Z4yd4T/kAX0="},"chainType":1,"messageKeys":{}}},"pendingPreKey":{"signedKeyId":5235562,"baseKey":"Bc8OJb9ykE8DOerBtd5DWs0ytSVVel77JyKhJ96PMp4g","preKeyId":26773}}},"version":"v1"}