{"_sessions":{"BcDXMSgrnu+eJ2VLJQ66Cf+gvjScWN47W3vo3947WMxH":{"registrationId":1591862326,"currentRatchet":{"ephemeralKeyPair":{"pubKey":"BaOaJIOodQwl7KDMM/yZlmm0PoUmIsz6WmGz7DXkjXF0","privKey":"IHBK71UFU2HmZCQPegQMfcoRdEjAc7x2KWYBK3+s3GM="},"lastRemoteEphemeralKey":"BZeb8n1lQ/tRWB65Xg2RdLqGD3PUriU+WZwjBLRBGhhA","previousCounter":0,"rootKey":"uJ/foZLb8KSlaD42NfMKajNi28APQtccsv9PGfkmndI="},"indexInfo":{"baseKey":"BcDXMSgrnu+eJ2VLJQ66Cf+gvjScWN47W3vo3947WMxH","baseKeyType":1,"closed":-1,"used":1755758930412,"created":1755758930412,"remoteIdentityKey":"BaY9pIlTIDk/AqNGk4boXtN9CwFPtb0el5uBNvBgap0Q"},"_chains":{"BaOaJIOodQwl7KDMM/yZlmm0PoUmIsz6WmGz7DXkjXF0":{"chainKey":{"counter":0,"key":"grxzaspOY4wTFI8bhYiNAoWonWqYsKsNjtc4lLoohSI="},"chainType":1,"messageKeys":{}}},"pendingPreKey":{"signedKeyId":0,"baseKey":"BcDXMSgrnu+eJ2VLJQ66Cf+gvjScWN47W3vo3947WMxH","preKeyId":6254111}}},"version":"v1"}