{"_sessions":{"BSuIZmPiHAlnBL9yaKnooB0+4xgBU66ChkFC3oIZcMNN":{"registrationId":2116856213,"currentRatchet":{"ephemeralKeyPair":{"pubKey":"BRIPZ0zNHpDcvik32JfsrkTSsuAj18SHMcU79PzqPmQG","privKey":"SIZqZ7n2BUiaC5MnAX2L5ygXF/df7u4Ukycvn7OBhnE="},"lastRemoteEphemeralKey":"BXIv7LacJAu86vPgncN9yaiHX9BvZD051iCeG/13SVFZ","previousCounter":0,"rootKey":"nUjFwcqAE7mHD4WK6QeXDijtIWoaAqE/ykQYEuvP/5Y="},"indexInfo":{"baseKey":"BSuIZmPiHAlnBL9yaKnooB0+4xgBU66ChkFC3oIZcMNN","baseKeyType":1,"closed":-1,"used":1755758928755,"created":1755758928755,"remoteIdentityKey":"BRCrsSQWFhha8xpBt4a52lnnMGHKGdLFCRjscFCwuVRi"},"_chains":{"BRIPZ0zNHpDcvik32JfsrkTSsuAj18SHMcU79PzqPmQG":{"chainKey":{"counter":0,"key":"6VPZiDq/02kCbjqREFq9bHRJfljDETAvLYFGPpcltEE="},"chainType":1,"messageKeys":{}}},"pendingPreKey":{"signedKeyId":3,"baseKey":"BSuIZmPiHAlnBL9yaKnooB0+4xgBU66ChkFC3oIZcMNN","preKeyId":10343751}}},"version":"v1"}