{"_sessions":{"BamVFdgrGeiG9vVapix39o+2fTG2IHNBWLkb+iqC0H49":{"registrationId":732007181,"currentRatchet":{"ephemeralKeyPair":{"pubKey":"BRAwrW6Gx34xgLodSdMLop0P3iZhQ7fQDAkPhAAXGKt2","privKey":"AKXcmeRXh8QkSkgNODBLBJDYZNMhXnLTGNvm+vPzHUg="},"lastRemoteEphemeralKey":"BVLkH1EkYtvPuRsgJeWcVJJEM7LghTPOYh3+mDu/4K8L","previousCounter":0,"rootKey":"PTvS8hGdcKk1qqhYwGSVdZlcJVfuBLfof8MqH+25NZI="},"indexInfo":{"baseKey":"BamVFdgrGeiG9vVapix39o+2fTG2IHNBWLkb+iqC0H49","baseKeyType":1,"closed":-1,"used":1755758930292,"created":1755758930292,"remoteIdentityKey":"BWCWkaD7a1U6Wk5R+JeioATCq9H/m2pz4SaPIqya0tJT"},"_chains":{"BRAwrW6Gx34xgLodSdMLop0P3iZhQ7fQDAkPhAAXGKt2":{"chainKey":{"counter":0,"key":"7n6QBmzdH3LqpLYrhF74p3S5danD1TKuxd/DTsHxnjk="},"chainType":1,"messageKeys":{}}},"pendingPreKey":{"signedKeyId":11,"baseKey":"BamVFdgrGeiG9vVapix39o+2fTG2IHNBWLkb+iqC0H49","preKeyId":1406803}}},"version":"v1"}