{"_sessions":{"BdVtD6ax+isk3lY14HjhDex8nfhIx6/xUeTT1vpikcVF":{"registrationId":876952582,"currentRatchet":{"ephemeralKeyPair":{"pubKey":"BedDrAafEeX4ZVCTV3FgTMH7CgydMjhEhgbwL1/DGnBh","privKey":"YHYglbgEQz93cdrD+aXucXLGdLzrzLvrkldipEGKfVI="},"lastRemoteEphemeralKey":"BUYGq/61iPx8ZPilvpj1yAAC9GKmG9IogwAR3Hveg/lX","previousCounter":0,"rootKey":"WkRr8a/itjN7Cm1wZytgQRRzoZbysDML2CFg1J2z+g8="},"indexInfo":{"baseKey":"BdVtD6ax+isk3lY14HjhDex8nfhIx6/xUeTT1vpikcVF","baseKeyType":1,"closed":-1,"used":1755758928975,"created":1755758928975,"remoteIdentityKey":"BUUla+6N+UDyE7F81fxDqUcc4wQ5BcbB/g6oK13mujJK"},"_chains":{"BedDrAafEeX4ZVCTV3FgTMH7CgydMjhEhgbwL1/DGnBh":{"chainKey":{"counter":0,"key":"RCHOg5Sb6wz7oeEVn1F83B3rwWBVOQkluQ0fra6Tcww="},"chainType":1,"messageKeys":{}}},"pendingPreKey":{"signedKeyId":24,"baseKey":"BdVtD6ax+isk3lY14HjhDex8nfhIx6/xUeTT1vpikcVF","preKeyId":1249138}}},"version":"v1"}