{"_sessions":{"BQhjPHZhha89UZ/x8ivs8WaoJcmlGE3LLpkjcsI9yjcC":{"registrationId":1049962309,"currentRatchet":{"ephemeralKeyPair":{"pubKey":"BfbyWBHg1RrAkRkLigED/HuFP2hnZh20vEM08HQ34LZh","privKey":"UH5iQb94ml5n0EiYRhy04AwHs8na7V0eEbrzphbzRUs="},"lastRemoteEphemeralKey":"BXhBnzhY15/pO4p8gBBcsgXWHHeEGh4Fm/jug2Kak6kQ","previousCounter":0,"rootKey":"rLcFFBlFqg/0WKkdfdrLnVXLCmHq9gBIQZV+64CHqEg="},"indexInfo":{"baseKey":"BQhjPHZhha89UZ/x8ivs8WaoJcmlGE3LLpkjcsI9yjcC","baseKeyType":1,"closed":-1,"used":1755758929480,"created":1755758929480,"remoteIdentityKey":"BaCSnyMBxjpQkJFOlGLc45dwYPCT7bimyz/ZZ/Bsvvd5"},"_chains":{"BfbyWBHg1RrAkRkLigED/HuFP2hnZh20vEM08HQ34LZh":{"chainKey":{"counter":0,"key":"LPIORYvr41iYSTRlJRerHj+aRb5QXPsFxgMmDQoVa5o="},"chainType":1,"messageKeys":{}}},"pendingPreKey":{"signedKeyId":19,"baseKey":"BQhjPHZhha89UZ/x8ivs8WaoJcmlGE3LLpkjcsI9yjcC","preKeyId":9036785}}},"version":"v1"}