{"_sessions":{"BQ08AID+fVDC8ZZGUWMfiEXZl9OA8kQyek0sgAvC9K8f":{"registrationId":1389881876,"currentRatchet":{"ephemeralKeyPair":{"pubKey":"BZoX+ufWvXVvirtCmvohjAD/9O0G1cPCYtxsu9hACbpu","privKey":"EErHhAd8WgccLCO6fcCqje3KmAFxAa8R7Ne5VrqAA24="},"lastRemoteEphemeralKey":"BSBTnnl7C+19o5FdFVi2DBMYkGwGnHxLndTgE5thui8t","previousCounter":0,"rootKey":"CMDZPlzXkBe6TNEOoXCqrteUr8uSgfw54al2u1Tnlww="},"indexInfo":{"baseKey":"BQ08AID+fVDC8ZZGUWMfiEXZl9OA8kQyek0sgAvC9K8f","baseKeyType":1,"closed":-1,"used":1755758930102,"created":1755758930102,"remoteIdentityKey":"BTh6FC4sBX80yVTlYtehz1FMf0WlAVDTGbHye3E4PTBp"},"_chains":{"BZoX+ufWvXVvirtCmvohjAD/9O0G1cPCYtxsu9hACbpu":{"chainKey":{"counter":0,"key":"8M+y2sNfym6jgSpY9grLTsRp7Xirtlqz/nvru3epwCg="},"chainType":1,"messageKeys":{}}},"pendingPreKey":{"signedKeyId":9520620,"baseKey":"BQ08AID+fVDC8ZZGUWMfiEXZl9OA8kQyek0sgAvC9K8f","preKeyId":11275}}},"version":"v1"}