{"_sessions":{"BSKywOXUpF+2UasAEj9KeHqD7BcwhlBMJ7cDhM5FFpYF":{"registrationId":1832265076,"currentRatchet":{"ephemeralKeyPair":{"pubKey":"Bcfy1YnPGD+cul6L2syaK1zDuSNLbkx+3QmhW5dMO/oX","privKey":"YDfEn0YraeoIacKAEr5TN+C+JVeIbSEcMBN4iVfMnnM="},"lastRemoteEphemeralKey":"BSAypRYsAxD2oXUfZ/57Xr9PEfRrX9e47Ujl7Z2IvMxu","previousCounter":0,"rootKey":"fNqZUMbSVgASJ4SOjzPlNNqLBXW/868CDO9FyXIGbZ0="},"indexInfo":{"baseKey":"BSKywOXUpF+2UasAEj9KeHqD7BcwhlBMJ7cDhM5FFpYF","baseKeyType":1,"closed":-1,"used":1755758930031,"created":1755758930031,"remoteIdentityKey":"BarG928OJjKI8aN7cpmYlRScPRmScrUCVCOqDqoeqM9j"},"_chains":{"Bcfy1YnPGD+cul6L2syaK1zDuSNLbkx+3QmhW5dMO/oX":{"chainKey":{"counter":0,"key":"w7Jx3UBH9hHG5HBDUofNIP7QlLpOtZMQDTYrAc0NcsY="},"chainType":1,"messageKeys":{}}},"pendingPreKey":{"signedKeyId":7,"baseKey":"BSKywOXUpF+2UasAEj9KeHqD7BcwhlBMJ7cDhM5FFpYF","preKeyId":2801711}}},"version":"v1"}