{"_sessions":{"BTGW2LoA4MaUudlBg0u6gzcUCZOpFgn21LaKqWElhqBS":{"registrationId":1607976752,"currentRatchet":{"ephemeralKeyPair":{"pubKey":"BTq9xBcByBhlieBw4q6mrpE7lC2jrdXfifjcvNFKhHUq","privKey":"gP8by2Z87FtU8nrvC1YuFbV0XJRv7Q+yB/9i1slsfkA="},"lastRemoteEphemeralKey":"BTQqImCFlFYOisp2kFzmeFFCofhTuwiViFPAdtROWaJg","previousCounter":0,"rootKey":"bjtorHPjOCDqD5+L39LvittqICF0zAYPaeuUXh6xYF0="},"indexInfo":{"baseKey":"BTGW2LoA4MaUudlBg0u6gzcUCZOpFgn21LaKqWElhqBS","baseKeyType":1,"closed":-1,"used":1755758930514,"created":1755758930514,"remoteIdentityKey":"BenzLhHgkP6+vw5aFp1JdW6PiV57heiHqvbdtTg7SdhY"},"_chains":{"BTq9xBcByBhlieBw4q6mrpE7lC2jrdXfifjcvNFKhHUq":{"chainKey":{"counter":0,"key":"5ZzbqArFIWYPcKOYHY+jDDErF2A9Nmy+lN8VDe2mNvI="},"chainType":1,"messageKeys":{}}},"pendingPreKey":{"signedKeyId":11,"baseKey":"BTGW2LoA4MaUudlBg0u6gzcUCZOpFgn21LaKqWElhqBS","preKeyId":2530472}}},"version":"v1"}