{"_sessions":{"BeY2xhpc6bEuAELKAvzjiRL+ciBA4zBf+7SM3g9S95xy":{"registrationId":594220142,"currentRatchet":{"ephemeralKeyPair":{"pubKey":"BT/vrL8DkWi7+41wu3o565w/dxsHr36pksM35e8zIOxa","privKey":"yOqZ62/I7QYJzoUfxJLDVWlwKH6H4ngPEZ4wTqGVh1s="},"lastRemoteEphemeralKey":"BYTMAvS3ZVIfllYBUhnzOA163iTsjuABOhg/xtE2e8FV","previousCounter":0,"rootKey":"fhMiq9RDPgmOxXtMcDVfWuZkgAURxynqGxV4rrCr92o="},"indexInfo":{"baseKey":"BeY2xhpc6bEuAELKAvzjiRL+ciBA4zBf+7SM3g9S95xy","baseKeyType":1,"closed":-1,"used":1755758930728,"created":1755758930728,"remoteIdentityKey":"BT9He0stZz7CaIka5sFKjO5o2bPnEhkhlWykIgQv+qlD"},"_chains":{"BT/vrL8DkWi7+41wu3o565w/dxsHr36pksM35e8zIOxa":{"chainKey":{"counter":0,"key":"DXVwgrHzMoZOKo/Fzp4HBzMK2it9Kr/i4snXACY33rY="},"chainType":1,"messageKeys":{}}},"pendingPreKey":{"signedKeyId":11,"baseKey":"BeY2xhpc6bEuAELKAvzjiRL+ciBA4zBf+7SM3g9S95xy","preKeyId":35592}}},"version":"v1"}