{"_sessions":{"BegXJwuJf8WZXezGFCTBkpBN3SgTFrQ2Fw+cp+xcGhwY":{"registrationId":1985452982,"currentRatchet":{"ephemeralKeyPair":{"pubKey":"BS4ehy0nSHXf61JvmhT4c0TWxbQm4grRjfE0p3z9flBz","privKey":"OJEx6vDIZiltzbNBbKiIYzNYUIsiykO1f1fHKeKnHFA="},"lastRemoteEphemeralKey":"BbWzeXcVLIDq/qeXf6a2LKSwvtwKpezWjAPiPjej79UF","previousCounter":0,"rootKey":"A0wg3476SNOnigi3fJFqkJlexkEoOfFsjG68r+ML7bg="},"indexInfo":{"baseKey":"BegXJwuJf8WZXezGFCTBkpBN3SgTFrQ2Fw+cp+xcGhwY","baseKeyType":1,"closed":-1,"used":1755758930010,"created":1755758930010,"remoteIdentityKey":"BSLXXAJjc5AhGC5z93ZL5P1AN0yzpqRsvw9MK5wEbvQ8"},"_chains":{"BS4ehy0nSHXf61JvmhT4c0TWxbQm4grRjfE0p3z9flBz":{"chainKey":{"counter":0,"key":"Nsw39qUxUnn3fHXOpU04V3v/Flb8BpWadveDZx06Tgs="},"chainType":1,"messageKeys":{}}},"pendingPreKey":{"signedKeyId":25,"baseKey":"BegXJwuJf8WZXezGFCTBkpBN3SgTFrQ2Fw+cp+xcGhwY","preKeyId":5153202}}},"version":"v1"}