{"_sessions":{"BRbB7p3gstUq7TZx6r75sCfDHgOBj1NykY+YNTTYe7l7":{"registrationId":211975708,"currentRatchet":{"ephemeralKeyPair":{"pubKey":"BVXWYHROxox2SW+Hs28Yqunh4PH/+6Mukg9urW/V4wNi","privKey":"cMBYShzWLXrY4LQTCE05Hi6C1N1OF4wK/Jq7FCENDFA="},"lastRemoteEphemeralKey":"BbPC2M3Nex3PwdQ0A2i1MBsWrhrhd7zY1OKS02aYXP0A","previousCounter":0,"rootKey":"KEgDWTB+8GlgCPp+0s+5L82Oi63gEkbYxWrBRCSFJdQ="},"indexInfo":{"baseKey":"BRbB7p3gstUq7TZx6r75sCfDHgOBj1NykY+YNTTYe7l7","baseKeyType":1,"closed":-1,"used":1755758930551,"created":1755758930551,"remoteIdentityKey":"BUk3BkXs15O8mQepshG9ktH/tovdl6jaVGL1yRJd76o9"},"_chains":{"BVXWYHROxox2SW+Hs28Yqunh4PH/+6Mukg9urW/V4wNi":{"chainKey":{"counter":0,"key":"9YVMn6fDerWe/mB4fjc3IZ/HZl9LjYGjSKeyxFdMG/E="},"chainType":1,"messageKeys":{}}},"pendingPreKey":{"signedKeyId":1,"baseKey":"BRbB7p3gstUq7TZx6r75sCfDHgOBj1NykY+YNTTYe7l7","preKeyId":14694170}}},"version":"v1"}