{"_sessions":{"BarXLUduwoBapJWYRBymocyKvKeXFA4NTpqL3XwMqBkv":{"registrationId":1301766828,"currentRatchet":{"ephemeralKeyPair":{"pubKey":"Bc3WQc8yQTFjRAK21dWd41wKgrkQb7vXhhKmwHgENMcQ","privKey":"MPSDOeVi5ymec5lWrQ0b7Y5erjM9bPAz5CYDZ1LouEc="},"lastRemoteEphemeralKey":"BRHUTpjxT7fUKY7kSm3rSu48xaJOywaWTvSOZEVYQzl7","previousCounter":0,"rootKey":"+qYx/PnyZr0mYsljIh2IushtstlwQk+4Tx26aM0dwnw="},"indexInfo":{"baseKey":"BarXLUduwoBapJWYRBymocyKvKeXFA4NTpqL3XwMqBkv","baseKeyType":1,"closed":-1,"used":1755758928701,"created":1755758928701,"remoteIdentityKey":"BWOIa48801+hiH5x/9saEsb8thGzW+boLO2F4B64oFQj"},"_chains":{"Bc3WQc8yQTFjRAK21dWd41wKgrkQb7vXhhKmwHgENMcQ":{"chainKey":{"counter":0,"key":"6en5U2qTBmyDa6DAMuCa9GOkkCvp4XhM0NHXqq2FCFM="},"chainType":1,"messageKeys":{}}},"pendingPreKey":{"signedKeyId":17,"baseKey":"BarXLUduwoBapJWYRBymocyKvKeXFA4NTpqL3XwMqBkv","preKeyId":2658920}}},"version":"v1"}