{"_sessions":{"BZgYRu2x69FlNRkqcZMHL8GJTfIihYsHSkCt8HD+VUdp":{"registrationId":432384661,"currentRatchet":{"ephemeralKeyPair":{"pubKey":"Bb3z5h7xtrvwzndSCe0KDjWDGaALgk1xbHtl+6hos/RG","privKey":"GM+0ohlca65SQNvzW4ecJJigyb06hESuN5ROFDVD93I="},"lastRemoteEphemeralKey":"BcgEOFqE0rtcr/xNvhO7eE+QznDAtD0z0RsspYbBeYVI","previousCounter":0,"rootKey":"E9NUw0E/WY8zI8+d5yJP4SQH/Dv9fXeu1mrBfK3PhPY="},"indexInfo":{"baseKey":"BZgYRu2x69FlNRkqcZMHL8GJTfIihYsHSkCt8HD+VUdp","baseKeyType":1,"closed":-1,"used":1755758930225,"created":1755758930225,"remoteIdentityKey":"BSX5y4LX/YksnyYkNZTRhZO9yc78EXWXbBjMSGyX6/o1"},"_chains":{"Bb3z5h7xtrvwzndSCe0KDjWDGaALgk1xbHtl+6hos/RG":{"chainKey":{"counter":0,"key":"0AXkRJIsETh/1MD3vqNcVRYbCEVcCod6dVS0lRoPC9E="},"chainType":1,"messageKeys":{}}},"pendingPreKey":{"signedKeyId":15681106,"baseKey":"BZgYRu2x69FlNRkqcZMHL8GJTfIihYsHSkCt8HD+VUdp","preKeyId":12494}}},"version":"v1"}