{"_sessions":{"BTtRn/llrqm6g1bIIJR+XU4MTxnIAU/QlxSmPDEKbTs4":{"registrationId":974975752,"currentRatchet":{"ephemeralKeyPair":{"pubKey":"BcKR9M3jelMdBznBcW5BOYblnq7WL2IywCLX0d9x6PUx","privKey":"UNPY2FCPU7XBKfpbA3TtUsEp1toNxN7/WyynAV1wbVg="},"lastRemoteEphemeralKey":"BTH4ph7EahXxKmbqLtEL8/3SsrQZ506mVdGkJHkNj0F1","previousCounter":0,"rootKey":"Fr5+etxCE1PUivQ824N9pWn3Ce77vAMZ6kMy1uGGDfM="},"indexInfo":{"baseKey":"BTtRn/llrqm6g1bIIJR+XU4MTxnIAU/QlxSmPDEKbTs4","baseKeyType":1,"closed":-1,"used":1755758928812,"created":1755758928812,"remoteIdentityKey":"BarXt3AsuqBhvbVU1NS6Fg8AUBl41W2smYZ5FDQEyO5Z"},"_chains":{"BcKR9M3jelMdBznBcW5BOYblnq7WL2IywCLX0d9x6PUx":{"chainKey":{"counter":0,"key":"B6kH4LDAaucEh+0dAh4kAok8/mc3DCDgO24GavNNdsA="},"chainType":1,"messageKeys":{}}},"pendingPreKey":{"signedKeyId":2,"baseKey":"BTtRn/llrqm6g1bIIJR+XU4MTxnIAU/QlxSmPDEKbTs4"}}},"version":"v1"}