{"_sessions":{"BZ+bHdi4B9+FlB9mKB2eecPR5O7BxJ5wKE94lm/lsEF2":{"registrationId":281449922,"currentRatchet":{"ephemeralKeyPair":{"pubKey":"BQWLCBA4nEjnDWkcb9XVmr1BF3jjHV2jBFbO/yCGh3M9","privKey":"eK8fpC6GlzDlbA9TYf2HfB54Q+XnMF5OM4OU+gZFoEo="},"lastRemoteEphemeralKey":"Bf9NpC9DQnfc5rz/mXn6pAFO8PmMgjmdhS8kA0E5TQtn","previousCounter":0,"rootKey":"dC715LSmQPSrU7vtwSdF0L79t7qaQW+a1NuixbMqJ5A="},"indexInfo":{"baseKey":"BZ+bHdi4B9+FlB9mKB2eecPR5O7BxJ5wKE94lm/lsEF2","baseKeyType":1,"closed":-1,"used":1755758928592,"created":1755758928592,"remoteIdentityKey":"BeUN4rMJbgetLsWThyIbcDh8XrYDsq3/TG+HNFDwEkd8"},"_chains":{"BQWLCBA4nEjnDWkcb9XVmr1BF3jjHV2jBFbO/yCGh3M9":{"chainKey":{"counter":0,"key":"pUH2oKdZEX66+p1sf9+oeQ7lp1/WYUxn079UoB8cbEk="},"chainType":1,"messageKeys":{}}},"pendingPreKey":{"signedKeyId":10,"baseKey":"BZ+bHdi4B9+FlB9mKB2eecPR5O7BxJ5wKE94lm/lsEF2","preKeyId":13348426}}},"version":"v1"}