{"_sessions":{"BaZkGfhxkvxxO9oXaugL2SfzbaU/dsled0+PEbNsDFlJ":{"registrationId":860645622,"currentRatchet":{"ephemeralKeyPair":{"pubKey":"Be3vsTHuwUz9IeM60O+V292ZLDI7T4O7H8A8jRFjxzw1","privKey":"CFF5U+Pub2XL9OmOYgkRupaG8B96cssTC5igIHdEWVo="},"lastRemoteEphemeralKey":"BVxdX2FnE+o8H7WE/L+JnUPD5bTdXg2G9pb0VpXDeZg4","previousCounter":0,"rootKey":"46TAQl0jyfIj4wAFs2UrN0KcCtruTIMvRMEdJncBea8="},"indexInfo":{"baseKey":"BaZkGfhxkvxxO9oXaugL2SfzbaU/dsled0+PEbNsDFlJ","baseKeyType":1,"closed":-1,"used":1755758929616,"created":1755758929616,"remoteIdentityKey":"BYRn385rTZ7X4J2vW2FFIhxW2pOWfoLCom+yJdnONyAy"},"_chains":{"Be3vsTHuwUz9IeM60O+V292ZLDI7T4O7H8A8jRFjxzw1":{"chainKey":{"counter":0,"key":"bwloHq2hx/if3dxQNIsaL1uW1XAGLKISc3mneAdhaBI="},"chainType":1,"messageKeys":{}}},"pendingPreKey":{"signedKeyId":3915454,"baseKey":"BaZkGfhxkvxxO9oXaugL2SfzbaU/dsled0+PEbNsDFlJ","preKeyId":13122}}},"version":"v1"}