{"_sessions":{"BSsJ52l1QF7whqe0P08YUPpxuApelxQEqhGXt9P9Kw1m":{"registrationId":451675567,"currentRatchet":{"ephemeralKeyPair":{"pubKey":"BWJW+rjYfZXRTdUHTvMDVo7gXT2QsfrxlJ0JhOsPVZlt","privKey":"oGwYAHTGC29PdkMgz8pYeHCm/VATYnod/fAiDhB9bnw="},"lastRemoteEphemeralKey":"BblLty3goBxG+5nPbxM5E24ZbOLF3MCrf/S/Nt3fEeUN","previousCounter":0,"rootKey":"CtQyRRX5OtFl65WDuymusX3WLV5qUXtylP8EbYJLHmw="},"indexInfo":{"baseKey":"BSsJ52l1QF7whqe0P08YUPpxuApelxQEqhGXt9P9Kw1m","baseKeyType":1,"closed":-1,"used":1755758928584,"created":1755758928584,"remoteIdentityKey":"BQXuQ35nqeZt5UbaVLp7pOSWUyL/tZixiOrM13eLTbZR"},"_chains":{"BWJW+rjYfZXRTdUHTvMDVo7gXT2QsfrxlJ0JhOsPVZlt":{"chainKey":{"counter":0,"key":"9o2nb5jntxc3Awf9xscOH5JwNvHJRgJF2g8byQ71/hk="},"chainType":1,"messageKeys":{}}},"pendingPreKey":{"signedKeyId":25,"baseKey":"BSsJ52l1QF7whqe0P08YUPpxuApelxQEqhGXt9P9Kw1m","preKeyId":4822205}}},"version":"v1"}