{"_sessions":{"BZkGXiptbyRA368bjJ6nel6u2xcih62GMdRRmiN3yNZH":{"registrationId":346747079,"currentRatchet":{"ephemeralKeyPair":{"pubKey":"Be+TAfXIoe1SmsYKxwdFdZ3H++YiKiDgOOKGNTUVTTQX","privKey":"kHm/hErxkFRSVXhsEKTlgAGWKXfnmFcynijJc2jWU0A="},"lastRemoteEphemeralKey":"BeKPIGpWHsDlGzCRNK6MuWvrN6U3h1T8wVPKS4xpMZs4","previousCounter":0,"rootKey":"vCLTnZLd+V/pYQ2gYn+36urbq/ev8Aa5A4qCWwGyvzo="},"indexInfo":{"baseKey":"BZkGXiptbyRA368bjJ6nel6u2xcih62GMdRRmiN3yNZH","baseKeyType":1,"closed":-1,"used":1755758928717,"created":1755758928717,"remoteIdentityKey":"BSxKm2NcMRVOINR5raqcQfL7qpf/FYlX30pckHvVt1hS"},"_chains":{"Be+TAfXIoe1SmsYKxwdFdZ3H++YiKiDgOOKGNTUVTTQX":{"chainKey":{"counter":0,"key":"XtuSVuyURtEndcVUs3FAtAgGzRK8bpZ+77Eg9HwOWDM="},"chainType":1,"messageKeys":{}}},"pendingPreKey":{"signedKeyId":20,"baseKey":"BZkGXiptbyRA368bjJ6nel6u2xcih62GMdRRmiN3yNZH","preKeyId":11266340}}},"version":"v1"}