{"_sessions":{"BVmFdn2207H8hBkuOvWtR30ckWuAhkbHfkzPYpvikckl":{"registrationId":975911389,"currentRatchet":{"ephemeralKeyPair":{"pubKey":"BcVkRIeegi4wr1ok2908M/OKoVCWWgTzI4hl8S7IGbg+","privKey":"IKF3C9XKnpIimmhZDLflTShG8xwwww3TjvsvkX5NGkc="},"lastRemoteEphemeralKey":"BfkvKrxb4A9BtUL6+A7b7QLk0b+b2XGECXhAItX5/U4l","previousCounter":0,"rootKey":"JSZHJZC/aRZ4rJLe7r79d+jr4ueirwKkbDpsC0+uFAw="},"indexInfo":{"baseKey":"BVmFdn2207H8hBkuOvWtR30ckWuAhkbHfkzPYpvikckl","baseKeyType":1,"closed":-1,"used":1755758929800,"created":1755758929800,"remoteIdentityKey":"BdTcu3YfuhHWNpymhGy80jLjYF3uGnVXQW4fp7Cc599h"},"_chains":{"BcVkRIeegi4wr1ok2908M/OKoVCWWgTzI4hl8S7IGbg+":{"chainKey":{"counter":0,"key":"pbClWHMyp9SBY42tKRf+SOrvxP4amhy//2zTFJWSbSw="},"chainType":1,"messageKeys":{}}},"pendingPreKey":{"signedKeyId":10,"baseKey":"BVmFdn2207H8hBkuOvWtR30ckWuAhkbHfkzPYpvikckl","preKeyId":653443}}},"version":"v1"}