{"_sessions":{"BSCjQYKDPfFIxZP7XJyk/AhJ6kxsMqyQoK50pHR/x0hb":{"registrationId":624303849,"currentRatchet":{"ephemeralKeyPair":{"pubKey":"BU+6GlN1/+cURJo1pDxCIgs/nzibNo5F8zrK3XLmW+5m","privKey":"aNW+q5FwwO7hu/vA0vfQfMcsiirGLMnQ/xwKcuV3Z3M="},"lastRemoteEphemeralKey":"BbFc820RQaYDg3s2EmTjf3WLJzh7tX5GhSmdXAjyoCJA","previousCounter":0,"rootKey":"w1gMv9fZfiv+PvvKCOuULuqcOj9GhWK/Acihap6a6u8="},"indexInfo":{"baseKey":"BSCjQYKDPfFIxZP7XJyk/AhJ6kxsMqyQoK50pHR/x0hb","baseKeyType":1,"closed":-1,"used":1755758928540,"created":1755758928540,"remoteIdentityKey":"Betl5FqK224tuvdf7MikRua7SYxswde41ObxZXBq+hJ3"},"_chains":{"BU+6GlN1/+cURJo1pDxCIgs/nzibNo5F8zrK3XLmW+5m":{"chainKey":{"counter":0,"key":"hOMEQgMrwKAnW1hh/WEkoHLWo3l9+pZw7W9AyI3yiaQ="},"chainType":1,"messageKeys":{}}},"pendingPreKey":{"signedKeyId":4517137,"baseKey":"BSCjQYKDPfFIxZP7XJyk/AhJ6kxsMqyQoK50pHR/x0hb","preKeyId":17939}}},"version":"v1"}