{"_sessions":{"BYimaBRtNxFmEFrPdvjQGjI4/Tj0Ck1QzdfdITTRyAwe":{"registrationId":264091716,"currentRatchet":{"ephemeralKeyPair":{"pubKey":"Ba1iMBz8GhKFiHkDl5qCcIMmqJHZaCF2hTuXdk4mLY1q","privKey":"mDLpNA2x5gM/bMNXKfwq9vbIwztzTQVoYiH69Q/14VE="},"lastRemoteEphemeralKey":"BXsfVAX+Q0I6IRzMKU8mMbhrTNN0PeSKMaXRKW9YlxBC","previousCounter":0,"rootKey":"QH+CgfCqGbwr3/9en0cQv4pfFlgVm59smrlarMiEmoM="},"indexInfo":{"baseKey":"BYimaBRtNxFmEFrPdvjQGjI4/Tj0Ck1QzdfdITTRyAwe","baseKeyType":1,"closed":-1,"used":1755758928712,"created":1755758928712,"remoteIdentityKey":"Bc5by4UihP8BWwJuMRDh1UNjG2wMcPMQpZrUTu6osdMH"},"_chains":{"Ba1iMBz8GhKFiHkDl5qCcIMmqJHZaCF2hTuXdk4mLY1q":{"chainKey":{"counter":0,"key":"WIyKubRfCz+ETmvp+b6li2DnqCv7k6MDYQEDevr9Nkk="},"chainType":1,"messageKeys":{}}},"pendingPreKey":{"signedKeyId":1,"baseKey":"BYimaBRtNxFmEFrPdvjQGjI4/Tj0Ck1QzdfdITTRyAwe","preKeyId":993220}}},"version":"v1"}