{"_sessions":{"BbTdH0o/Zd1wH3M48rro069/ihHE9Gp5lMJe5M1c+XtN":{"registrationId":1796771220,"currentRatchet":{"ephemeralKeyPair":{"pubKey":"BWXZEYXNnU//c8h2PyYcwBcDTa1hDkKeWz6jETE9GsUd","privKey":"kKZ0QYJPkfiByPAyQrXebad/lbd6lEL6S+gISpqgmEY="},"lastRemoteEphemeralKey":"Bf9gbWYizWpRRf6BVjDo0fOc173qwEstl6l6Oat9wW0x","previousCounter":0,"rootKey":"X3WD3tmJiROr/jKxBmbrD/RhKono1y2RThL2E/4MPTA="},"indexInfo":{"baseKey":"BbTdH0o/Zd1wH3M48rro069/ihHE9Gp5lMJe5M1c+XtN","baseKeyType":1,"closed":-1,"used":1755758929021,"created":1755758929021,"remoteIdentityKey":"BZRtH2cuQldEuFfQzcfYgdjzKpsl4PnNza96hvGm8E1X"},"_chains":{"BWXZEYXNnU//c8h2PyYcwBcDTa1hDkKeWz6jETE9GsUd":{"chainKey":{"counter":0,"key":"xhNqrzFX2fOnMzOyTFhOqXSFge+9FnBn1DoW78gHlKc="},"chainType":1,"messageKeys":{}}},"pendingPreKey":{"signedKeyId":9,"baseKey":"BbTdH0o/Zd1wH3M48rro069/ihHE9Gp5lMJe5M1c+XtN","preKeyId":4624549}}},"version":"v1"}