{"_sessions":{"BdbQgVQ3FohvxlzAaY2O5Jll42102Yp5/zN6zmRGc20D":{"registrationId":1580913679,"currentRatchet":{"ephemeralKeyPair":{"pubKey":"BRtbJDknMt9OiIMGjKbewSpQTPPJw0mFvAzxW5Cr0UdA","privKey":"0He40J7mDDSAUMxgfEToA8zoJnF0xdBzJ+q63czHUng="},"lastRemoteEphemeralKey":"BXc3ygoH62Qm5bkTrpDiu94MtH6KemwJPQEpmAQxQOpZ","previousCounter":0,"rootKey":"/VxGiR7wWnLjhMOMAGIkDem2RCieHrnigL8r+sIYNYo="},"indexInfo":{"baseKey":"BdbQgVQ3FohvxlzAaY2O5Jll42102Yp5/zN6zmRGc20D","baseKeyType":1,"closed":-1,"used":1755758929935,"created":1755758929935,"remoteIdentityKey":"BfDjZQX4LvjkZCw9Lv7tz6UYhAQYn4PNs5Ivje2HhJt9"},"_chains":{"BRtbJDknMt9OiIMGjKbewSpQTPPJw0mFvAzxW5Cr0UdA":{"chainKey":{"counter":0,"key":"6oCovTpw65KAnr1MF6pLmOGEXEu5mpVN4zKZumls7xI="},"chainType":1,"messageKeys":{}}},"pendingPreKey":{"signedKeyId":13,"baseKey":"BdbQgVQ3FohvxlzAaY2O5Jll42102Yp5/zN6zmRGc20D","preKeyId":14486211}}},"version":"v1"}