{"_sessions":{"BUbp3RFbZB6BAtmL8XOpz/Mir1vRRHtXHoohrEE5PrxA":{"registrationId":165257023,"currentRatchet":{"ephemeralKeyPair":{"pubKey":"BWqfwWteq4AV3+UuXyTfntkyBzFVcthos1h1Jgh1DBYe","privKey":"AMEILXLxAjJR2qJzr3lh2mNSdvBBJujWHNVMFRwN+F0="},"lastRemoteEphemeralKey":"BfK+P+Mi2ZWlt2EI9X2ApJ3m5nM8mzvMVZ3H1P1f8ytq","previousCounter":0,"rootKey":"60jwg/wZ0+NEWzbj6Wi7MQMz9JjNVEYu+Gfm34i8cEw="},"indexInfo":{"baseKey":"BUbp3RFbZB6BAtmL8XOpz/Mir1vRRHtXHoohrEE5PrxA","baseKeyType":2,"closed":-1,"used":1755758890849,"created":1755758890849,"remoteIdentityKey":"BVAN54vn+9vLKNk84siIM3/cCzUk2yAGv+hUQ5VJFNQw"},"_chains":{"BfK+P+Mi2ZWlt2EI9X2ApJ3m5nM8mzvMVZ3H1P1f8ytq":{"chainKey":{"counter":0,"key":"yQBbN/Q59jSYtK4XqbxsdCF7xIHv7MyuUpdB2cEszZY="},"chainType":2,"messageKeys":{}},"BWqfwWteq4AV3+UuXyTfntkyBzFVcthos1h1Jgh1DBYe":{"chainKey":{"counter":0,"key":"1UqcKLodzEjkPcgU2xyloqg5OB7i0FIYAWovSorQHkk="},"chainType":1,"messageKeys":{}}}}},"version":"v1"}