{"_sessions":{"BVuFtL2MZetsVsRXkIdzymU5NRQPRFSK/8WD4Btbu/Fs":{"registrationId":1355414028,"currentRatchet":{"ephemeralKeyPair":{"pubKey":"BSbfaDBGbKNSx48a7/N2Yry94RGTjRbR7LBahoEnQ8l4","privKey":"UJ4lqvjRXQzM34Nd8Pol1hPr/P9H2WMwMWKq4zE10XU="},"lastRemoteEphemeralKey":"BRGyo6eK3BDNohX78vWMMAJcRWfHZhcMxuyhWCq6DP1Z","previousCounter":0,"rootKey":"LDa+ZtnSpN24I8/H16DUdp+3f6qbWll5waX00UF4zn0="},"indexInfo":{"baseKey":"BVuFtL2MZetsVsRXkIdzymU5NRQPRFSK/8WD4Btbu/Fs","baseKeyType":1,"closed":-1,"used":1755758929199,"created":1755758929199,"remoteIdentityKey":"Bf6PG2Eet3eTLm19kWZgPd4rp//TxiVz2uv/TzW6rmUm"},"_chains":{"BSbfaDBGbKNSx48a7/N2Yry94RGTjRbR7LBahoEnQ8l4":{"chainKey":{"counter":0,"key":"OvyHsthQaBOFH6nL7Y46D1RWkoeYPo5Lug6YfiUJDX0="},"chainType":1,"messageKeys":{}}},"pendingPreKey":{"signedKeyId":4,"baseKey":"BVuFtL2MZetsVsRXkIdzymU5NRQPRFSK/8WD4Btbu/Fs","preKeyId":4258322}}},"version":"v1"}