{"_sessions":{"BcdONXA6b5bnpUNFObehCBFvJCfG8v/U8Po9hji3JSAE":{"registrationId":2012794622,"currentRatchet":{"ephemeralKeyPair":{"pubKey":"Be3E9G8KSVDNr2Qm7sqRiVTnwLkGioJfur39BYXtzwUo","privKey":"SLWO4SuPUG9bzv/NeQ7F0M3snt5Q4+2K/4g+35iyZnM="},"lastRemoteEphemeralKey":"BezD8BdUrcZU9MYTAMQbhhdVNRsaMw0WhlXLdUQ0rRkR","previousCounter":0,"rootKey":"9UI7k1UYmS6ykLHMecDUYkSbe1+b9XshLe2/KwfuRnc="},"indexInfo":{"baseKey":"BcdONXA6b5bnpUNFObehCBFvJCfG8v/U8Po9hji3JSAE","baseKeyType":1,"closed":-1,"used":1755758929553,"created":1755758929553,"remoteIdentityKey":"BfzxqU3VeaUd2QoLorMfhqAPgpMvifS4j5T1X7Axh5o9"},"_chains":{"Be3E9G8KSVDNr2Qm7sqRiVTnwLkGioJfur39BYXtzwUo":{"chainKey":{"counter":0,"key":"JXup0SR9k6oM6qb4auUHtAiy7HyYr6U54xJIBISu4lY="},"chainType":1,"messageKeys":{}}},"pendingPreKey":{"signedKeyId":1,"baseKey":"BcdONXA6b5bnpUNFObehCBFvJCfG8v/U8Po9hji3JSAE"}}},"version":"v1"}