{"_sessions":{"BcCcOcydj+GhjcIJmQMpBtuHMShvrKFEzLwW9EISXwEr":{"registrationId":763405050,"currentRatchet":{"ephemeralKeyPair":{"pubKey":"Bfs3uivWSpMa10wkd3P8Qy7CU0vIRr+BigJRgHOdgO4q","privKey":"eF3qvUO4lKHETUmXPhoIv/EtkdXVorS3YTpG56lz/lo="},"lastRemoteEphemeralKey":"BeTYkXfRI8m+ayb7p9OmCvUZMms7ThU1JHXeCgCiVkRh","previousCounter":0,"rootKey":"2o8Zkwi+Bn/SwMEcTBDxK3hvJY/yKhxWJ8pr4jKXb5M="},"indexInfo":{"baseKey":"BcCcOcydj+GhjcIJmQMpBtuHMShvrKFEzLwW9EISXwEr","baseKeyType":1,"closed":-1,"used":1755758930406,"created":1755758930406,"remoteIdentityKey":"BeqMTwSntJkNxjaC3j/RHC17UHQUZnWIXN5k+rj8tRgM"},"_chains":{"Bfs3uivWSpMa10wkd3P8Qy7CU0vIRr+BigJRgHOdgO4q":{"chainKey":{"counter":0,"key":"k/9EOz3PmwCuQEY+SrShEibqIfbkqK7P17TQZAONVxo="},"chainType":1,"messageKeys":{}}},"pendingPreKey":{"signedKeyId":28,"baseKey":"BcCcOcydj+GhjcIJmQMpBtuHMShvrKFEzLwW9EISXwEr","preKeyId":10875220}}},"version":"v1"}