{"_sessions":{"BYXA5vqRJZS8kXVo89QzXQ9nzREq9ipM+P8DY0NMIEJU":{"registrationId":959468764,"currentRatchet":{"ephemeralKeyPair":{"pubKey":"BaqYqUA/A3GFNvjJpYOrIWDP7FaE1lVrIL9XMszJvBYJ","privKey":"0B2+UWjJAG0XlW0NlLQXcd6oVFCh4AK/+Zk56Ssa8E0="},"lastRemoteEphemeralKey":"BSP+V9NXr5o/12BUoJUQNkqeS5Q2MRDppEWZ/UDuajQX","previousCounter":0,"rootKey":"bUcUeSmvdM+9Gn9HQpzrg//gdn5mT6Br+tR7hHlp3cU="},"indexInfo":{"baseKey":"BYXA5vqRJZS8kXVo89QzXQ9nzREq9ipM+P8DY0NMIEJU","baseKeyType":1,"closed":-1,"used":1755758929204,"created":1755758929204,"remoteIdentityKey":"BfVPcAv1BYD3dQL2KJ5+csCGrok4pWxCwWRRccM0394t"},"_chains":{"BaqYqUA/A3GFNvjJpYOrIWDP7FaE1lVrIL9XMszJvBYJ":{"chainKey":{"counter":0,"key":"hmz1UiIhiX4/CzOC58ii9DkAWs2mHFF9efq5ApHpe/Y="},"chainType":1,"messageKeys":{}}},"pendingPreKey":{"signedKeyId":7,"baseKey":"BYXA5vqRJZS8kXVo89QzXQ9nzREq9ipM+P8DY0NMIEJU","preKeyId":6572270}}},"version":"v1"}