{"_sessions":{"BdPmfROYbVG1G9UZwQNPMk4ExDegtxPaJx7r4n4pfRtW":{"registrationId":1425745657,"currentRatchet":{"ephemeralKeyPair":{"pubKey":"BcIhOw1uiL1qk7JWOJT5BUJqUcq2RF6kYBOo2ChM4xZc","privKey":"uPEwU4lPvskBu1LvZy4xTpApJAvuR5eSAZt70uEgD3Y="},"lastRemoteEphemeralKey":"BYyE8KMKpr8WRgpm0nagoxcoVNejs36rj1kvdrTXG+l9","previousCounter":0,"rootKey":"iz4K8KbUBHAOn4Qca64rUZh6ZOGA5IC9Ogs5sqzrNVI="},"indexInfo":{"baseKey":"BdPmfROYbVG1G9UZwQNPMk4ExDegtxPaJx7r4n4pfRtW","baseKeyType":1,"closed":-1,"used":1755758930401,"created":1755758930401,"remoteIdentityKey":"BaHahvi8kkq+7DL0WqyXmnUnBiPfY31V9osWax0OCfgk"},"_chains":{"BcIhOw1uiL1qk7JWOJT5BUJqUcq2RF6kYBOo2ChM4xZc":{"chainKey":{"counter":0,"key":"pzv6NEpagUbh1irJsE9z+qEoldUNOsPh7fRBuQ3fe5g="},"chainType":1,"messageKeys":{}}},"pendingPreKey":{"signedKeyId":9009619,"baseKey":"BdPmfROYbVG1G9UZwQNPMk4ExDegtxPaJx7r4n4pfRtW","preKeyId":6516}}},"version":"v1"}