{"_sessions":{"BWFCj8s2QCtKQ6lkJwNr2B5vXb5/M12Pe7tUIY5GGnVQ":{"registrationId":37773661,"currentRatchet":{"ephemeralKeyPair":{"pubKey":"Bf4Jy5ttkETxXwnxbetKeM1th6+f/kb8KXKeKsFK1K51","privKey":"gEzLT/JSXmRaLa+Qg0dDW/cYKyrrnSqD0Ox4cWrYbFU="},"lastRemoteEphemeralKey":"BfcSFTGTvq4XrU3uyIRud3uoh2lgqwzS5LV9Y4RH6ts0","previousCounter":0,"rootKey":"Nr+1Jh8WvC5XfCRd+K0Aij0hXpKhMA1V7A6NCltDUdw="},"indexInfo":{"baseKey":"BWFCj8s2QCtKQ6lkJwNr2B5vXb5/M12Pe7tUIY5GGnVQ","baseKeyType":1,"closed":-1,"used":1755758930901,"created":1755758930901,"remoteIdentityKey":"BRwB1EUuqEbseG04263e19zsAs1TRqCkwKSLfAVgA8IN"},"_chains":{"Bf4Jy5ttkETxXwnxbetKeM1th6+f/kb8KXKeKsFK1K51":{"chainKey":{"counter":0,"key":"5MNYXmN3esz9vCNTfrQSUM6oznZ3e0RmZxtakp61fdQ="},"chainType":1,"messageKeys":{}}},"pendingPreKey":{"signedKeyId":4,"baseKey":"BWFCj8s2QCtKQ6lkJwNr2B5vXb5/M12Pe7tUIY5GGnVQ","preKeyId":3071774}}},"version":"v1"}