{"_sessions":{"BQk6Y+TrZPuC+BYPtiwRbXHJwzJ+hOFpqm4YHPEeXosu":{"registrationId":156403432,"currentRatchet":{"ephemeralKeyPair":{"pubKey":"BYAuYj8CSt6/Slhl9wqQ8Vm9xcejQtS8IXNDF9j/PIlu","privKey":"iORuqt7K7DKiPaiBxdYx5KtnKSVSRENN4p4QsmygU0Q="},"lastRemoteEphemeralKey":"BTN22LHQrGbiLLQIHejkHdrIsQnVBAPhcGzB5qhlYJJZ","previousCounter":0,"rootKey":"g+LRGBWvi1PAL5Bk1DGm2bRu5alOllzPpc6mnxQlrPw="},"indexInfo":{"baseKey":"BQk6Y+TrZPuC+BYPtiwRbXHJwzJ+hOFpqm4YHPEeXosu","baseKeyType":1,"closed":-1,"used":1755758930667,"created":1755758930667,"remoteIdentityKey":"BdPf827DoAB4L/88MkATlIMrdvyItU2bRW8s9KvUB61u"},"_chains":{"BYAuYj8CSt6/Slhl9wqQ8Vm9xcejQtS8IXNDF9j/PIlu":{"chainKey":{"counter":0,"key":"1ySNTeVXKCO8+YtXt8TIrYAuXbikqEYx7kFgP5aRCt4="},"chainType":1,"messageKeys":{}}},"pendingPreKey":{"signedKeyId":5,"baseKey":"BQk6Y+TrZPuC+BYPtiwRbXHJwzJ+hOFpqm4YHPEeXosu","preKeyId":3099852}}},"version":"v1"}