{"_sessions":{"BUkeLaEK2YASqORKRuSCKmCJ8o9vLMKSW5k+oF1BftJv":{"registrationId":107254766,"currentRatchet":{"ephemeralKeyPair":{"pubKey":"BeakXDwPrrw//6UK5/yACOIwM16lql1n6swtbl3gapIr","privKey":"OFsVCbR8AIGaOQJinek66FIav3ui3y+/ApQrNUImnUM="},"lastRemoteEphemeralKey":"BdunjxwbynJVyUI7we1tXoFw3W+YlAcKGV6gG02oNt84","previousCounter":0,"rootKey":"q9sgi88y+ne4bYIDvaiSsW2Mn7J3YpHtSYofffihf+I="},"indexInfo":{"baseKey":"BUkeLaEK2YASqORKRuSCKmCJ8o9vLMKSW5k+oF1BftJv","baseKeyType":1,"closed":-1,"used":1755758928834,"created":1755758928834,"remoteIdentityKey":"BSWeREd9L98/5js75EfrJKTquPaDFzpVLfmjpFin5vcc"},"_chains":{"BeakXDwPrrw//6UK5/yACOIwM16lql1n6swtbl3gapIr":{"chainKey":{"counter":0,"key":"nUOvGQosvOLIZj0EMkx0zKiAvgIh86Vf7lORZZh2ij0="},"chainType":1,"messageKeys":{}}},"pendingPreKey":{"signedKeyId":0,"baseKey":"BUkeLaEK2YASqORKRuSCKmCJ8o9vLMKSW5k+oF1BftJv","preKeyId":5318024}}},"version":"v1"}