{"_sessions":{"BUrrJk3EzT6RCiB6SR1XwSHyOEzpTaVcAClTZnQg7AkW":{"registrationId":1841570103,"currentRatchet":{"ephemeralKeyPair":{"pubKey":"BcGYx+wnt2wHfUFs7KIbl1+w5uQzMnjtIZ4w8F7VUIlI","privKey":"+DpF3AIhekqjFD8U1vbYEm3p//gsdVB9H/RCpUMVRXw="},"lastRemoteEphemeralKey":"Bc2M7+KNp2d3GBD8vw+RwKVvcGkvFjSGsqmkIhmYArQv","previousCounter":0,"rootKey":"/Y17Oe2wkfUIRDQZ3hRJV1FuWMb68BhBb74itph0VX0="},"indexInfo":{"baseKey":"BUrrJk3EzT6RCiB6SR1XwSHyOEzpTaVcAClTZnQg7AkW","baseKeyType":1,"closed":-1,"used":1755758929321,"created":1755758929321,"remoteIdentityKey":"BQQ5Okt6AR/pzq0Yi9EYCn4V6aShRIFE82l8iLW2Rklb"},"_chains":{"BcGYx+wnt2wHfUFs7KIbl1+w5uQzMnjtIZ4w8F7VUIlI":{"chainKey":{"counter":0,"key":"jEbPEOe23j7B1MWQh58YT+hfL8uWEdNevXLoeyFnhfY="},"chainType":1,"messageKeys":{}}},"pendingPreKey":{"signedKeyId":9,"baseKey":"BUrrJk3EzT6RCiB6SR1XwSHyOEzpTaVcAClTZnQg7AkW","preKeyId":13569582}}},"version":"v1"}