{"_sessions":{"BQewlMt4F4Fad4UybQPAqRwUQaOxL1BHqEvR/pGWjKYQ":{"registrationId":564008563,"currentRatchet":{"ephemeralKeyPair":{"pubKey":"BZjqjdrjJMWCap5M3jaw2H5YJlyMjIiteGl4MkbXZwIM","privKey":"CLqpH0CFZrVDaFcJZeKR3fRxNea1x4zT+6V9K3F221Q="},"lastRemoteEphemeralKey":"Bd/wJnqXabQQ22wiW9X3ZQZgPTnZRX5Gq+akp1ij/XVa","previousCounter":0,"rootKey":"si+9McG71HJbUvatvb/LgidiGBxxbJ1Hi5QNv+/HJlk="},"indexInfo":{"baseKey":"BQewlMt4F4Fad4UybQPAqRwUQaOxL1BHqEvR/pGWjKYQ","baseKeyType":1,"closed":-1,"used":1755758930057,"created":1755758930057,"remoteIdentityKey":"BSQelmo1m52JnI/A0u/2euKKc7IGYq2O1F2IpFV1z6Vi"},"_chains":{"BZjqjdrjJMWCap5M3jaw2H5YJlyMjIiteGl4MkbXZwIM":{"chainKey":{"counter":0,"key":"EgUkTT1r2TuU7y1jlUEeh+bzd+z5nLPuy4p9tiviTVk="},"chainType":1,"messageKeys":{}}},"pendingPreKey":{"signedKeyId":6,"baseKey":"BQewlMt4F4Fad4UybQPAqRwUQaOxL1BHqEvR/pGWjKYQ","preKeyId":1262822}}},"version":"v1"}