{"_sessions":{"BXqFG5uTfG6tg/B4Fk/sacRm+Vl7S8VTWujVZMaOUFh0":{"registrationId":958977769,"currentRatchet":{"ephemeralKeyPair":{"pubKey":"BUlxN4THav5UVpn471GWJDL00wSWZ/ZCOFSZlO8KIfQL","privKey":"+EQBW0OjO7zkDnOkGk937iok8a+ooirROS3rTRyF908="},"lastRemoteEphemeralKey":"Bfpf5KCE0cG8BlxUn51IIubIQJkAdHQbZRrfDD0T8yB+","previousCounter":0,"rootKey":"Tz6tVxlb+fQv8lvyhOSTgT4oE2fMHTj948gqFdXHmW8="},"indexInfo":{"baseKey":"BXqFG5uTfG6tg/B4Fk/sacRm+Vl7S8VTWujVZMaOUFh0","baseKeyType":1,"closed":-1,"used":1755758930458,"created":1755758930458,"remoteIdentityKey":"BQ+svfKfe70lh/OArg9AR6yosNtNzQGwhxu7wDUI52g1"},"_chains":{"BUlxN4THav5UVpn471GWJDL00wSWZ/ZCOFSZlO8KIfQL":{"chainKey":{"counter":0,"key":"lOK4DxmbbvOcGqakfYZCeITQlQ96LaEqY855oYBDLEA="},"chainType":1,"messageKeys":{}}},"pendingPreKey":{"signedKeyId":12976284,"baseKey":"BXqFG5uTfG6tg/B4Fk/sacRm+Vl7S8VTWujVZMaOUFh0","preKeyId":8531}}},"version":"v1"}