{"_sessions":{"BcfINZuVBYbaLgYcge1ouC/ES25pMB8zSFfzUudvAD8r":{"registrationId":650976172,"currentRatchet":{"ephemeralKeyPair":{"pubKey":"BbWAKkOSNjB0R13vlUUtnkT+ZKxe2KB0xNGKgxo28ct+","privKey":"yK1+15vhKVcqsbxp3IsD4CQqtZc8Vz9Ei8qOOZmlcW0="},"lastRemoteEphemeralKey":"BZ6+P6sf7Cl36HszUJyYof2u4gh9PrrMaAP3gZ8CoBR5","previousCounter":0,"rootKey":"ouuNLHGDKmm8ffBKvPh7zNFEXds1hNsr174q4EHVJTc="},"indexInfo":{"baseKey":"BcfINZuVBYbaLgYcge1ouC/ES25pMB8zSFfzUudvAD8r","baseKeyType":1,"closed":-1,"used":1755758928374,"created":1755758928374,"remoteIdentityKey":"BTUc3rzf1CduAIiMbF8qe+zDvoBcZvmSiqFR1qV697Z0"},"_chains":{"BbWAKkOSNjB0R13vlUUtnkT+ZKxe2KB0xNGKgxo28ct+":{"chainKey":{"counter":0,"key":"apTMhJjfYrEj6YzCRQylKC8TdsCaee7MUHe3f5EIC/I="},"chainType":1,"messageKeys":{}}},"pendingPreKey":{"signedKeyId":10,"baseKey":"BcfINZuVBYbaLgYcge1ouC/ES25pMB8zSFfzUudvAD8r","preKeyId":10697522}}},"version":"v1"}