{"_sessions":{"BR5hVqs5Mq0xQqVDqN9gBk3cbJslZ8bD+uK7uHLp/LAH":{"registrationId":1889681432,"currentRatchet":{"ephemeralKeyPair":{"pubKey":"BdYNvamuILx8XfaxARdc7jOCU/ynnDxPCXgwG3Fh6jVa","privKey":"oCSCr42KnQ8ej7EVL5mE0M/9vkgPhQ0GzvZskpTLQ1I="},"lastRemoteEphemeralKey":"BTk3lu/z68/Mo1yTkO/DuDEOKQntCEx62tXENl8UAKl+","previousCounter":0,"rootKey":"yBKFyPf0///MeO0VkkfCE5ZmivY+bkdaFECxnZby5lo="},"indexInfo":{"baseKey":"BR5hVqs5Mq0xQqVDqN9gBk3cbJslZ8bD+uK7uHLp/LAH","baseKeyType":1,"closed":-1,"used":1755758929188,"created":1755758929188,"remoteIdentityKey":"BctEy7p7nLI2modUSBA7IGedDWROM6YkTAv0YdXOd6QF"},"_chains":{"BdYNvamuILx8XfaxARdc7jOCU/ynnDxPCXgwG3Fh6jVa":{"chainKey":{"counter":0,"key":"Z/0Uj5NlHG/yegsz9NwcbhKjjNg6Yl3A/HeJUSb8wGw="},"chainType":1,"messageKeys":{}}},"pendingPreKey":{"signedKeyId":11,"baseKey":"BR5hVqs5Mq0xQqVDqN9gBk3cbJslZ8bD+uK7uHLp/LAH","preKeyId":16496366}}},"version":"v1"}