{"_sessions":{"BdEvUFBra45J6Fs081CYy6k+P0rmMUcFTsY8OnCCHTIv":{"registrationId":1690353900,"currentRatchet":{"ephemeralKeyPair":{"pubKey":"Bef4tWeur6K/s5wMltdFufNMTxo6cJo7UFIyUGJ/41AU","privKey":"GBrmDZ05ng9ZRsWDQ+4fmZlMWVvDON/9MaPCPeifO10="},"lastRemoteEphemeralKey":"BcmF+YF5Ppt8QbZY7mCYneVS+sEHS9O8Y4W2bzecLhsZ","previousCounter":0,"rootKey":"6FZL0ibcKr8rJK+PS2SSLGZ57gWFhKBZztXoMFqudZM="},"indexInfo":{"baseKey":"BdEvUFBra45J6Fs081CYy6k+P0rmMUcFTsY8OnCCHTIv","baseKeyType":1,"closed":-1,"used":1755758928639,"created":1755758928639,"remoteIdentityKey":"BXMs5dn5ZSmgFmHeIWj8gYYxkUd0wxMe0KxfNXyggm5v"},"_chains":{"Bef4tWeur6K/s5wMltdFufNMTxo6cJo7UFIyUGJ/41AU":{"chainKey":{"counter":0,"key":"FC7UZbLSOxtCROf7ek63ZBDkoGTziy/LvEtuyB5hevM="},"chainType":1,"messageKeys":{}}},"pendingPreKey":{"signedKeyId":10560986,"baseKey":"BdEvUFBra45J6Fs081CYy6k+P0rmMUcFTsY8OnCCHTIv","preKeyId":5723}}},"version":"v1"}