{"_sessions":{"BRHMqTeVmg1EAPC9W+lGr7Bemr4rSrV5HcsVByFpgkUW":{"registrationId":542350681,"currentRatchet":{"ephemeralKeyPair":{"pubKey":"BZEKw9nN5qQL8NF+asyQL7/Eu1ot93okIPg6auzl0cUJ","privKey":"UE2ckpq5jIyPdV80g1zMGcH155qVw56kxpL4xn7Tsn0="},"lastRemoteEphemeralKey":"BcfOkQLAEZ2tnFpoL30gz12eMG7eJ08kJX/iIW6/DUl6","previousCounter":0,"rootKey":"aHptSR7xDAFiPPmgYAuWs/itIy4xrBpfLJUM6h71Wm0="},"indexInfo":{"baseKey":"BRHMqTeVmg1EAPC9W+lGr7Bemr4rSrV5HcsVByFpgkUW","baseKeyType":1,"closed":-1,"used":1755758929439,"created":1755758929439,"remoteIdentityKey":"Ba5uvTXtsblyO1eHcUoglAaGu0+oVUKtp/iKV+m4tdMp"},"_chains":{"BZEKw9nN5qQL8NF+asyQL7/Eu1ot93okIPg6auzl0cUJ":{"chainKey":{"counter":0,"key":"UNGy9sbrtyc2gwjr9Al1hhFdkEkXP0wEDxxftuw97v8="},"chainType":1,"messageKeys":{}}},"pendingPreKey":{"signedKeyId":7179475,"baseKey":"BRHMqTeVmg1EAPC9W+lGr7Bemr4rSrV5HcsVByFpgkUW","preKeyId":2067}}},"version":"v1"}