{"_sessions":{"BTc6Oba67M2qopgYAY+GJoFrn0gntQmHFoAX7xOQqQxq":{"registrationId":499254108,"currentRatchet":{"ephemeralKeyPair":{"pubKey":"BYkg594AF3Gh672uu9japn+vuoyY6Q57ktUR3EHo6LBy","privKey":"sI8MWKoDMxo/cGH7lPOmOQuAK7XMtANHli9vdwN7plk="},"lastRemoteEphemeralKey":"BfxJXx+QLpqLqcwY/1Ym++R0Qmv+4Tb98bMbNRhRTGcI","previousCounter":0,"rootKey":"gqXeJF2koS83wdLiGM8gJ50shjU5wb9zbfU7E6daaso="},"indexInfo":{"baseKey":"BTc6Oba67M2qopgYAY+GJoFrn0gntQmHFoAX7xOQqQxq","baseKeyType":1,"closed":-1,"used":1755758929047,"created":1755758929047,"remoteIdentityKey":"BZl2fc/liuyPJBPetOSqNyr0OXBqJQAT5y6nXxvhVW5D"},"_chains":{"BYkg594AF3Gh672uu9japn+vuoyY6Q57ktUR3EHo6LBy":{"chainKey":{"counter":0,"key":"49zPXDbHfq6j+fDwWDiQKCLRyTZQyA5DB9ULGVxWVt8="},"chainType":1,"messageKeys":{}}},"pendingPreKey":{"signedKeyId":1,"baseKey":"BTc6Oba67M2qopgYAY+GJoFrn0gntQmHFoAX7xOQqQxq","preKeyId":12111667}}},"version":"v1"}