{"_sessions":{"Bb0l8JR7u+o3gd5H7UmXecotJ5T+kajKPOkTUc6FZ64R":{"registrationId":102378306,"currentRatchet":{"ephemeralKeyPair":{"pubKey":"BY7wETrwSW+nZ5l5tAyLipN5bUsc/dsjBLER7M//z2x6","privKey":"ACa11004l10hh+NkU79Pw9jUlXBx7ksOiTMnwg2Pm3s="},"lastRemoteEphemeralKey":"BZL8DFUVTd+Pl0cYNUaS4cK01VfQRj0w6BEwJySAnH0L","previousCounter":0,"rootKey":"lfQRJoy1kxdOmm/oTHX25rQgFjcV22I6hezlHf781ls="},"indexInfo":{"baseKey":"Bb0l8JR7u+o3gd5H7UmXecotJ5T+kajKPOkTUc6FZ64R","baseKeyType":1,"closed":-1,"used":1755758928529,"created":1755758928529,"remoteIdentityKey":"BXk5sKtD9OhDUQ4ZtLSg4UqsjptBz9xxqo4z5vtzXLtB"},"_chains":{"BY7wETrwSW+nZ5l5tAyLipN5bUsc/dsjBLER7M//z2x6":{"chainKey":{"counter":0,"key":"wwskJh6OKqgEVyridxiGGRgfzZikqCl++M+C7wBadQI="},"chainType":1,"messageKeys":{}}},"pendingPreKey":{"signedKeyId":4639361,"baseKey":"Bb0l8JR7u+o3gd5H7UmXecotJ5T+kajKPOkTUc6FZ64R","preKeyId":10075}}},"version":"v1"}