{"_sessions":{"BZLnUCce74EGYM75MFu40h2S6llfjW8BkdiUoQLl6woX":{"registrationId":594144287,"currentRatchet":{"ephemeralKeyPair":{"pubKey":"BRVl1iDGELDbttZupQg/NzrnhWNf/zgSLTbdnii4DpNA","privKey":"0DP48gmcF+RnF5uCw/tgA5RnKkNyYXheNi0R4BxbS38="},"lastRemoteEphemeralKey":"Bci/8ch+OV9Ea4kcvFRCt/J0VF4C8G+Y9XswnaMUyoln","previousCounter":0,"rootKey":"Sb6FdHuOsdBba5mKsAoK//xTo8S/GuRu7Frjk15GYsU="},"indexInfo":{"baseKey":"BZLnUCce74EGYM75MFu40h2S6llfjW8BkdiUoQLl6woX","baseKeyType":1,"closed":-1,"used":1755758929001,"created":1755758929001,"remoteIdentityKey":"BY+9WJ82Yo6KgQqyVlgHrUDTIVCykCCQGekwZIrc5RUf"},"_chains":{"BRVl1iDGELDbttZupQg/NzrnhWNf/zgSLTbdnii4DpNA":{"chainKey":{"counter":0,"key":"5aYObPa/YX5VIkx7E+A9DvjKwOPfbo9fNYccr4TGHOE="},"chainType":1,"messageKeys":{}}},"pendingPreKey":{"signedKeyId":0,"baseKey":"BZLnUCce74EGYM75MFu40h2S6llfjW8BkdiUoQLl6woX","preKeyId":2417221}}},"version":"v1"}