{"_sessions":{"BSUZ0C40uI2D5LmEr9GqUA1MdGp49jp0vYrPJQhA0gVA":{"registrationId":332097410,"currentRatchet":{"ephemeralKeyPair":{"pubKey":"BURhUKwFuBXoJbLPxGMjxRPeR0aTkBXCaFiob9ZL1P8F","privKey":"WKbKeENmaeNLdoYoqoCyJ9F33AQmNH18Bb4ymzsqGUE="},"lastRemoteEphemeralKey":"Bfaeo1R82cAlujHnOU4zOCCJiu0xCzJ/C0kjS2M0xkRX","previousCounter":0,"rootKey":"Q2gxnzEuWH1O7AgWhvf4jrnevGgogw9gyWfQcCSAyeI="},"indexInfo":{"baseKey":"BSUZ0C40uI2D5LmEr9GqUA1MdGp49jp0vYrPJQhA0gVA","baseKeyType":1,"closed":-1,"used":1755758929416,"created":1755758929416,"remoteIdentityKey":"BWfcVr+8sPf5kwKJM6lk6yavvLpmIYoTe/0+ff+ZL2o9"},"_chains":{"BURhUKwFuBXoJbLPxGMjxRPeR0aTkBXCaFiob9ZL1P8F":{"chainKey":{"counter":0,"key":"Vnw454E55SOf7H+MqPN3sqqYlzDysWw92v4gY13nFyg="},"chainType":1,"messageKeys":{}}},"pendingPreKey":{"signedKeyId":8,"baseKey":"BSUZ0C40uI2D5LmEr9GqUA1MdGp49jp0vYrPJQhA0gVA","preKeyId":12064238}}},"version":"v1"}