{"_sessions":{"BewvgqspRRoTOjhWISJ26TaU4u2UlUgQocT7FYDKb+hr":{"registrationId":658021993,"currentRatchet":{"ephemeralKeyPair":{"pubKey":"BbnJ/+XxdZM1vRViXntQEIQiM48vXUPOZq7bm0YWoWAj","privKey":"iN+noMsJKEB6/+Uh6v3vcs0l1l2sLo73Pdh+9HW6Xls="},"lastRemoteEphemeralKey":"Bcy4cWaI93tE5sbsrGI06CsSsJF3aDHzAcQ72yUiQKcK","previousCounter":0,"rootKey":"9na/jtN74VNiodFLS59PWBUZEiwEhwZEM54nchmeF0k="},"indexInfo":{"baseKey":"BewvgqspRRoTOjhWISJ26TaU4u2UlUgQocT7FYDKb+hr","baseKeyType":1,"closed":-1,"used":1755758929209,"created":1755758929209,"remoteIdentityKey":"BWe/S8LYZEZ0XZ0N81W0hq9uJ0QdU974SUmAwHArLWdK"},"_chains":{"BbnJ/+XxdZM1vRViXntQEIQiM48vXUPOZq7bm0YWoWAj":{"chainKey":{"counter":0,"key":"IlLqEexwOJQqz6d8KvcvFtqwLmcWlHBi3V6yPKFg92I="},"chainType":1,"messageKeys":{}}},"pendingPreKey":{"signedKeyId":3,"baseKey":"BewvgqspRRoTOjhWISJ26TaU4u2UlUgQocT7FYDKb+hr","preKeyId":5781873}}},"version":"v1"}