{"_sessions":{"Bb7t7yL1aCbrfZxJcsIfmb8afvu3zrjrhij3zg3GqiJ1":{"registrationId":71388325,"currentRatchet":{"ephemeralKeyPair":{"pubKey":"BZOn1SWgLVwsIUEKPsUodjKlSoNHS41ZUGAaKV9GkARz","privKey":"qHs8yVgV9QvG2Cd1OPKxACdIjoQWnKveySK26bujAH8="},"lastRemoteEphemeralKey":"BXaiiipyzALpcB/2joP6oWZhelERlSyiP+X7yISifeAc","previousCounter":0,"rootKey":"OfcRoEmR85Z57ZubklnwEApGpA+lNi7a5rgDQIlXMsE="},"indexInfo":{"baseKey":"Bb7t7yL1aCbrfZxJcsIfmb8afvu3zrjrhij3zg3GqiJ1","baseKeyType":1,"closed":-1,"used":1755758929720,"created":1755758929720,"remoteIdentityKey":"Bb8cOJMP9lMRm9fV8HRSqOWfxId0GrJx7qu0k6ENP/9d"},"_chains":{"BZOn1SWgLVwsIUEKPsUodjKlSoNHS41ZUGAaKV9GkARz":{"chainKey":{"counter":0,"key":"afuOCq+TPZDHCGTXOYpUIsmVHu9R3mHuTcE+EMQW4rk="},"chainType":1,"messageKeys":{}}},"pendingPreKey":{"signedKeyId":1,"baseKey":"Bb7t7yL1aCbrfZxJcsIfmb8afvu3zrjrhij3zg3GqiJ1"}}},"version":"v1"}