{"_sessions":{"BW6choNkGL7QStVHnQlU6SUVOaIT7A1FkgGe+irbLH9o":{"registrationId":1592079548,"currentRatchet":{"ephemeralKeyPair":{"pubKey":"BcSKlY2iYEFZeUE5CoFxWChWUr716JVU5kBYCPcbNqoL","privKey":"eAyqNFtWZyWO7ymQ36IGrsYRA9lwqxCMg/p7MP6f838="},"lastRemoteEphemeralKey":"Beth7RUxtb8S/zasujJJSze4tbwOWXUcM1QOI2YISaQk","previousCounter":0,"rootKey":"2YX/Gxski+wqM5urcIsjbhOE2XfNBmbso0O5p56FQJM="},"indexInfo":{"baseKey":"BW6choNkGL7QStVHnQlU6SUVOaIT7A1FkgGe+irbLH9o","baseKeyType":1,"closed":-1,"used":1755758929811,"created":1755758929811,"remoteIdentityKey":"Bc7Hm6CFoHumcwJJP2ouNkLJdy3UACvP1cKyWNnYi19h"},"_chains":{"BcSKlY2iYEFZeUE5CoFxWChWUr716JVU5kBYCPcbNqoL":{"chainKey":{"counter":0,"key":"U/bCxnAKayWw6v7ZCXA2SPhe1ZQRE3inKbZ1yROUfOc="},"chainType":1,"messageKeys":{}}},"pendingPreKey":{"signedKeyId":7363342,"baseKey":"BW6choNkGL7QStVHnQlU6SUVOaIT7A1FkgGe+irbLH9o","preKeyId":16207}}},"version":"v1"}