{"_sessions":{"BYtfC3LS3R7EC3mKJ4qozBUOz8wACnBAVCeHy6F/WOo7":{"registrationId":88218983,"currentRatchet":{"ephemeralKeyPair":{"pubKey":"BUFk0PXdMqGI4sS9nZ+0ukBJHJD9BYFSMsXkunqbfl1I","privKey":"yGmjV1D621yLXeXQnqgdnr5RY4fq6T+/r+Rege1cvXo="},"lastRemoteEphemeralKey":"Baxewb9MOMbggafzgNsL37nWhBC6SoY89geGgOyOP3si","previousCounter":0,"rootKey":"Bo7Ae1s6AqTo9vtnWhh3AIUpQcYh9K7Fb6w3HtHspaw="},"indexInfo":{"baseKey":"BYtfC3LS3R7EC3mKJ4qozBUOz8wACnBAVCeHy6F/WOo7","baseKeyType":1,"closed":-1,"used":1755758929827,"created":1755758929827,"remoteIdentityKey":"BQXuuBlM+i+qdmAEPmVvgorB6EbPDW1XN/fDNrmB0SsQ"},"_chains":{"BUFk0PXdMqGI4sS9nZ+0ukBJHJD9BYFSMsXkunqbfl1I":{"chainKey":{"counter":0,"key":"UTw+PT1vnZw1VSwcDEnEZc6LOjRp0vDkVdGNFjwd4Zw="},"chainType":1,"messageKeys":{}}},"pendingPreKey":{"signedKeyId":12194070,"baseKey":"BYtfC3LS3R7EC3mKJ4qozBUOz8wACnBAVCeHy6F/WOo7","preKeyId":26094}}},"version":"v1"}