{"_sessions":{"Bfumg+OZ+FtcD6r2XANYw1SzWQBUMqKSO9jRE5AuhBcV":{"registrationId":179509716,"currentRatchet":{"ephemeralKeyPair":{"pubKey":"BVcrPMVqDtpPbubWFmDN1Ii28ukB5NloNRi8BE/Wa5hf","privKey":"+A0eti2MwifKQSPSS8SUchryhjMIVOvMevRx4MFVaFo="},"lastRemoteEphemeralKey":"BeRgbJ22TZxfFq3OX3CLfElY3GMo5n8MSsxhQX0FJhAp","previousCounter":0,"rootKey":"SfEOCOB+Sj2GPbVBtAEd0iRSlo0w2Xh2ClreBSn2w78="},"indexInfo":{"baseKey":"Bfumg+OZ+FtcD6r2XANYw1SzWQBUMqKSO9jRE5AuhBcV","baseKeyType":1,"closed":-1,"used":1755758929301,"created":1755758929301,"remoteIdentityKey":"Bdf0LKuiHIQEdYBhEkzNJn8iymAlyBe+Xdob5DFqIZ5f"},"_chains":{"BVcrPMVqDtpPbubWFmDN1Ii28ukB5NloNRi8BE/Wa5hf":{"chainKey":{"counter":0,"key":"xckOGE5duBuSy1cgH/8jME5PIsikhpG1aDIZOQVDnz4="},"chainType":1,"messageKeys":{}}},"pendingPreKey":{"signedKeyId":5,"baseKey":"Bfumg+OZ+FtcD6r2XANYw1SzWQBUMqKSO9jRE5AuhBcV","preKeyId":13155941}}},"version":"v1"}