{"_sessions":{"Bckun7oY5cP9HpNRS5BEEqBK4mNGuhgLxcKB/h9mT6cS":{"registrationId":1100637514,"currentRatchet":{"ephemeralKeyPair":{"pubKey":"BYwWrRkO8Xk3Q94zYnRVYMBZA3JB2drVuveElZm835gQ","privKey":"iAQI5WbO+ZvqXnzDcC4tg6X6j0uKe95gS/OVC/SjL08="},"lastRemoteEphemeralKey":"BeO7KvWpS/CkNLF2TV6pLKnv/3qzWW1V6CVSMQlHfsVn","previousCounter":0,"rootKey":"5E+ccbP4KbeMZfPaUj1rF4WqRx93zHMx95YKwIGizgw="},"indexInfo":{"baseKey":"Bckun7oY5cP9HpNRS5BEEqBK4mNGuhgLxcKB/h9mT6cS","baseKeyType":1,"closed":-1,"used":1755758928850,"created":1755758928850,"remoteIdentityKey":"BTLmlItQafD88tT/sID8Wqosdpg/KG4UrpF0DHvlNFhD"},"_chains":{"BYwWrRkO8Xk3Q94zYnRVYMBZA3JB2drVuveElZm835gQ":{"chainKey":{"counter":0,"key":"tvNnmYUp+Z561iQNnITVkQAP/mvwQfgUVt3Qq/nsJWw="},"chainType":1,"messageKeys":{}}},"pendingPreKey":{"signedKeyId":11,"baseKey":"Bckun7oY5cP9HpNRS5BEEqBK4mNGuhgLxcKB/h9mT6cS","preKeyId":1938297}}},"version":"v1"}