{"_sessions":{"Be8yIJNVuVknh+NsnLKwGZUcnsB6V2D2yD5cH2UBq841":{"registrationId":40633342,"currentRatchet":{"ephemeralKeyPair":{"pubKey":"BQG7FLdhZ0+o4c81VnNGslkuYfTD+MOByKAU5wHCcEp9","privKey":"kOvhqiVy/GgKA3Wj7t+QlrsPVWIpNWGJHcvEiiiiwVU="},"lastRemoteEphemeralKey":"BaM9AvEfaKv45sQcd8QSGlhyaloumOPQ9vIvValeXC8j","previousCounter":0,"rootKey":"NvfejwMx3gvWYjK/1/UNoNbY/tvNdQMODsIV9H9XhIo="},"indexInfo":{"baseKey":"Be8yIJNVuVknh+NsnLKwGZUcnsB6V2D2yD5cH2UBq841","baseKeyType":1,"closed":-1,"used":1755758928507,"created":1755758928507,"remoteIdentityKey":"BZuzf3sVxDz76X3SfOG7iNJus07eAuyPWUaDjQy0ys9H"},"_chains":{"BQG7FLdhZ0+o4c81VnNGslkuYfTD+MOByKAU5wHCcEp9":{"chainKey":{"counter":0,"key":"JHo0RKBAgZLnvIePwF7gktsV3TyIWOf5BYeMWTmubvs="},"chainType":1,"messageKeys":{}}},"pendingPreKey":{"signedKeyId":8611240,"baseKey":"Be8yIJNVuVknh+NsnLKwGZUcnsB6V2D2yD5cH2UBq841","preKeyId":9737}}},"version":"v1"}