{"_sessions":{"BZp3bZ63QxYUQmffkWP8Dun0S2gPPC2SvXUqEAM+sJ8F":{"registrationId":1776321240,"currentRatchet":{"ephemeralKeyPair":{"pubKey":"BSh0cGPMYaHRhonkDvgOrJtt75B9M961zpqmIcthZRpn","privKey":"MFvC+IHDFCD6RA0/wkjklRKEqV3lRpK/ZN14TQpFaGs="},"lastRemoteEphemeralKey":"BSvWSH10pNsLk3+LzMGUleFvw1qwK+7F2kvFXH2WgiAo","previousCounter":0,"rootKey":"/0TEJ+UDpfZtOZnPyZIXyyhPR5LmRNZOy/FIBigRHhA="},"indexInfo":{"baseKey":"BZp3bZ63QxYUQmffkWP8Dun0S2gPPC2SvXUqEAM+sJ8F","baseKeyType":1,"closed":-1,"used":1755758929741,"created":1755758929741,"remoteIdentityKey":"BX0NPOJxgn3aTFWLlJla9yFREAVTTJ6yZpbylI918Eop"},"_chains":{"BSh0cGPMYaHRhonkDvgOrJtt75B9M961zpqmIcthZRpn":{"chainKey":{"counter":0,"key":"57W0USfIJvrA4CjiWoZwcxfgrgD8E3VBHrUjmCuCX/o="},"chainType":1,"messageKeys":{}}},"pendingPreKey":{"signedKeyId":23,"baseKey":"BZp3bZ63QxYUQmffkWP8Dun0S2gPPC2SvXUqEAM+sJ8F","preKeyId":1248504}}},"version":"v1"}