{"_sessions":{"BSnUdYqBSJAUdegyw+ls37DA6+MLh3PYOJORPbHoBmxy":{"registrationId":148686419,"currentRatchet":{"ephemeralKeyPair":{"pubKey":"BY+/Tf0weEakRBQZeOYUPUNhS6FByZZYISo99NDt66gs","privKey":"eLac++589CjyHfxsJ2AqrhW8RsULhEeq8/v1Ey6UrE4="},"lastRemoteEphemeralKey":"BQQwWln8DuwLBbEUS46ZI7mHKcog/xWhHPDIMbZcnohr","previousCounter":0,"rootKey":"iBIob+zK9VHGWsxXrqOyXttvKaYOW1EFe5PNSDWzwYE="},"indexInfo":{"baseKey":"BSnUdYqBSJAUdegyw+ls37DA6+MLh3PYOJORPbHoBmxy","baseKeyType":1,"closed":-1,"used":1755758928760,"created":1755758928760,"remoteIdentityKey":"BRt3NaTQSEGpY47D3xDpLupPRkMaOmCxNYL0oaM4t4NR"},"_chains":{"BY+/Tf0weEakRBQZeOYUPUNhS6FByZZYISo99NDt66gs":{"chainKey":{"counter":0,"key":"0ZM8yURctrzCMQFy4Ibzo4J7m2PTMHG8OCYPsSd3JMo="},"chainType":1,"messageKeys":{}}},"pendingPreKey":{"signedKeyId":4686051,"baseKey":"BSnUdYqBSJAUdegyw+ls37DA6+MLh3PYOJORPbHoBmxy","preKeyId":14326}}},"version":"v1"}