{"_sessions":{"BT6zNUMXvZAE/0dHqe2h8VG+HDqoMBcHDBMxfJ6SpIxh":{"registrationId":1238050008,"currentRatchet":{"ephemeralKeyPair":{"pubKey":"BSxS/wASyw7B6ijfTMPre9pZ8223aUUobQJd3VzNOCZ8","privKey":"SIJ3M6XTN9KCqDICiYDGhqppVB5RBFxQnv17zMW4CX8="},"lastRemoteEphemeralKey":"BYGxmh2G4DUZMRsHDvFp9Ys4R4SjqBNpPKERGjRTNMBT","previousCounter":0,"rootKey":"SiShqbNCSYuGRlFChI/phxpq+E7xWlIdd6vSZj6SsfE="},"indexInfo":{"baseKey":"BT6zNUMXvZAE/0dHqe2h8VG+HDqoMBcHDBMxfJ6SpIxh","baseKeyType":1,"closed":-1,"used":1755758930818,"created":1755758930818,"remoteIdentityKey":"BdoxhoiHzbqyXoAVEr9TC03aIX7q1YJaP0uf/eLRu8AG"},"_chains":{"BSxS/wASyw7B6ijfTMPre9pZ8223aUUobQJd3VzNOCZ8":{"chainKey":{"counter":0,"key":"R8QuvBpq1QcyBFia76E3xdDqx2qb96als9+suEW2nlk="},"chainType":1,"messageKeys":{}}},"pendingPreKey":{"signedKeyId":13374794,"baseKey":"BT6zNUMXvZAE/0dHqe2h8VG+HDqoMBcHDBMxfJ6SpIxh"}}},"version":"v1"}