{"_sessions":{"BdFSYBbvixrE80k+OQM1B1oCBmui7AloEkm3+M4HkPY/":{"registrationId":338507833,"currentRatchet":{"ephemeralKeyPair":{"pubKey":"BbOuQdXnMalQ4GTdWEtaYUmzipsYQDYUMGkJgYtleodB","privKey":"cDuazjItDPtbuX68J1Ihs3Y1PBZfn1NaN08Gy5cNdFY="},"lastRemoteEphemeralKey":"BehS4YWBAYYcpdR0GkbI69S+KnEkFmwDkedDViklfkhu","previousCounter":0,"rootKey":"pLsp2Hb34faCrVKRrxPr84TwV3zqtVOXl6x6hHdsczo="},"indexInfo":{"baseKey":"BdFSYBbvixrE80k+OQM1B1oCBmui7AloEkm3+M4HkPY/","baseKeyType":1,"closed":-1,"used":1755758928793,"created":1755758928793,"remoteIdentityKey":"BZnXCcuGL3jbNbkmbko/EK/IOcocSGtY434t25gK2JdQ"},"_chains":{"BbOuQdXnMalQ4GTdWEtaYUmzipsYQDYUMGkJgYtleodB":{"chainKey":{"counter":0,"key":"9r6ZkA5S/qsTWoL7Atq7gUrQ48dpZfUXyT+BziQodwM="},"chainType":1,"messageKeys":{}}},"pendingPreKey":{"signedKeyId":1,"baseKey":"BdFSYBbvixrE80k+OQM1B1oCBmui7AloEkm3+M4HkPY/","preKeyId":12362475}}},"version":"v1"}