{"_sessions":{"Bb8bdTxQwxrR3nlTUiYpiWFzvgHk1PzMKyWQeMxvQzZ4":{"registrationId":1122964824,"currentRatchet":{"ephemeralKeyPair":{"pubKey":"BS5dnYhfDTip5pmerATOva+TET6ePdwHojCMHRcI1fpZ","privKey":"wK7iLnNc04BdtZzGqoGIIKEB4P4gvQaPMbESlFWTWlI="},"lastRemoteEphemeralKey":"BeMCbWvN0tnRc5A+1dKDo083R0jhH3EemHUYXjLX7m1v","previousCounter":0,"rootKey":"3uRPdbNxyFrJSqdS8LvzYsjYG/jwA40XOl40WsT7hyg="},"indexInfo":{"baseKey":"Bb8bdTxQwxrR3nlTUiYpiWFzvgHk1PzMKyWQeMxvQzZ4","baseKeyType":1,"closed":-1,"used":1755758930754,"created":1755758930754,"remoteIdentityKey":"BZDPIO0f742m7aX0127fh4cX0hpIdO2IvaFGCb1F+sML"},"_chains":{"BS5dnYhfDTip5pmerATOva+TET6ePdwHojCMHRcI1fpZ":{"chainKey":{"counter":0,"key":"1Y0AiOPq0dJXAH1bn2l/WSkuyKExgt7dgb/EDGGNCg0="},"chainType":1,"messageKeys":{}}},"pendingPreKey":{"signedKeyId":6,"baseKey":"Bb8bdTxQwxrR3nlTUiYpiWFzvgHk1PzMKyWQeMxvQzZ4","preKeyId":16657545}}},"version":"v1"}