{"_sessions":{"BdBZApHxM2WGq9YwSC07lMDsKdWJ/y2ygW0T1Yd+UoAd":{"registrationId":57734977,"currentRatchet":{"ephemeralKeyPair":{"pubKey":"BUmj4pyDcCa/GsXZVNTu2JAgnaexPW5jS5XfK1mcdlda","privKey":"APBL1LpQ3Qs/HNVoMSptnh8l9Vy4YHYsr3stvFWz9Gw="},"lastRemoteEphemeralKey":"BWEYk9ZkRovrxBYsKOG7b2XSDWFA7mwIF7sDwC3nzZgA","previousCounter":0,"rootKey":"FFHTPmPEl9PI3pxXxpQs5xq1LampWBWl/n8y5IbUhig="},"indexInfo":{"baseKey":"BdBZApHxM2WGq9YwSC07lMDsKdWJ/y2ygW0T1Yd+UoAd","baseKeyType":1,"closed":-1,"used":1755758928985,"created":1755758928985,"remoteIdentityKey":"BeKbGFgFBAvXr07KupUT6EFWNJZDjKHrLHeQP5w0m3wT"},"_chains":{"BUmj4pyDcCa/GsXZVNTu2JAgnaexPW5jS5XfK1mcdlda":{"chainKey":{"counter":0,"key":"x3quw3251I3qu3NmsI9N1beC+R7auX5o98TOYJfhAww="},"chainType":1,"messageKeys":{}}},"pendingPreKey":{"signedKeyId":3125301,"baseKey":"BdBZApHxM2WGq9YwSC07lMDsKdWJ/y2ygW0T1Yd+UoAd","preKeyId":9621}}},"version":"v1"}