{"_sessions":{"BTJiWQ6/MdX+oA+yI2+iDJmj84Tw9ZSUOGk8ODEQTrUs":{"registrationId":631777465,"currentRatchet":{"ephemeralKeyPair":{"pubKey":"BXB5S2L1t9Ry32CHWRjZWo60zC9vg9GWQC4KTreBKZMN","privKey":"yA0vSwBtGW1EafJMXEFFjL2fKBH1ynq50NHspSWBiFI="},"lastRemoteEphemeralKey":"BfDH3HLOjnHiwT0xET1Qa9QzApAw3bnawdJL4AA7MP1j","previousCounter":0,"rootKey":"xu9haxThwTx8Uy9wFmrllTOIixfVYBzIpGi8CAN38xc="},"indexInfo":{"baseKey":"BTJiWQ6/MdX+oA+yI2+iDJmj84Tw9ZSUOGk8ODEQTrUs","baseKeyType":1,"closed":-1,"used":1755758930608,"created":1755758930608,"remoteIdentityKey":"BXxAS1tRR5sRcxCKaO3hc5Szeb07DP94DkF43hgUYYtH"},"_chains":{"BXB5S2L1t9Ry32CHWRjZWo60zC9vg9GWQC4KTreBKZMN":{"chainKey":{"counter":0,"key":"O3nyQuXDzpE0SQzQppcTAZwHxM2AjSqTmoawCYDLLoQ="},"chainType":1,"messageKeys":{}}},"pendingPreKey":{"signedKeyId":2,"baseKey":"BTJiWQ6/MdX+oA+yI2+iDJmj84Tw9ZSUOGk8ODEQTrUs","preKeyId":7552238}}},"version":"v1"}