{"_sessions":{"BUuQbX/kuE2RGLjN7BRgD7GDZdA7lJBA7bUWvUt1ti8V":{"registrationId":2109904386,"currentRatchet":{"ephemeralKeyPair":{"pubKey":"BZI1/z/4bA2pIlieEfDY9EIV1bzzgJN9f2S0St21Jl9d","privKey":"MK5xM0oEJ+flrAuqieUoASiOmvwvd2CRUguY+CaAAWE="},"lastRemoteEphemeralKey":"Be7q3xBYvZz8e5iweCO6HaTFK4QMQYNvex4YcBCKNAxK","previousCounter":0,"rootKey":"4dnhFU9VQPl9DEYKqsXXPC/kIApM728qTK4aWkDGQpU="},"indexInfo":{"baseKey":"BUuQbX/kuE2RGLjN7BRgD7GDZdA7lJBA7bUWvUt1ti8V","baseKeyType":1,"closed":-1,"used":1755758930463,"created":1755758930463,"remoteIdentityKey":"BWIyDggqMvr0RCbN8aqk2D5EXb25EzajOuOV4vfHb9Fx"},"_chains":{"BZI1/z/4bA2pIlieEfDY9EIV1bzzgJN9f2S0St21Jl9d":{"chainKey":{"counter":0,"key":"uyzAXtKIo7xyup9Cafpt6Z4y+J7MEW7XjD64wDSPJnI="},"chainType":1,"messageKeys":{}}},"pendingPreKey":{"signedKeyId":7,"baseKey":"BUuQbX/kuE2RGLjN7BRgD7GDZdA7lJBA7bUWvUt1ti8V","preKeyId":8943843}}},"version":"v1"}