{"_sessions":{"Bdobedy5iVE5UoArPuNC22yEM+Fv/ru6pn/4r6gFLBpA":{"registrationId":520334888,"currentRatchet":{"ephemeralKeyPair":{"pubKey":"BeNOcUQzlxUW8DMk5h2akqYdj3zKtALuHep9XEAhnpEU","privKey":"UF1VmPxAY2jN1DSzWULpQIcVI676ik+Zr1YIw03o42Q="},"lastRemoteEphemeralKey":"BfudhoCD4IumPwVrQrnqMnRDUoE549TETZ8s8vsgQgJa","previousCounter":0,"rootKey":"d5YPWkj6Kdq+4rWzpHT56NumgGVFkBKiQ60/xNchvFQ="},"indexInfo":{"baseKey":"Bdobedy5iVE5UoArPuNC22yEM+Fv/ru6pn/4r6gFLBpA","baseKeyType":1,"closed":-1,"used":1755758930933,"created":1755758930933,"remoteIdentityKey":"BbOtB/aC7lKt4SiFqDyhlk2k+EKjoH4wuiHIQOKU3gxG"},"_chains":{"BeNOcUQzlxUW8DMk5h2akqYdj3zKtALuHep9XEAhnpEU":{"chainKey":{"counter":0,"key":"V+iGdOXBdTklBUiijI0HDw9SeE+WAXUIK0O4SN31jJA="},"chainType":1,"messageKeys":{}}},"pendingPreKey":{"signedKeyId":1,"baseKey":"Bdobedy5iVE5UoArPuNC22yEM+Fv/ru6pn/4r6gFLBpA","preKeyId":9319317}}},"version":"v1"}