{"_sessions":{"BavrH/wkKmOj1RYNEZHtf3i6JZOCR1c+gmD+ueAdRyty":{"registrationId":1264084523,"currentRatchet":{"ephemeralKeyPair":{"pubKey":"Bc9bNHV4WruagcQT9niBlzojtLl9TPseOkANZmj+ZA1k","privKey":"SGd+1XO+8E+vnmjaL+ihytUYFmvAqNvhOvdIqEEBiV8="},"lastRemoteEphemeralKey":"BXxe1dI+csp5bF0tfIq0VmFLd2Lp51GIK5RxnlbdQmRN","previousCounter":0,"rootKey":"44KYjK1yeGgEe5b27pX2eyWkj3xIod0XPP/hNeZ4xqQ="},"indexInfo":{"baseKey":"BavrH/wkKmOj1RYNEZHtf3i6JZOCR1c+gmD+ueAdRyty","baseKeyType":1,"closed":-1,"used":1755758929911,"created":1755758929911,"remoteIdentityKey":"BW5IbD2k3BiDAkzAFKNQXd7+cCIz4LG6bJaX6Snp8RED"},"_chains":{"Bc9bNHV4WruagcQT9niBlzojtLl9TPseOkANZmj+ZA1k":{"chainKey":{"counter":0,"key":"Xvgy+RHG5KfcCH4BX/OGcNjwk/eZnM4CzW4mZAqaHLs="},"chainType":1,"messageKeys":{}}},"pendingPreKey":{"signedKeyId":7,"baseKey":"BavrH/wkKmOj1RYNEZHtf3i6JZOCR1c+gmD+ueAdRyty","preKeyId":11118388}}},"version":"v1"}