{"_sessions":{"BW3CAsVK8ncEl3rdtfCOXrtHycPWn4gvDPQdUYGMW/hs":{"registrationId":1161635652,"currentRatchet":{"ephemeralKeyPair":{"pubKey":"BfsIDttploePLyqdHKsgL1eKCThiynThmUoqCIwQ1bQT","privKey":"qMX4rXNxsLH2TIZGr0/KJ2b6zvPqUTJBEvB9Ae1zl24="},"lastRemoteEphemeralKey":"BQvDvaLk6Vg0bWT4/xhezrfQxpF20QliTMiUsXoJZtdy","previousCounter":0,"rootKey":"LsHlDlDZL4fn9Xnw66J0lIZWkyLMhhAlygH1KhurQV0="},"indexInfo":{"baseKey":"BW3CAsVK8ncEl3rdtfCOXrtHycPWn4gvDPQdUYGMW/hs","baseKeyType":1,"closed":-1,"used":1755758929605,"created":1755758929605,"remoteIdentityKey":"BTC1aaMhmgUWdod2ki1uSJIs81Ukpop+fY/YY1DhjAhf"},"_chains":{"BfsIDttploePLyqdHKsgL1eKCThiynThmUoqCIwQ1bQT":{"chainKey":{"counter":0,"key":"rDGtAN5oPk7NtWXCUGNSTAEiLT09qM5BkjEW4b5Xv2M="},"chainType":1,"messageKeys":{}}},"pendingPreKey":{"signedKeyId":46,"baseKey":"BW3CAsVK8ncEl3rdtfCOXrtHycPWn4gvDPQdUYGMW/hs","preKeyId":10218471}}},"version":"v1"}