{"_sessions":{"BesuNbi5ScuBZ+yojPyrv3gJzTqPhPmgPds2m6L4dOlm":{"registrationId":122748304,"currentRatchet":{"ephemeralKeyPair":{"pubKey":"Ba2q/6T8N+yQSmJt6cDFpIS+Jl0IQcERqSCnDuysCzol","privKey":"8CPI3rPGz7//D5PpUEyLvu2qmrp46u+9YH+wQrEOW1k="},"lastRemoteEphemeralKey":"BYlzdvbx3hroLUg7anb6JzWSK/iQVxL+NmqyV/UWDjgp","previousCounter":0,"rootKey":"iVguQdht5kUt5NhTMYILMLv9XbqDrKaTg/C3yp7O4GE="},"indexInfo":{"baseKey":"BesuNbi5ScuBZ+yojPyrv3gJzTqPhPmgPds2m6L4dOlm","baseKeyType":1,"closed":-1,"used":1755758930613,"created":1755758930613,"remoteIdentityKey":"Be8/ap5JnG1ihLdvdS1qNG6umDb/KSqaefTCBbA4nSJ0"},"_chains":{"Ba2q/6T8N+yQSmJt6cDFpIS+Jl0IQcERqSCnDuysCzol":{"chainKey":{"counter":0,"key":"4g4s0PxbOuldUT4Uy0lWEe2tB/xEDhsku11VNZtvB8w="},"chainType":1,"messageKeys":{}}},"pendingPreKey":{"signedKeyId":4,"baseKey":"BesuNbi5ScuBZ+yojPyrv3gJzTqPhPmgPds2m6L4dOlm","preKeyId":9070744}}},"version":"v1"}