{"_sessions":{"BcAe77X7e7xj1J4hjMInvmVhLxEpu02Qkx+5ZjfS2cQ+":{"registrationId":1549470602,"currentRatchet":{"ephemeralKeyPair":{"pubKey":"Bb2uNoDYjGWY4BhXTydfl0IP03FaD3Vl0LRTUqZNUvN6","privKey":"yFJz0C3vypMXkxfrSBp5/2OiKLkdU7bu0XFT4wqcgkI="},"lastRemoteEphemeralKey":"BSDRar9pMHWYpxm63F4cUmc/AJlPlQfBNxcyul8nhHtv","previousCounter":0,"rootKey":"tgAC3OPYZinrLSuIt3+sgPniaLPjsW0tQOlJXIUpskI="},"indexInfo":{"baseKey":"BcAe77X7e7xj1J4hjMInvmVhLxEpu02Qkx+5ZjfS2cQ+","baseKeyType":1,"closed":-1,"used":1755758928502,"created":1755758928502,"remoteIdentityKey":"BfQ9N5mYqMilOGThp/qGUQjasCmQmvM71LtPpSD0zJ81"},"_chains":{"Bb2uNoDYjGWY4BhXTydfl0IP03FaD3Vl0LRTUqZNUvN6":{"chainKey":{"counter":0,"key":"kTe69FcAPhMqcPnlfrFj9qdf3mIyepkM4rfj/MjwgNs="},"chainType":1,"messageKeys":{}}},"pendingPreKey":{"signedKeyId":0,"baseKey":"BcAe77X7e7xj1J4hjMInvmVhLxEpu02Qkx+5ZjfS2cQ+","preKeyId":6973880}}},"version":"v1"}