{"_sessions":{"BdQSPEjPCtOPYyN64vl59GKD3yt+K5lsLmGqxkJ8Iysr":{"registrationId":251978491,"currentRatchet":{"ephemeralKeyPair":{"pubKey":"BeMagc7t8Qw3YbjRfnYu2KNkBozbHlj3nM/IXWEC4Qs3","privKey":"+IaQArIMKKcUE/oENj0LV8xghcPHXvY4Pdapsa0zGkU="},"lastRemoteEphemeralKey":"BSuogTPjf9G8/rmOGF6HO9f/3bH/KHC/Ws8uJIHMkTww","previousCounter":0,"rootKey":"DqmMC3BDCW+F3NTX8PB4HWe2d1JXAzmmDexsSaEVxzk="},"indexInfo":{"baseKey":"BdQSPEjPCtOPYyN64vl59GKD3yt+K5lsLmGqxkJ8Iysr","baseKeyType":1,"closed":-1,"used":1755758930571,"created":1755758930571,"remoteIdentityKey":"BXM63Zv5BulWS17xrLO6svJPnEDEf4bo8F++LqFbQ2lu"},"_chains":{"BeMagc7t8Qw3YbjRfnYu2KNkBozbHlj3nM/IXWEC4Qs3":{"chainKey":{"counter":0,"key":"JYGHLnz5akTM8+KavHubBlEmXFMAw6c2jPWJeMIc9yI="},"chainType":1,"messageKeys":{}}},"pendingPreKey":{"signedKeyId":7,"baseKey":"BdQSPEjPCtOPYyN64vl59GKD3yt+K5lsLmGqxkJ8Iysr","preKeyId":12102396}}},"version":"v1"}