{"_sessions":{"BUlylkMwCaI1a7Ly2CPEaETX/sbLci7drOHQpm+X/Ncy":{"registrationId":1176168941,"currentRatchet":{"ephemeralKeyPair":{"pubKey":"BRj3Kz/g0g78WPT/IO7tn9zf6sfVvv7EwS9lK/vGDQYi","privKey":"gNl4iCvUhYUfERaYz3fFST6/9D6yzADA3q+ULC6gu1k="},"lastRemoteEphemeralKey":"Bd1x7v91VWkIQN75bmArQ5IpqgG4DOqJ4NxtdLBXy6xA","previousCounter":0,"rootKey":"nSPb3F4EZEild0wRJhOl2ny3YziSlQ+5s0GRDmU8C1Q="},"indexInfo":{"baseKey":"BUlylkMwCaI1a7Ly2CPEaETX/sbLci7drOHQpm+X/Ncy","baseKeyType":1,"closed":-1,"used":1755758929863,"created":1755758929863,"remoteIdentityKey":"BZaPmZfXuqsnifjiZjI/P1MmnKv/xV/skyqI8wZKzuNt"},"_chains":{"BRj3Kz/g0g78WPT/IO7tn9zf6sfVvv7EwS9lK/vGDQYi":{"chainKey":{"counter":0,"key":"lM0kab/cGO2WmVEl3BfCHuJpMB8XyxH7ypr485WJEx8="},"chainType":1,"messageKeys":{}}},"pendingPreKey":{"signedKeyId":11,"baseKey":"BUlylkMwCaI1a7Ly2CPEaETX/sbLci7drOHQpm+X/Ncy","preKeyId":2073308}}},"version":"v1"}