{"_sessions":{"BZQ3Cw3tXMg7hXC1rPyeO0WPMzMGsNAKDEWGKAz4ICx5":{"registrationId":2127915401,"currentRatchet":{"ephemeralKeyPair":{"pubKey":"BUG0sYR0KaYVPkC9R0MmP0CisOwH/67wQNVjAdpBnNVr","privKey":"KJajuYu6Mi59YRmWOc6hoX5G4nQ7FjuJut8T7CDgEl4="},"lastRemoteEphemeralKey":"BV6iqALBZYo5zxtdeuDuCeFg8tkhlmm6w0w2A+Mfx8sJ","previousCounter":0,"rootKey":"ZZ+OignJWDQZ7b8d5HywWbhbElqpG6wctWCK0Z46o6w="},"indexInfo":{"baseKey":"BZQ3Cw3tXMg7hXC1rPyeO0WPMzMGsNAKDEWGKAz4ICx5","baseKeyType":1,"closed":-1,"used":1755758929816,"created":1755758929816,"remoteIdentityKey":"BatRyYECkT+nB3iWnr8xS1Kb3mJ8tobt6kgfxc82xaEE"},"_chains":{"BUG0sYR0KaYVPkC9R0MmP0CisOwH/67wQNVjAdpBnNVr":{"chainKey":{"counter":0,"key":"pDybnr4rkMmV/WL6CqdcHU+Lk8tJ9dGp1mdvD6F3yvY="},"chainType":1,"messageKeys":{}}},"pendingPreKey":{"signedKeyId":3,"baseKey":"BZQ3Cw3tXMg7hXC1rPyeO0WPMzMGsNAKDEWGKAz4ICx5","preKeyId":16481073}}},"version":"v1"}