{"_sessions":{"BXk/LzOdAX+GRf5rooRV8pMC7dzNMXIrijXnH9B1My8l":{"registrationId":965420396,"currentRatchet":{"ephemeralKeyPair":{"pubKey":"BV0PYYgUG293V98eknUk5+1KMKUgwTvmhzwZzSIwWzIv","privKey":"EAyX5+LL44+lrrcgSfEfBoHViJQUTA3cEgFVaQ2QT2c="},"lastRemoteEphemeralKey":"BRl9Ku/+bh/5KTcDGYpi6IO4u6VwdISH+0y89DT27Ghi","previousCounter":0,"rootKey":"NlnmCBiutcp3TmWbP4D2B4MT++VJalYSEuaGeBgHKsk="},"indexInfo":{"baseKey":"BXk/LzOdAX+GRf5rooRV8pMC7dzNMXIrijXnH9B1My8l","baseKeyType":1,"closed":-1,"used":1755758930180,"created":1755758930180,"remoteIdentityKey":"BZ1DZPRMyFU+mDvVvwPvGh30IucXpH8aoFVTKdGMZjw7"},"_chains":{"BV0PYYgUG293V98eknUk5+1KMKUgwTvmhzwZzSIwWzIv":{"chainKey":{"counter":0,"key":"L1LM22kwegJBHbTHc0w2zd/zb/2pHY2rv56GMf8JOHE="},"chainType":1,"messageKeys":{}}},"pendingPreKey":{"signedKeyId":7,"baseKey":"BXk/LzOdAX+GRf5rooRV8pMC7dzNMXIrijXnH9B1My8l","preKeyId":1301876}}},"version":"v1"}