{"_sessions":{"BTmT3VjuDTgbKUe4LGHswHl6SyHYgVf8LzRQ5efKnoxM":{"registrationId":1848230208,"currentRatchet":{"ephemeralKeyPair":{"pubKey":"BTi7VVXT79VpHx5E6qPjI1EtzIrvzZRPUvL3A9SA6ncB","privKey":"sIEAlO/YiSRLpKPTlxa93IpGHU8820B5e+46XL3JZUw="},"lastRemoteEphemeralKey":"Ba14MYBH/aKFQgvpQ1gmbYJKgE2iSQGa5ckRyl6ntygl","previousCounter":0,"rootKey":"W5A4b6ch4q/0d0/4bEEW+3IF3lpRDlZDiXmBMC0nHQw="},"indexInfo":{"baseKey":"BTmT3VjuDTgbKUe4LGHswHl6SyHYgVf8LzRQ5efKnoxM","baseKeyType":1,"closed":-1,"used":1755758930004,"created":1755758930004,"remoteIdentityKey":"BYVdU/FZnCxy1lo4fL2GU8IZZ8NHHQYK3MNdL+pvtu9t"},"_chains":{"BTi7VVXT79VpHx5E6qPjI1EtzIrvzZRPUvL3A9SA6ncB":{"chainKey":{"counter":0,"key":"DnmlnF3mNUJ9etVoRrHFaVcC3H1aHDYq6i8kkw8hN0w="},"chainType":1,"messageKeys":{}}},"pendingPreKey":{"signedKeyId":2,"baseKey":"BTmT3VjuDTgbKUe4LGHswHl6SyHYgVf8LzRQ5efKnoxM","preKeyId":7917183}}},"version":"v1"}