{"_sessions":{"BQTHmM0yTGKaDobO8Z2PnjXE2Ax1wHKFt7stBakTFMcD":{"registrationId":2098877873,"currentRatchet":{"ephemeralKeyPair":{"pubKey":"BYcRkIOI95q+PYjvWY57inByew7lS9K/EkdY6JoGEAA7","privKey":"SHCgfFQnKg8HSNxqeupODpv1P/d/19HDDmeh4dNlgWU="},"lastRemoteEphemeralKey":"BZivnF6aw+kUCAIB+xuEtncslcsd5+mY4CfHpkZO094B","previousCounter":0,"rootKey":"0Py8EUwTAchL5KX0F+v2qjlVKDW65OcgpHdI6FMQu88="},"indexInfo":{"baseKey":"BQTHmM0yTGKaDobO8Z2PnjXE2Ax1wHKFt7stBakTFMcD","baseKeyType":1,"closed":-1,"used":1755758930422,"created":1755758930422,"remoteIdentityKey":"BWBG/4VHT67ukwK+bW+uoayUpTvLE13qKxzDMgu7xQxc"},"_chains":{"BYcRkIOI95q+PYjvWY57inByew7lS9K/EkdY6JoGEAA7":{"chainKey":{"counter":0,"key":"zyQnPBpkQq2XIgVZjIv3+SQ1eCcz7270/QvOTzlKGvE="},"chainType":1,"messageKeys":{}}},"pendingPreKey":{"signedKeyId":4784352,"baseKey":"BQTHmM0yTGKaDobO8Z2PnjXE2Ax1wHKFt7stBakTFMcD","preKeyId":18015}}},"version":"v1"}