{"_sessions":{"BfvzeXxmekDg21soh4U68+KWUGFKEvWn0VT3Ql7oIagb":{"registrationId":190165785,"currentRatchet":{"ephemeralKeyPair":{"pubKey":"BfTWOmkAc+mntTlcnYHtXYJXsQW3nH0kE7vUV98MTK8h","privKey":"KJ8GPZMfQKNCy644eqZYRSOaXKOmpj2aIIQQ+cDleF8="},"lastRemoteEphemeralKey":"BaT7EM93HUiHeyrqalAN+rqn+HK+iZIs0bNRWITERIE8","previousCounter":0,"rootKey":"WCMcGFrAsMnUHdF1bX89+XwnSXMB/h93TuI9LbCwqHQ="},"indexInfo":{"baseKey":"BfvzeXxmekDg21soh4U68+KWUGFKEvWn0VT3Ql7oIagb","baseKeyType":1,"closed":-1,"used":1755758930107,"created":1755758930107,"remoteIdentityKey":"BdCYO5VGKbvxr9NVN3MwrmYCKc1MYVIMws6DjCUdwINp"},"_chains":{"BfTWOmkAc+mntTlcnYHtXYJXsQW3nH0kE7vUV98MTK8h":{"chainKey":{"counter":0,"key":"4f0qctpv0aimerGX7s3VlzOCCOhyntHCZj5o/iXEzUc="},"chainType":1,"messageKeys":{}}},"pendingPreKey":{"signedKeyId":6,"baseKey":"BfvzeXxmekDg21soh4U68+KWUGFKEvWn0VT3Ql7oIagb","preKeyId":16011252}}},"version":"v1"}