{"_sessions":{"BffKd4btSsnUMK0krmFfHeW7cTgyNn3W3lJ9+w4oxLo3":{"registrationId":762323031,"currentRatchet":{"ephemeralKeyPair":{"pubKey":"BdjciuT+my3KKRydXUHiZT71g5jdu+9maM/BRh/ucaQk","privKey":"0FDDaZkfMWukyBAlyKtgP7nzuXx15rcs14vQHCOAAmE="},"lastRemoteEphemeralKey":"BQWr/hubhWG9zJQwfW/5UsaLnr0w2WMqcLpPBngwYIQV","previousCounter":0,"rootKey":"eQPDBmkYYG+jIbXvXEZ0v3EGv5xxAMJpFaTUVodf4fU="},"indexInfo":{"baseKey":"BffKd4btSsnUMK0krmFfHeW7cTgyNn3W3lJ9+w4oxLo3","baseKeyType":1,"closed":-1,"used":1755758929411,"created":1755758929411,"remoteIdentityKey":"Bb2MNyCJdtESSQCyq7951a1kqDlvtd3cYXwd1C2yxvwD"},"_chains":{"BdjciuT+my3KKRydXUHiZT71g5jdu+9maM/BRh/ucaQk":{"chainKey":{"counter":0,"key":"wDG0Ql3bW1lMqPgCjaPrh+kMAeLWAIW7rm3Mr7xWL2Y="},"chainType":1,"messageKeys":{}}},"pendingPreKey":{"signedKeyId":24,"baseKey":"BffKd4btSsnUMK0krmFfHeW7cTgyNn3W3lJ9+w4oxLo3","preKeyId":14631947}}},"version":"v1"}