{"_sessions":{"BYwwx3yK8BNRYKKfCu+qaX0bMkMoOUOM8c/IZQ+3hz1Y":{"registrationId":1861741339,"currentRatchet":{"ephemeralKeyPair":{"pubKey":"BWXDKw9i7/ny5eew2cSUxZAaTkeQSV38mI+lQg0WDLFv","privKey":"aIvXFWSZHL7+6JVhEZ1oCEs2f+/N09kbSddTULuW92g="},"lastRemoteEphemeralKey":"BdbJWVgV2NjlQz5K7+AGWg+rVefgTTkw9Zp6ML63tV0a","previousCounter":0,"rootKey":"Em6ODZmkZ0m33dyNwq6GQ/R67qlc0V2ofmK7mB5MXH0="},"indexInfo":{"baseKey":"BYwwx3yK8BNRYKKfCu+qaX0bMkMoOUOM8c/IZQ+3hz1Y","baseKeyType":2,"closed":-1,"used":1755758875335,"created":1755758875335,"remoteIdentityKey":"BbDdvrVTkmpDI3nY6qt8Z+Yp42eB+Jjsc9bw+nbBqn51"},"_chains":{"BdbJWVgV2NjlQz5K7+AGWg+rVefgTTkw9Zp6ML63tV0a":{"chainKey":{"counter":0,"key":"rK6cqyKVP7Gl1QlYFwjKIeZgkkC2nYh3ZEM0cMIZfNQ="},"chainType":2,"messageKeys":{}},"BWXDKw9i7/ny5eew2cSUxZAaTkeQSV38mI+lQg0WDLFv":{"chainKey":{"counter":0,"key":"nh2YsH3cBd2DTDKVCsISXaURqoNUo2dltVV4CNk9qhc="},"chainType":1,"messageKeys":{}}}}},"version":"v1"}