{"_sessions":{"BZ3uq5LG5QQ68TlBMcxgigV0OkkNSxAN/NnAHzAkslJs":{"registrationId":369678690,"currentRatchet":{"ephemeralKeyPair":{"pubKey":"BUaKLdehWTlC+zOChypmZL6oEAjeMaikialsBDt1yUkV","privKey":"MMqekZnsQ/0Q3YCQnwoS43O5ctRYNC7Yl5RGZINILFI="},"lastRemoteEphemeralKey":"BXAHXkfLyZQ4aLFhuM5r2kjSj2f4viycIJopKDMc77Jb","previousCounter":0,"rootKey":"GWtg9WgJk+Fon95/habbdTM11Q71dHZaOq0f8EsGib4="},"indexInfo":{"baseKey":"BZ3uq5LG5QQ68TlBMcxgigV0OkkNSxAN/NnAHzAkslJs","baseKeyType":1,"closed":-1,"used":1755758929026,"created":1755758929026,"remoteIdentityKey":"BcMuKs9rRN6RUSiFGEj8XSBAO0v5f+0s3b5B6PohyDIU"},"_chains":{"BUaKLdehWTlC+zOChypmZL6oEAjeMaikialsBDt1yUkV":{"chainKey":{"counter":0,"key":"9u7agGubT6SI/tz3wW3aHOLU+stSHUidcQ4OZdSbzcI="},"chainType":1,"messageKeys":{}}},"pendingPreKey":{"signedKeyId":13817817,"baseKey":"BZ3uq5LG5QQ68TlBMcxgigV0OkkNSxAN/NnAHzAkslJs"}}},"version":"v1"}