{"_sessions":{"BSIf7mjw6rMLdhnv5cdpwvmpookXVz1UFKUCKz++xCRz":{"registrationId":710158387,"currentRatchet":{"ephemeralKeyPair":{"pubKey":"BejfcLjKIMlZJG9dn+14vnuR01Ep9cIw2vs++Npl20ll","privKey":"oMWVuap7kUyIrSGjY9bs8fIMihf1iXzsBiBmE3X7cVU="},"lastRemoteEphemeralKey":"BV4R8CTYwZxKiMaEn/3IDjjdLT6rUQ6ySVgzZE8w1/Vk","previousCounter":0,"rootKey":"6/xDLMtDIa4vYMj5d+BaPATZSgUYEjUrucI5jzMpGxE="},"indexInfo":{"baseKey":"BSIf7mjw6rMLdhnv5cdpwvmpookXVz1UFKUCKz++xCRz","baseKeyType":1,"closed":-1,"used":1755758929574,"created":1755758929574,"remoteIdentityKey":"BSfHwwuUoE14B6TTypLVOGAW53tp/+SinVYEwDYd0ksQ"},"_chains":{"BejfcLjKIMlZJG9dn+14vnuR01Ep9cIw2vs++Npl20ll":{"chainKey":{"counter":0,"key":"O2o724L0ixn+HaUNHASa2e34gF9RL47vebHFXGU67Lk="},"chainType":1,"messageKeys":{}}},"pendingPreKey":{"signedKeyId":16,"baseKey":"BSIf7mjw6rMLdhnv5cdpwvmpookXVz1UFKUCKz++xCRz","preKeyId":7078006}}},"version":"v1"}