{"_sessions":{"BdfUQjPibk3HBjihCSZKk8S9Qdv50YFuP4SDO05ckONZ":{"registrationId":1927700151,"currentRatchet":{"ephemeralKeyPair":{"pubKey":"BZnwnoDsKTYzl6j1/1Z1QP3tpZkE4CPS48xVXZouFisA","privKey":"0H0gA1ewwRh7WdyeNdHSnZ00wSacskU84XnvamcD8W0="},"lastRemoteEphemeralKey":"Bd1WDEKfbvaJGECOV3N2hrnIhoTwGrmiJspOVTqmybUU","previousCounter":0,"rootKey":"p18P/et+GD/rzTLnrVaLWQ5fDgTiY7e+CqnCALq1P6s="},"indexInfo":{"baseKey":"BdfUQjPibk3HBjihCSZKk8S9Qdv50YFuP4SDO05ckONZ","baseKeyType":1,"closed":-1,"used":1755758929139,"created":1755758929139,"remoteIdentityKey":"Bfnz0rC/5I6oN7JRR4UtJAjNXoR63A7P4qMbXwtZ5JBh"},"_chains":{"BZnwnoDsKTYzl6j1/1Z1QP3tpZkE4CPS48xVXZouFisA":{"chainKey":{"counter":0,"key":"mnNBeX3RQkLXR+gxrYrrhcX7/w7KUBVxY+mzBc5VL6A="},"chainType":1,"messageKeys":{}}},"pendingPreKey":{"signedKeyId":8,"baseKey":"BdfUQjPibk3HBjihCSZKk8S9Qdv50YFuP4SDO05ckONZ","preKeyId":4662426}}},"version":"v1"}