{"_sessions":{"BZzXeLlTt63SGOiUCjAY5opA4gC5eEXsVmulNrHRu68N":{"registrationId":1586678961,"currentRatchet":{"ephemeralKeyPair":{"pubKey":"Bc06Vew1+1aeB0XEQkxwurQ60DXbBo2VZbAsfApkv9wT","privKey":"yKIXv/NVZ0MfihDxvbRAhmR/84VPDtojF4YocPPCeVc="},"lastRemoteEphemeralKey":"BamWuPs7KClebi8vtvKqavnFtvK9lpA81P7wX+H9xtY6","previousCounter":0,"rootKey":"UO6IuYIh3ZQszPPNwwSwRSMAfkF6ymUpoSLr7DNTd0c="},"indexInfo":{"baseKey":"BZzXeLlTt63SGOiUCjAY5opA4gC5eEXsVmulNrHRu68N","baseKeyType":1,"closed":-1,"used":1755758930922,"created":1755758930922,"remoteIdentityKey":"BfnED2bNdO0/lEdujsDH7RAxb73aw9RCQ8uMMd7yrmcc"},"_chains":{"Bc06Vew1+1aeB0XEQkxwurQ60DXbBo2VZbAsfApkv9wT":{"chainKey":{"counter":0,"key":"B0XPxL62OPQ9lX7OjJrgjzjfHwhEuRDiONV171Xzs1k="},"chainType":1,"messageKeys":{}}},"pendingPreKey":{"signedKeyId":4026139,"baseKey":"BZzXeLlTt63SGOiUCjAY5opA4gC5eEXsVmulNrHRu68N","preKeyId":4248}}},"version":"v1"}