{"_sessions":{"BTj5HZZBzqs9am3/bt+qjTtNlP8xNgaZMGF4lZ0fOQBV":{"registrationId":1641102950,"currentRatchet":{"ephemeralKeyPair":{"pubKey":"Bf50znDHwdAZ8wqiaL0Gqj1+XhfZZHc21qPY13MlVoBw","privKey":"EAXdqfl6vu+7aXGySJCSO6jv8MpIkFmpVognWC2DS10="},"lastRemoteEphemeralKey":"BXt2/LdNREsKSBPT6C7ETaS4hPTrn/3QXdeVM5auQIp/","previousCounter":0,"rootKey":"fHtvsxwKmaKH64B/mu6jswazK3y3HDWG2rtnKRuGYeQ="},"indexInfo":{"baseKey":"BTj5HZZBzqs9am3/bt+qjTtNlP8xNgaZMGF4lZ0fOQBV","baseKeyType":1,"closed":-1,"used":1755758930117,"created":1755758930117,"remoteIdentityKey":"BSwuyYQONAFkwvtoRNUwOjCOxApTZ1547j9NWI7SeH0Q"},"_chains":{"Bf50znDHwdAZ8wqiaL0Gqj1+XhfZZHc21qPY13MlVoBw":{"chainKey":{"counter":0,"key":"MzoUtdHWgePF4QHJUC4KCAtl81Lflob0DQtOpOQtI+A="},"chainType":1,"messageKeys":{}}},"pendingPreKey":{"signedKeyId":5256102,"baseKey":"BTj5HZZBzqs9am3/bt+qjTtNlP8xNgaZMGF4lZ0fOQBV","preKeyId":21106}}},"version":"v1"}