{"_sessions":{"BblTEmRXGwHqq1BsnmFfuaAyXWk2nBjPTN/go6NtcnsT":{"registrationId":213350773,"currentRatchet":{"ephemeralKeyPair":{"pubKey":"BXBaIaofdY/2hpsvca1CzGwbeFJpPkS0C6g4gFOShc50","privKey":"CDiivpOpSSq68uxN82hjhcki/NlT07DwwSAYY+md9nQ="},"lastRemoteEphemeralKey":"BWrHzWOumH4iqUiU62R9tyQLSu7KtCki/LyY3smFDZM/","previousCounter":0,"rootKey":"gXIxw8r9bs+OUjvfTtYlFJu2CY4RD0cWSzlfny36cM8="},"indexInfo":{"baseKey":"BblTEmRXGwHqq1BsnmFfuaAyXWk2nBjPTN/go6NtcnsT","baseKeyType":1,"closed":-1,"used":1755758929470,"created":1755758929470,"remoteIdentityKey":"BV7Vj/9rKaJLQcvf11L3NM+L4qR5aeLQUlxyoSWRrKB6"},"_chains":{"BXBaIaofdY/2hpsvca1CzGwbeFJpPkS0C6g4gFOShc50":{"chainKey":{"counter":0,"key":"1qm0mN5phsCA1YtI/ZmRXUe046xLOLI7rTTdo89uVzo="},"chainType":1,"messageKeys":{}}},"pendingPreKey":{"signedKeyId":16,"baseKey":"BblTEmRXGwHqq1BsnmFfuaAyXWk2nBjPTN/go6NtcnsT","preKeyId":15377291}}},"version":"v1"}