{"_sessions":{"BchxRahdzEUjsAI+MrP696aEFkQVSo9ARUExphcLFPsM":{"registrationId":623661912,"currentRatchet":{"ephemeralKeyPair":{"pubKey":"BawdigX2fBHln8odprda9cN5h4z/lFvgZ4yCHNQTw+cf","privKey":"SHkfmN0+Bnn1S6zVwun6TGAj5QyRegR+nG3YEePpDUo="},"lastRemoteEphemeralKey":"BZJDv/EhdBV5rb5F2GlQvqXeqDErVYCPm717deJ6kmEu","previousCounter":0,"rootKey":"CH0EevW1ZdkNJQICzzDjmAaL6G0Xkydk5aEnM+2e+OE="},"indexInfo":{"baseKey":"BchxRahdzEUjsAI+MrP696aEFkQVSo9ARUExphcLFPsM","baseKeyType":1,"closed":-1,"used":1755758930682,"created":1755758930682,"remoteIdentityKey":"Be8Q5YrHfgA6Q8uKYu4n2pUkVSZHGWNHM0eO3O6iLw5n"},"_chains":{"BawdigX2fBHln8odprda9cN5h4z/lFvgZ4yCHNQTw+cf":{"chainKey":{"counter":0,"key":"29jyaDx4DB2nfqRfkM1EthJgJ4wjhZKfHCpBFZ5RHaU="},"chainType":1,"messageKeys":{}}},"pendingPreKey":{"signedKeyId":1,"baseKey":"BchxRahdzEUjsAI+MrP696aEFkQVSo9ARUExphcLFPsM"}}},"version":"v1"}