{"_sessions":{"BZn7sMJOSF3thugEcJfOM4LiiJs9BegfPhVvG4JBrsxE":{"registrationId":757495833,"currentRatchet":{"ephemeralKeyPair":{"pubKey":"BX+w/CvmM7jcyFQy+/7l+PgUpIBIWAxBqueiiiZehkRM","privKey":"2FpRKWlYBdM8H0mWTnUYItxs5t9oBC1xZnttvy1jRl8="},"lastRemoteEphemeralKey":"BXfGLPVL5plg2TTSgIDgYTlRpGQ6GOvmUP6Mhk6OIGF1","previousCounter":0,"rootKey":"7EdwSq/VfIl/W01WM5XkrLIw6ibd2v/EPJbNVBWK2zA="},"indexInfo":{"baseKey":"BZn7sMJOSF3thugEcJfOM4LiiJs9BegfPhVvG4JBrsxE","baseKeyType":1,"closed":-1,"used":1755758930348,"created":1755758930348,"remoteIdentityKey":"BW0rXuZjojdhuu6QDDrZFkAZ+kAueqI86CHVXscROylg"},"_chains":{"BX+w/CvmM7jcyFQy+/7l+PgUpIBIWAxBqueiiiZehkRM":{"chainKey":{"counter":0,"key":"jFwVlSbtvfjy9VvXrQC88/UlPHixMy2/+M1JOS4UErE="},"chainType":1,"messageKeys":{}}},"pendingPreKey":{"signedKeyId":17,"baseKey":"BZn7sMJOSF3thugEcJfOM4LiiJs9BegfPhVvG4JBrsxE"}}},"version":"v1"}