{"_sessions":{"BVc3OCQAZJJXaEj+HDSo3cwQ4roJVJEzzN9f2tUzhjE4":{"registrationId":94409258,"currentRatchet":{"ephemeralKeyPair":{"pubKey":"BY9R3jQnM9svNkgp+S6p3KqCAgAuQ9PDbYSXWDxLexBW","privKey":"yKHeqtdEtDVrF2I2zfPQVEN9EBNJ+PLexxiInNu5TEY="},"lastRemoteEphemeralKey":"BQGpIoTwC3Liyq3bubLFrd4G9lZSmrSrlXbRRRatskcA","previousCounter":0,"rootKey":"qFdIw1URFO8xnElBOZMfpZq0mQTrZOV/siXCKp8546E="},"indexInfo":{"baseKey":"BVc3OCQAZJJXaEj+HDSo3cwQ4roJVJEzzN9f2tUzhjE4","baseKeyType":1,"closed":-1,"used":1755758929475,"created":1755758929475,"remoteIdentityKey":"Be1feDmK2vylCvlTTgBpni0rv4XKuphIHniSX0d5ujhX"},"_chains":{"BY9R3jQnM9svNkgp+S6p3KqCAgAuQ9PDbYSXWDxLexBW":{"chainKey":{"counter":0,"key":"PT8U+tZrLASEUzGtUqbMEMJOImrowyeOxDjvCt54/TU="},"chainType":1,"messageKeys":{}}},"pendingPreKey":{"signedKeyId":1,"baseKey":"BVc3OCQAZJJXaEj+HDSo3cwQ4roJVJEzzN9f2tUzhjE4","preKeyId":13230590}}},"version":"v1"}