{"_sessions":{"BYT1JvJQg6B5tTCtcFq4ah2yDa71sX8unhtmwwb4Ehd7":{"registrationId":473413545,"currentRatchet":{"ephemeralKeyPair":{"pubKey":"BVzhiA7rrAujaHlccDR8Ks3mSCJkHO5x1ABg7SUEwhtf","privKey":"mBXbgiUUAGMMigKo4V4T5Qa5EPjzE6LBt0lgS9H+pEQ="},"lastRemoteEphemeralKey":"BfhrPf0SpG5aSfMZcJzuep93ctFtQNRBO7qk17VCRSt1","previousCounter":0,"rootKey":"fPlMMKgLtIgyWpkyniwe1RpniCaEWhHGkRkISTR2kY0="},"indexInfo":{"baseKey":"BYT1JvJQg6B5tTCtcFq4ah2yDa71sX8unhtmwwb4Ehd7","baseKeyType":1,"closed":-1,"used":1755758929295,"created":1755758929295,"remoteIdentityKey":"BZsw0AUBGN+xU+/Po7TK5+5sinhkChF6GMTVZ1cJ3J9C"},"_chains":{"BVzhiA7rrAujaHlccDR8Ks3mSCJkHO5x1ABg7SUEwhtf":{"chainKey":{"counter":0,"key":"+gJ0hnRXiHblBGkzjjlnzEIvU8Pu+2CWkxKeDwSr7v8="},"chainType":1,"messageKeys":{}}},"pendingPreKey":{"signedKeyId":1,"baseKey":"BYT1JvJQg6B5tTCtcFq4ah2yDa71sX8unhtmwwb4Ehd7","preKeyId":5883046}}},"version":"v1"}