{"_sessions":{"BST8DshTxThH2UC/5GlnMXeug+QdgwoZYQxDWLN6xHNm":{"registrationId":1058220253,"currentRatchet":{"ephemeralKeyPair":{"pubKey":"BepmP4rr2MIylZgorsp50Yt7wl5Fd6W5XXPUUII5mBo+","privKey":"6B04LKuUC/SvS67V5h1zxv38YpdG9BazLsRwnrMio3c="},"lastRemoteEphemeralKey":"BWmoLJX7tund90OgxoBZugC1XGwwg+zHvk8Yc5Mh13pA","previousCounter":0,"rootKey":"UGmS23sPU5NvRlieT7skrJvamk2DzdTIKRHXsUO2KM8="},"indexInfo":{"baseKey":"BST8DshTxThH2UC/5GlnMXeug+QdgwoZYQxDWLN6xHNm","baseKeyType":1,"closed":-1,"used":1755758930036,"created":1755758930036,"remoteIdentityKey":"BX740KpdaAT9dCAWR8Q3Mo6KfN6aawf1hccGjHD7tpoO"},"_chains":{"BepmP4rr2MIylZgorsp50Yt7wl5Fd6W5XXPUUII5mBo+":{"chainKey":{"counter":0,"key":"+We/HCbyXmC2h7HDk9jXW8wjnbkc8sTeMUdTm1f5JOc="},"chainType":1,"messageKeys":{}}},"pendingPreKey":{"signedKeyId":16560111,"baseKey":"BST8DshTxThH2UC/5GlnMXeug+QdgwoZYQxDWLN6xHNm","preKeyId":26720}}},"version":"v1"}