{"_sessions":{"BdkaTleM8YUFumbiBBG+zw/sUmFcRQ2AxGbyAnagtOd6":{"registrationId":89616176,"currentRatchet":{"ephemeralKeyPair":{"pubKey":"BQ/7FS1BzH5w4BV17xho8sFMxlfL0XxldzUOu8/hzz9R","privKey":"+FAtwYxMnjx3aLWyugVGYzvdb4aACyEtvO55A9axQGs="},"lastRemoteEphemeralKey":"BVmMheh6NAHySN2CjlbYL8RBB2AFbeyjUsRC0Rh/Iasd","previousCounter":0,"rootKey":"qXcysk6O0j0Zy/kNNhXHedvJ+Mm9cUJaXeOQ9byeB+8="},"indexInfo":{"baseKey":"BdkaTleM8YUFumbiBBG+zw/sUmFcRQ2AxGbyAnagtOd6","baseKeyType":1,"closed":-1,"used":1755758930734,"created":1755758930734,"remoteIdentityKey":"BSTF5Avi7ZgRLAjuswdjAPrZdo7Q3YDdhp7P7w3tXY4k"},"_chains":{"BQ/7FS1BzH5w4BV17xho8sFMxlfL0XxldzUOu8/hzz9R":{"chainKey":{"counter":0,"key":"vRBtYWM6reddyU6BwRFdgYQpk9z6X+oKIL5XgfVo+2o="},"chainType":1,"messageKeys":{}}},"pendingPreKey":{"signedKeyId":7,"baseKey":"BdkaTleM8YUFumbiBBG+zw/sUmFcRQ2AxGbyAnagtOd6","preKeyId":7674256}}},"version":"v1"}