{"_sessions":{"BUjPeg0DAH6U5EHxsGwaOg/1MwVDfbaC+AyegATGrY8f":{"registrationId":2141001184,"currentRatchet":{"ephemeralKeyPair":{"pubKey":"BUotHXWCICjlnwKAUQr6mbW0HnoeF+7XRtdb8cguWtN8","privKey":"iLDkucc7rg21d9Mx9+wDqkOQKW867fAejHTbT2W7fXM="},"lastRemoteEphemeralKey":"BZ1Ed3SEn4oEpATU1lqwGol7jHyEknzokVQtovQ4regP","previousCounter":0,"rootKey":"3jR+I+gRl5z7JM+knKB5oZOpnzYrnx6aV4YhrNoy9AQ="},"indexInfo":{"baseKey":"BUjPeg0DAH6U5EHxsGwaOg/1MwVDfbaC+AyegATGrY8f","baseKeyType":1,"closed":-1,"used":1755758928744,"created":1755758928744,"remoteIdentityKey":"BdKTAxiKyq1UZWTl1xAb3bs/tR7g/6NvBfWbnSPQ3Nxe"},"_chains":{"BUotHXWCICjlnwKAUQr6mbW0HnoeF+7XRtdb8cguWtN8":{"chainKey":{"counter":0,"key":"gAXgms65fkObpqK/4nBG080FhZHEN3OI/Yd+pZUKpF0="},"chainType":1,"messageKeys":{}}},"pendingPreKey":{"signedKeyId":6243081,"baseKey":"BUjPeg0DAH6U5EHxsGwaOg/1MwVDfbaC+AyegATGrY8f","preKeyId":6851}}},"version":"v1"}