{"_sessions":{"BWCknHY8yDsGhtjAPZvqgT+hcKCvXormaY2DiZ5QVa4C":{"registrationId":1205842147,"currentRatchet":{"ephemeralKeyPair":{"pubKey":"BSgoTYtInaYAIMp1EsnJm0y3+JjwMBdcjc1Jnmnr7J0a","privKey":"oDCrVfhltgRg0Vjybc4rCjLzIA9JC6drJJuEv809wkw="},"lastRemoteEphemeralKey":"BS+W4NYsB4QIeVbXtha42nXE0e7AdFDqPRYrO4C+Qyla","previousCounter":0,"rootKey":"MLPcWY2V1DU3PXbJAOowXUm6okxAuJV5/CnEMfe2LOs="},"indexInfo":{"baseKey":"BWCknHY8yDsGhtjAPZvqgT+hcKCvXormaY2DiZ5QVa4C","baseKeyType":1,"closed":-1,"used":1755758930927,"created":1755758930927,"remoteIdentityKey":"BUjQMf8ThJJ/LRCvzhFswKE8GW4tKRH52YC4WE7hkXhl"},"_chains":{"BSgoTYtInaYAIMp1EsnJm0y3+JjwMBdcjc1Jnmnr7J0a":{"chainKey":{"counter":0,"key":"vpeAIFGo/T7iuHt59vZcfg5BABuCul24Q+YhyTSL2A0="},"chainType":1,"messageKeys":{}}},"pendingPreKey":{"signedKeyId":34,"baseKey":"BWCknHY8yDsGhtjAPZvqgT+hcKCvXormaY2DiZ5QVa4C","preKeyId":11723585}}},"version":"v1"}