{"_sessions":{"Bcy8SY+RWSsm88oa/vPxn6CyWsc90IYfQMvVqIwjdG9M":{"registrationId":305144226,"currentRatchet":{"ephemeralKeyPair":{"pubKey":"BXwSLiBL9BRfwkyEtBMH1nyt5WsaWzwoVGK4lcRmKW00","privKey":"yHVuXq0dQcJQ5v8Ve+QOeSaiIAsBZdlcT8b/Tpb4A0g="},"lastRemoteEphemeralKey":"BfilYJ8wEI3OKxDD8o0VRItxFhnGYTGCu7O78UlPYkYV","previousCounter":0,"rootKey":"shIZL60RtRzMLiBieQu255T5oP/N5QD0FIRG9RPFpk0="},"indexInfo":{"baseKey":"Bcy8SY+RWSsm88oa/vPxn6CyWsc90IYfQMvVqIwjdG9M","baseKeyType":1,"closed":-1,"used":1755758928787,"created":1755758928787,"remoteIdentityKey":"BdcHVfJ02peI3pzoyCL5rozuvvZr3cbDgb08XoqHNMl6"},"_chains":{"BXwSLiBL9BRfwkyEtBMH1nyt5WsaWzwoVGK4lcRmKW00":{"chainKey":{"counter":0,"key":"yAIHWDsCjh263kiKRGR8YKtfFuUfovL5XBMgz4Ptb6E="},"chainType":1,"messageKeys":{}}},"pendingPreKey":{"signedKeyId":9220464,"baseKey":"Bcy8SY+RWSsm88oa/vPxn6CyWsc90IYfQMvVqIwjdG9M","preKeyId":10352}}},"version":"v1"}