{"_sessions":{"BTu7KqIcqdZ7omUKZhp4RtPfbnVdhLVN58qgOrxqOvBh":{"registrationId":2118271766,"currentRatchet":{"ephemeralKeyPair":{"pubKey":"BUg9KqrpdJhDUStI7ZEKxV2cLTwaJ0HPHPQJLF8VYVNP","privKey":"gOovmDUpA8bUU7EsPmICVhgf47eze7u5AT00WvIDu0Y="},"lastRemoteEphemeralKey":"BUtxjEyxx0Ig/+IA1UpHclXewcefMw3xzEvIGgu+D8If","previousCounter":0,"rootKey":"iDKrf2gY37D6dlNlYjo7wbWzvK4D+r7gfUJXpvetMs0="},"indexInfo":{"baseKey":"BTu7KqIcqdZ7omUKZhp4RtPfbnVdhLVN58qgOrxqOvBh","baseKeyType":1,"closed":-1,"used":1755758930240,"created":1755758930240,"remoteIdentityKey":"BZbCVnLmYoFHVnhNc6U+EeU+maLG3ChtKifLYfihpCBJ"},"_chains":{"BUg9KqrpdJhDUStI7ZEKxV2cLTwaJ0HPHPQJLF8VYVNP":{"chainKey":{"counter":0,"key":"ynsIKEfxm0S3uYVWfNjnIu+iHh/Krt4Gbqku+moqdL8="},"chainType":1,"messageKeys":{}}},"pendingPreKey":{"signedKeyId":4,"baseKey":"BTu7KqIcqdZ7omUKZhp4RtPfbnVdhLVN58qgOrxqOvBh","preKeyId":10810010}}},"version":"v1"}