{"_sessions":{"Bb61oXYw7fIpH7+frXojzl0B7oWCepvbyf6uFZ93JUkq":{"registrationId":887054049,"currentRatchet":{"ephemeralKeyPair":{"pubKey":"BUn5vgXyrYfMfPSFmjsm7oDvNje7NjeU4YoBlJI21MMm","privKey":"SPCvQrpbrLTNHBHQRDSBhPMSS7h1oYlr2CCuTdsO72M="},"lastRemoteEphemeralKey":"BYqOeR5sdXfMCjLi/UGQiUAZpkOT5mLm6bLxyNUYgPM/","previousCounter":0,"rootKey":"x6yb/3oOYGJHljWMQCd2Ihzal6yqM1velfIDaSzdVNA="},"indexInfo":{"baseKey":"Bb61oXYw7fIpH7+frXojzl0B7oWCepvbyf6uFZ93JUkq","baseKeyType":1,"closed":-1,"used":1755758929332,"created":1755758929332,"remoteIdentityKey":"BeQZYMC6ekgxp3F7CAilO+IX7gshPKTGdHqDV3U/LDZx"},"_chains":{"BUn5vgXyrYfMfPSFmjsm7oDvNje7NjeU4YoBlJI21MMm":{"chainKey":{"counter":0,"key":"nzvS8WfzoMyUoOnRDe77FKuXjnLJ276yxWyzepW0d+w="},"chainType":1,"messageKeys":{}}},"pendingPreKey":{"signedKeyId":4,"baseKey":"Bb61oXYw7fIpH7+frXojzl0B7oWCepvbyf6uFZ93JUkq","preKeyId":13023355}}},"version":"v1"}