{"_sessions":{"BY9Xhykni08XtGC2ZNBEH+1ACNoN9Ca2pUGzPSFto18n":{"registrationId":886925103,"currentRatchet":{"ephemeralKeyPair":{"pubKey":"Bey1dHw4icn7SfSMo7SS0/RM25QymuVMAYRpG3UQzIAm","privKey":"GCJjqRIRxXLq3X1VAQXFhtOq0e2gozv0HUIfVYDE53s="},"lastRemoteEphemeralKey":"Basvx/ZSOhTWpqZ1asFoGtHNOxbgrdHl1qc5X7l9bz11","previousCounter":0,"rootKey":"E+pTnKO74l4P6PiD1S7b1SmFOyL12jXsK2B7nz/VfK0="},"indexInfo":{"baseKey":"BY9Xhykni08XtGC2ZNBEH+1ACNoN9Ca2pUGzPSFto18n","baseKeyType":1,"closed":-1,"used":1755758930041,"created":1755758930041,"remoteIdentityKey":"Bdo/Ji8Uv9KK1d7Yf73XU/udKvP3Vlu5JAIThBbWYKpU"},"_chains":{"Bey1dHw4icn7SfSMo7SS0/RM25QymuVMAYRpG3UQzIAm":{"chainKey":{"counter":0,"key":"lgXYhlSGAjeYDBx5fJa2Q4tQYTaDS/gKVQaBx1n/UjU="},"chainType":1,"messageKeys":{}}},"pendingPreKey":{"signedKeyId":1,"baseKey":"BY9Xhykni08XtGC2ZNBEH+1ACNoN9Ca2pUGzPSFto18n","preKeyId":11764993}}},"version":"v1"}