{"_sessions":{"BYT44CZEunwm8KW53ywFO9ipUqYOPTB8lYZEQYIANnp3":{"registrationId":498211166,"currentRatchet":{"ephemeralKeyPair":{"pubKey":"BSCZ8D3NJp24BVWJS7pXxXoGW83QZu0/TRWjCpCtNA4U","privKey":"IF8ujb5kEyQ/A86AbDCZRCH+4YObjAD3LpeidXHs4Wo="},"lastRemoteEphemeralKey":"BX8oAGPs8JTVHMta9pU2nol5iJekTQcClZ8yjINIeA9F","previousCounter":0,"rootKey":"7+qgkWsE+EFVNgPqmBri/g8F1lOEQy0YCCq4iWseGFU="},"indexInfo":{"baseKey":"BYT44CZEunwm8KW53ywFO9ipUqYOPTB8lYZEQYIANnp3","baseKeyType":1,"closed":-1,"used":1755758929795,"created":1755758929795,"remoteIdentityKey":"BXrIYv064/c9lGmFdq7gV1bn3BQUCG29Xd+2Pfz2pjlj"},"_chains":{"BSCZ8D3NJp24BVWJS7pXxXoGW83QZu0/TRWjCpCtNA4U":{"chainKey":{"counter":0,"key":"+57hM2xezPlFpquOrV2M5cwH1K1ZQJE3eT2Sgap+Ezc="},"chainType":1,"messageKeys":{}}},"pendingPreKey":{"signedKeyId":5132839,"baseKey":"BYT44CZEunwm8KW53ywFO9ipUqYOPTB8lYZEQYIANnp3","preKeyId":11658}}},"version":"v1"}