{"_sessions":{"BYEb6lZ4vRqG6ho0AYtoGkdsPqJW9eieFUCZl/EW6Q4X":{"registrationId":1316606814,"currentRatchet":{"ephemeralKeyPair":{"pubKey":"BT/kYTmbMlN69j1I8i/L1mf9aq1d4jgYSFqQOX5qY4N5","privKey":"cABa07Js/jukJBcOjqtDCwH8dJJJRcEWanRLQD6mxlo="},"lastRemoteEphemeralKey":"BX72VcAdGoDTvm0yHDW8pTF+TNpnAv1CbY05fwwJmmAc","previousCounter":0,"rootKey":"RyJ+srcILWjTdX3H/wsgw5i3jsluvLdIipC34HSm9ds="},"indexInfo":{"baseKey":"BYEb6lZ4vRqG6ho0AYtoGkdsPqJW9eieFUCZl/EW6Q4X","baseKeyType":1,"closed":-1,"used":1755758929241,"created":1755758929241,"remoteIdentityKey":"BfvmCojbqFNPfhnSAzj26r6soGnFV7XKxjLzkcRtmllF"},"_chains":{"BT/kYTmbMlN69j1I8i/L1mf9aq1d4jgYSFqQOX5qY4N5":{"chainKey":{"counter":0,"key":"6ZhU418Tyvwq4geeagtryjyMa0Z7Y3j1wBYhyg2egas="},"chainType":1,"messageKeys":{}}},"pendingPreKey":{"signedKeyId":11,"baseKey":"BYEb6lZ4vRqG6ho0AYtoGkdsPqJW9eieFUCZl/EW6Q4X","preKeyId":3038831}}},"version":"v1"}