{"_sessions":{"BZl5Vu+vqX7CEGMCSO/31wZ6+L1C9fmVbiKtY0YwqREm":{"registrationId":130573895,"currentRatchet":{"ephemeralKeyPair":{"pubKey":"BVe7eCoDC0oHPve3hDTUlXi58BRV0HE6QNeeFw4pT5hJ","privKey":"sOW/pZZJWdHDPi9eV7OiMeYXYc+TCFiSlKGPymGGcmg="},"lastRemoteEphemeralKey":"BamQBJ9JYUd0P+j50YsKPe7GZTV64fTDhnaiS+ST3Mwl","previousCounter":0,"rootKey":"XD2cXnasZdAdebfzNfwyZyFJjvmDpYlkQMz0LcvVBB4="},"indexInfo":{"baseKey":"BZl5Vu+vqX7CEGMCSO/31wZ6+L1C9fmVbiKtY0YwqREm","baseKeyType":1,"closed":-1,"used":1755758930047,"created":1755758930047,"remoteIdentityKey":"Bdf1QQek3fqfeWr/EqOB+w4TsgGFR/GTHXZkhXoqpp56"},"_chains":{"BVe7eCoDC0oHPve3hDTUlXi58BRV0HE6QNeeFw4pT5hJ":{"chainKey":{"counter":0,"key":"fVFiQ/m/WnXAardUnhXROKEJ1VUrLoYslNIjKivA7X8="},"chainType":1,"messageKeys":{}}},"pendingPreKey":{"signedKeyId":459478,"baseKey":"BZl5Vu+vqX7CEGMCSO/31wZ6+L1C9fmVbiKtY0YwqREm","preKeyId":10963}}},"version":"v1"}