{"_sessions":{"BQwFkGZ4xHJ1d2HcUZBL95VpiBWQ8KXh52n+kheNulRJ":{"registrationId":1250553969,"currentRatchet":{"ephemeralKeyPair":{"pubKey":"BTQRyc6VsZJMveZgDCnSS0WGG4rS5GTIDkuKNJiP8ut0","privKey":"yBi4bSWYIEsyRCNhUhaWXU6m3H0/9lXmQ4D0sVxz2Eo="},"lastRemoteEphemeralKey":"BSSiU3jQGi4UyrF4sczvv1jqYbY47niALy9/pAdZXkVw","previousCounter":0,"rootKey":"WppPo9QHrPgwPytaJLkGI2rZX/5/3bsCBY/FcfjHCwo="},"indexInfo":{"baseKey":"BQwFkGZ4xHJ1d2HcUZBL95VpiBWQ8KXh52n+kheNulRJ","baseKeyType":1,"closed":-1,"used":1755758928623,"created":1755758928623,"remoteIdentityKey":"Bf8SYB0GMy0ZHMl/2jC0EtKOxHOU6knKYnwqdUpgT/9k"},"_chains":{"BTQRyc6VsZJMveZgDCnSS0WGG4rS5GTIDkuKNJiP8ut0":{"chainKey":{"counter":0,"key":"q1hVfn4+lNReQKQ1VGLwJ06AluBX2gGg/+DPczGOj2E="},"chainType":1,"messageKeys":{}}},"pendingPreKey":{"signedKeyId":15331485,"baseKey":"BQwFkGZ4xHJ1d2HcUZBL95VpiBWQ8KXh52n+kheNulRJ","preKeyId":15323}}},"version":"v1"}