{"_sessions":{"BUkK52bVzhDnCQEBFFymdcevkYBmez5psk/LPeWKrBdx":{"registrationId":170210365,"currentRatchet":{"ephemeralKeyPair":{"pubKey":"BaIq/j5ojnqeRL6P8xYb/0LJUQJ/cz2Zx6J+YnTowopc","privKey":"mBNDMcwkXsTYfPjGEqj/cq0wkoLemadX1p28qmIRrGw="},"lastRemoteEphemeralKey":"BYbdtozHHWFD/MZWgfBrKxOynDAzsaYolWWsiTUuM5I7","previousCounter":0,"rootKey":"VbMQRNsINaZsS+TF609czAFG2Ka6WsXxKTdroTuNU7s="},"indexInfo":{"baseKey":"BUkK52bVzhDnCQEBFFymdcevkYBmez5psk/LPeWKrBdx","baseKeyType":1,"closed":-1,"used":1755758930261,"created":1755758930261,"remoteIdentityKey":"BWK275D9/2jpSvvsZ767Eq5dohNxF2D3dd5fBLfSfgAs"},"_chains":{"BaIq/j5ojnqeRL6P8xYb/0LJUQJ/cz2Zx6J+YnTowopc":{"chainKey":{"counter":0,"key":"MrBGdqTclOzMlnoK035+MzTy6fS7DhOoiMOTVbs7P7U="},"chainType":1,"messageKeys":{}}},"pendingPreKey":{"signedKeyId":9,"baseKey":"BUkK52bVzhDnCQEBFFymdcevkYBmez5psk/LPeWKrBdx","preKeyId":10030390}}},"version":"v1"}