{"_sessions":{"BY4CbmsQ48gEYSTnTX7+ZytaVXL/P0H9a1Tc7alzjqkW":{"registrationId":1398012166,"currentRatchet":{"ephemeralKeyPair":{"pubKey":"Bfu+dKUklnnbwJzZ3fDmsQ5S4n2b4PCWLfy/t4/LR4Ed","privKey":"YDgFKcNTdNM0/49xbgn1CIBrJxYdzlMO3CzCBa/RwVc="},"lastRemoteEphemeralKey":"BdIxzH5IVS9avR91O6IU28FqLVZcvU3VuCmOsuz9ZlJ1","previousCounter":0,"rootKey":"y8yXtGRk8m7QbJmbho4T/RuxpdarseKUlz9e4nzkYX4="},"indexInfo":{"baseKey":"BY4CbmsQ48gEYSTnTX7+ZytaVXL/P0H9a1Tc7alzjqkW","baseKeyType":1,"closed":-1,"used":1755758930561,"created":1755758930561,"remoteIdentityKey":"BTlD7z+K1e+R370YzXmUtiCTFDe9h9BOZwRZGBloaTlA"},"_chains":{"Bfu+dKUklnnbwJzZ3fDmsQ5S4n2b4PCWLfy/t4/LR4Ed":{"chainKey":{"counter":0,"key":"QK/frRz3qbsf4IzCT5NZ3DeMwxtkoKWPvxmRnN4RXVs="},"chainType":1,"messageKeys":{}}},"pendingPreKey":{"signedKeyId":2,"baseKey":"BY4CbmsQ48gEYSTnTX7+ZytaVXL/P0H9a1Tc7alzjqkW","preKeyId":15986989}}},"version":"v1"}