{"_sessions":{"BULQnPxgE9EQmkEb4tSMkhUQ2nLpZ1/UtTxJc2TQdcBC":{"registrationId":313910257,"currentRatchet":{"ephemeralKeyPair":{"pubKey":"BYZiAtnYZWXXbw4xTaA83DFp7+jmQGhywjrSOzr8YxMu","privKey":"EOUmNHA2jCnlM5f6h9w3FiALnqRoAyPNlV0Kmx9702c="},"lastRemoteEphemeralKey":"BVF6VeeOua2EooZIN0prUR1ZoGozY5UQnmCRpxfMvR1H","previousCounter":0,"rootKey":"6lQ+DRP8WC1Cq7/JGA7eIjuxMaIsT91sYnprQnBFjb4="},"indexInfo":{"baseKey":"BULQnPxgE9EQmkEb4tSMkhUQ2nLpZ1/UtTxJc2TQdcBC","baseKeyType":1,"closed":-1,"used":1755758929920,"created":1755758929920,"remoteIdentityKey":"BTYEA94xFcQ5EsDJPwvGuopQdRlqM8l9h2+gQAwZTVds"},"_chains":{"BYZiAtnYZWXXbw4xTaA83DFp7+jmQGhywjrSOzr8YxMu":{"chainKey":{"counter":0,"key":"VAc9FxCvBxnFeAJuRNEcHgZ1ZH97b+vLX3X+2mb+e9U="},"chainType":1,"messageKeys":{}}},"pendingPreKey":{"signedKeyId":5,"baseKey":"BULQnPxgE9EQmkEb4tSMkhUQ2nLpZ1/UtTxJc2TQdcBC","preKeyId":10863746}}},"version":"v1"}