{"_sessions":{"Be45+2N38DP6pQdHB9BtWKp1ucYUUjOFeIhIiN70Nnx3":{"registrationId":339045375,"currentRatchet":{"ephemeralKeyPair":{"pubKey":"Bbpy5TcwOpzUSgwGjvBwNh6y34f8u5Vlt3tFEkDA/eIT","privKey":"QNWk0Ljfxkg3oqpQ/hDaLjVkJIQFztGO7JUdjjPlAlk="},"lastRemoteEphemeralKey":"BYwIxz5aaEI4UxKsgPM4PBgk+kuxC9foXYPgGHyYb7VV","previousCounter":0,"rootKey":"PA2Ggz5rsMyE1HJKkTNTYa39+4BDvRVdHkVz4m1E5T4="},"indexInfo":{"baseKey":"Be45+2N38DP6pQdHB9BtWKp1ucYUUjOFeIhIiN70Nnx3","baseKeyType":1,"closed":-1,"used":1755758929385,"created":1755758929385,"remoteIdentityKey":"BYcYKuaBMHd69bEQYQZqd2QgC/Retub+sV0bIWDWO/EO"},"_chains":{"Bbpy5TcwOpzUSgwGjvBwNh6y34f8u5Vlt3tFEkDA/eIT":{"chainKey":{"counter":0,"key":"N3M44xehKvdzgM0VAzJiYFqoafe0QrRV6YLEdI2p61U="},"chainType":1,"messageKeys":{}}},"pendingPreKey":{"signedKeyId":8,"baseKey":"Be45+2N38DP6pQdHB9BtWKp1ucYUUjOFeIhIiN70Nnx3","preKeyId":3507376}}},"version":"v1"}