{"_sessions":{"BW9ekYQ3Bpr2h1N2ouCL09rU0XLn/rImCk+9DyDm6cIg":{"registrationId":1918767637,"currentRatchet":{"ephemeralKeyPair":{"pubKey":"Bb4uOGpcirNOCOV870y41JIDpYS15/yLcFrVc35kxawF","privKey":"yIAlbWQMMea3wN2JGYM2nhv9Pdyj3NV6kqwqUoKN6Vw="},"lastRemoteEphemeralKey":"BeHMocXs1mbRYR7bDRxETeqwktfnuayRNGqulLkn+Stk","previousCounter":0,"rootKey":"RBEaZsFbRQgDINuwAG08H3kFYQU4WWCVC6oaRws7eKk="},"indexInfo":{"baseKey":"BW9ekYQ3Bpr2h1N2ouCL09rU0XLn/rImCk+9DyDm6cIg","baseKeyType":1,"closed":-1,"used":1755758928496,"created":1755758928496,"remoteIdentityKey":"BZNK5HobjfNsRFc2GLfPY3UJxlKVpsDHhbG0yjCC9YcG"},"_chains":{"Bb4uOGpcirNOCOV870y41JIDpYS15/yLcFrVc35kxawF":{"chainKey":{"counter":0,"key":"oXJpA3OMkfYLpvHzO2Wvmh4w/TlyNtg7HKLHt2/ipvM="},"chainType":1,"messageKeys":{}}},"pendingPreKey":{"signedKeyId":18,"baseKey":"BW9ekYQ3Bpr2h1N2ouCL09rU0XLn/rImCk+9DyDm6cIg","preKeyId":9183359}}},"version":"v1"}