{"_sessions":{"BXrKOuNu8kuFJeu2NXURcItI1JvuLDqJJsdGJDNUUc8P":{"registrationId":1782428745,"currentRatchet":{"ephemeralKeyPair":{"pubKey":"BekTsrXEdwxZZH1j/6u9rNKiZnMyIxxErihhtXpmuSAl","privKey":"SIQuEdTI8fK3dGjtUqJAzM/c7Y1gvMh9LS0vbxbKWms="},"lastRemoteEphemeralKey":"Be3y4fwRt4x4T6RY+5xH5UiNbLhb7BT2Mi0j/OOAkNNS","previousCounter":0,"rootKey":"AKtpLgtP3bkAG6e1KeN6Vvb8KWqKCuG5XF2RTsAV20I="},"indexInfo":{"baseKey":"BXrKOuNu8kuFJeu2NXURcItI1JvuLDqJJsdGJDNUUc8P","baseKeyType":1,"closed":-1,"used":1755758930540,"created":1755758930540,"remoteIdentityKey":"BcvmbGm3s778Sq37asevM6NT/8b0a6cfmk6MbjiYzmJP"},"_chains":{"BekTsrXEdwxZZH1j/6u9rNKiZnMyIxxErihhtXpmuSAl":{"chainKey":{"counter":0,"key":"4+QFqZs5lL5opbXhGVwlW3d7QRSk8m2JCX2B4y8YExU="},"chainType":1,"messageKeys":{}}},"pendingPreKey":{"signedKeyId":0,"baseKey":"BXrKOuNu8kuFJeu2NXURcItI1JvuLDqJJsdGJDNUUc8P","preKeyId":11303132}}},"version":"v1"}