{"_sessions":{"BUlWGPyjzvknoEv2PNyzLmowtz9hkGIY8G79CLaDM60+":{"registrationId":1820984508,"currentRatchet":{"ephemeralKeyPair":{"pubKey":"BYV4gusJOaUZsw36VtZdiNdp/LfJjUkEoKpbjbCCcZEW","privKey":"aGYIbmGV/dNczDiHKrcYtrR/iPvresJR6fzvoOrBcVk="},"lastRemoteEphemeralKey":"BVBg9kKdsdjvLugSHzkuC71UjDM3/Wkxg8UvT7bfe3BZ","previousCounter":0,"rootKey":"xuZez9EnZjlGH7Oe7LICaVqxO6B6SbBUnCQQbFrNYNo="},"indexInfo":{"baseKey":"BUlWGPyjzvknoEv2PNyzLmowtz9hkGIY8G79CLaDM60+","baseKeyType":1,"closed":-1,"used":1755758929784,"created":1755758929784,"remoteIdentityKey":"BQGhwOCRGXRbKNBUnH+pkhd94AC3A8G+mw52qZwrtWpk"},"_chains":{"BYV4gusJOaUZsw36VtZdiNdp/LfJjUkEoKpbjbCCcZEW":{"chainKey":{"counter":0,"key":"+i3vt0rRof9o1gVe9QX/bmMfGRNRPE3EtDqqcomnY/w="},"chainType":1,"messageKeys":{}}},"pendingPreKey":{"signedKeyId":12,"baseKey":"BUlWGPyjzvknoEv2PNyzLmowtz9hkGIY8G79CLaDM60+","preKeyId":6713286}}},"version":"v1"}