{"_sessions":{"BVyyBOcGwsYmYzWE+j3VM+8eNXTAs/n+gPd7uqS1lShc":{"registrationId":1792399588,"currentRatchet":{"ephemeralKeyPair":{"pubKey":"BSTOcevZzfCOuwZWIfmP0H0Trpm6o24y/CB1HgLwjs8v","privKey":"eK3tqcLWVrLDwlkbSumIozPp2S+7nvk6JloslGQQSVc="},"lastRemoteEphemeralKey":"BWVed/Tv5kWGbYxN9/YV8HXrwczIyZZiM2lkLFLQ5aZF","previousCounter":0,"rootKey":"hnwup6JUS1iCZ1mzIPxTCU9jlgh261KNQWs2JYeRynA="},"indexInfo":{"baseKey":"BVyyBOcGwsYmYzWE+j3VM+8eNXTAs/n+gPd7uqS1lShc","baseKeyType":1,"closed":-1,"used":1755758930359,"created":1755758930359,"remoteIdentityKey":"BbkGHrIHq84UaHK8yHJ/ej0UYAqU1vtb0ZUM03osRRdp"},"_chains":{"BSTOcevZzfCOuwZWIfmP0H0Trpm6o24y/CB1HgLwjs8v":{"chainKey":{"counter":0,"key":"dRlQEDwcRgCTlnAMN1yR5FDmhyqCGnRfthw6noggI14="},"chainType":1,"messageKeys":{}}},"pendingPreKey":{"signedKeyId":4,"baseKey":"BVyyBOcGwsYmYzWE+j3VM+8eNXTAs/n+gPd7uqS1lShc","preKeyId":5533204}}},"version":"v1"}