{"_sessions":{"BV4yPqdIAbO/D7egVCG203DASKBjUJh+PYhimMATzzEI":{"registrationId":386588687,"currentRatchet":{"ephemeralKeyPair":{"pubKey":"BcgbNn4btyTB/OAi1oQ1Z5Ak7laVkpw/TLpm7VjG9gwU","privKey":"ILewtm++6W81kZTVptv+MRWwH+G8YGDa71vRaTQNO2Y="},"lastRemoteEphemeralKey":"BZbvbrDP9OAtdUQBQ74PvAX+ddO2yqaRIKs9QttJircR","previousCounter":0,"rootKey":"Fgy6x7QGtv805sKDuDXDzPuQ/vNYyOSrY5XuLinASFo="},"indexInfo":{"baseKey":"BV4yPqdIAbO/D7egVCG203DASKBjUJh+PYhimMATzzEI","baseKeyType":1,"closed":-1,"used":1755758930271,"created":1755758930271,"remoteIdentityKey":"BcxXobjV88L7fKa9Lh6CIXG7DuPH4solphepuC47OcQ9"},"_chains":{"BcgbNn4btyTB/OAi1oQ1Z5Ak7laVkpw/TLpm7VjG9gwU":{"chainKey":{"counter":0,"key":"OVi6baDjeurHlKkVfZy4Dm++xYWFLIobgvwV+Eya3hk="},"chainType":1,"messageKeys":{}}},"pendingPreKey":{"signedKeyId":7151324,"baseKey":"BV4yPqdIAbO/D7egVCG203DASKBjUJh+PYhimMATzzEI"}}},"version":"v1"}