{"_sessions":{"BRpOIAgdL5uwJNgAugaqNhLEAt7xUQnBFhbHdsiody0I":{"registrationId":1756720470,"currentRatchet":{"ephemeralKeyPair":{"pubKey":"BWiwxfcexvK16q/cWKYVAc0Gon9DTmFWtvqRGcuCo4Z2","privKey":"WAKM+pxBr7QH85PzNg4aVFN5LAiPwG5uEuvuLQ2Bu0w="},"lastRemoteEphemeralKey":"BW9VB8GXT4ZEzlzerKL98ojBBI0B0O3eLVq7gcqwrlcj","previousCounter":0,"rootKey":"bk3c7D9MOM0PA3wOtxflV6s+a10MH/3u4NrLdZMCm4E="},"indexInfo":{"baseKey":"BRpOIAgdL5uwJNgAugaqNhLEAt7xUQnBFhbHdsiody0I","baseKeyType":1,"closed":-1,"used":1755758928365,"created":1755758928365,"remoteIdentityKey":"BcxEwSKrj80hE7xO0XUvpXsXr0Sx86yttlpsDbfAW+Uw"},"_chains":{"BWiwxfcexvK16q/cWKYVAc0Gon9DTmFWtvqRGcuCo4Z2":{"chainKey":{"counter":0,"key":"mxXclw5lWsFx8OHVH5lnsFiITAi+Y8t75qUe1GqyPto="},"chainType":1,"messageKeys":{}}},"pendingPreKey":{"signedKeyId":12706249,"baseKey":"BRpOIAgdL5uwJNgAugaqNhLEAt7xUQnBFhbHdsiody0I","preKeyId":31001}}},"version":"v1"}