{"_sessions":{"BSrHk56y/FlDJlIhcBmQEM4LI9rgzaOXXJcs+y6EBKFp":{"registrationId":1871761465,"currentRatchet":{"ephemeralKeyPair":{"pubKey":"BcC60zFv/EJI743LMEkwA7ev4OM9xpDS3sXMza5weIZI","privKey":"mOejrfP1ykQlEyBw1IaZ+T4PVTQqS4493OV4KPKGIHQ="},"lastRemoteEphemeralKey":"BePp1qdI40oEigp3pnBmdfwzyfXS+Riar1SOVl3Bv4lA","previousCounter":0,"rootKey":"gXpkmVYxcxhWZt1Q2+9XkjzzWBhTEBVd01/lEV8yPog="},"indexInfo":{"baseKey":"BSrHk56y/FlDJlIhcBmQEM4LI9rgzaOXXJcs+y6EBKFp","baseKeyType":1,"closed":-1,"used":1755758928603,"created":1755758928603,"remoteIdentityKey":"BeNA2Oyu3gQy9PvlxZmXmK7HsFD2+rxaTfiu9dbqiv4d"},"_chains":{"BcC60zFv/EJI743LMEkwA7ev4OM9xpDS3sXMza5weIZI":{"chainKey":{"counter":0,"key":"MXEOBK8BeZDaIKKuXsgCuKAn4qpc/BYo/aM8jp4nRNo="},"chainType":1,"messageKeys":{}}},"pendingPreKey":{"signedKeyId":6,"baseKey":"BSrHk56y/FlDJlIhcBmQEM4LI9rgzaOXXJcs+y6EBKFp","preKeyId":2557918}}},"version":"v1"}