{"_sessions":{"BQ89tAeOrzoT6vwu6spU/8etupW+DfjgFRLaTPMdHesA":{"registrationId":815193441,"currentRatchet":{"ephemeralKeyPair":{"pubKey":"BUdAxSr9lYe+3xfZpkSVKzy+8kyRfPkPn3XcTn5Tzu1S","privKey":"MCTz2KsnzLSX4iqROLm6/Rg7v4D+q/IpzCWF3O+GrEo="},"lastRemoteEphemeralKey":"BQchM8vafHzf23qZNfQuDBsVtCJ4z7dp9RhaK5/g8upI","previousCounter":0,"rootKey":"IahdwYDMMRd2FDbxO5Qf7KWE0UPTsF55RTAgsa1t1oY="},"indexInfo":{"baseKey":"BQ89tAeOrzoT6vwu6spU/8etupW+DfjgFRLaTPMdHesA","baseKeyType":1,"closed":-1,"used":1755758929906,"created":1755758929906,"remoteIdentityKey":"BevzExloLrTc97JcJuLhX7L+1qwSBJPoXRxaItpuYH0b"},"_chains":{"BUdAxSr9lYe+3xfZpkSVKzy+8kyRfPkPn3XcTn5Tzu1S":{"chainKey":{"counter":0,"key":"dHMP7+9QEZwb5VDLmz36/f51vME53rdgyidw71JMD0Q="},"chainType":1,"messageKeys":{}}},"pendingPreKey":{"signedKeyId":7,"baseKey":"BQ89tAeOrzoT6vwu6spU/8etupW+DfjgFRLaTPMdHesA","preKeyId":6964431}}},"version":"v1"}