{"_sessions":{"BZQD/Lx4ypVNpGfnBWZPTTSfKGZFi7x4JaWdSGK731MW":{"registrationId":1389815656,"currentRatchet":{"ephemeralKeyPair":{"pubKey":"BfgoH/JzjMOB1RHQIfQPFqvCMXfbF9rjdPeLTxBxvQ1D","privKey":"kJrVBtNqzgn46FZmBEmiJ0Jln/tpUjycLLxg7herNmM="},"lastRemoteEphemeralKey":"BYU8+beosirNIudMWKuPKdXOLpPMCkJVbmZmxN79p5E9","previousCounter":0,"rootKey":"7bCEOzyKSIYFG5QtWYlWbdz3scv7Yt7Vf2gIYcx7tdI="},"indexInfo":{"baseKey":"BZQD/Lx4ypVNpGfnBWZPTTSfKGZFi7x4JaWdSGK731MW","baseKeyType":1,"closed":-1,"used":1755758928818,"created":1755758928818,"remoteIdentityKey":"BaDS8MDcN3OnqlOzl17kcSfmm5+nUsmG3kOB/hO2jt9K"},"_chains":{"BfgoH/JzjMOB1RHQIfQPFqvCMXfbF9rjdPeLTxBxvQ1D":{"chainKey":{"counter":0,"key":"agvRUgVGNymiThrZZWycTTXtq6k1I/pkOGB5PUV5QBg="},"chainType":1,"messageKeys":{}}},"pendingPreKey":{"signedKeyId":8,"baseKey":"BZQD/Lx4ypVNpGfnBWZPTTSfKGZFi7x4JaWdSGK731MW","preKeyId":6312301}}},"version":"v1"}