{"_sessions":{"BX3MucSFf0lL9W86zkzUXeTzgki1VEmLcm6uOw30QAxL":{"registrationId":612177496,"currentRatchet":{"ephemeralKeyPair":{"pubKey":"BWRohPkvQVCtf/jgH6Q1RcXaTxkolQtBzbJy5tKp8dES","privKey":"aGU0mz2UVmYdGnyD6bRq4WsqWRJEabpVjf9BsWJaCUY="},"lastRemoteEphemeralKey":"BbeBz+p/lAsJRGh5YYhEc+wfxThUz0p27dWpZQByYI9S","previousCounter":0,"rootKey":"JzR4dHobiGvnFvZxKm4vEa4ADJ8zxnl2XbL6iPCSxHw="},"indexInfo":{"baseKey":"BX3MucSFf0lL9W86zkzUXeTzgki1VEmLcm6uOw30QAxL","baseKeyType":1,"closed":-1,"used":1755758928908,"created":1755758928908,"remoteIdentityKey":"BbW2/2m2oYR4OWfVf6YRn+nnerxl6npUZJ+LJhoO3jFW"},"_chains":{"BWRohPkvQVCtf/jgH6Q1RcXaTxkolQtBzbJy5tKp8dES":{"chainKey":{"counter":0,"key":"COPFVj6RGeYVeU9FcKliW/wbUYFzDPMYKlKmkj9/kxk="},"chainType":1,"messageKeys":{}}},"pendingPreKey":{"signedKeyId":9,"baseKey":"BX3MucSFf0lL9W86zkzUXeTzgki1VEmLcm6uOw30QAxL","preKeyId":14309471}}},"version":"v1"}