{"_sessions":{"BbMo33L7YRkGKfYiAY9TqqUdyIKWWwGgffhCkKwuVhw0":{"registrationId":1570965344,"currentRatchet":{"ephemeralKeyPair":{"pubKey":"BX5RZnyR/70fX+PyHXgD9Pv/gIU24kr9G02CwChpJwFM","privKey":"oNiqoTfIeSlZwqgxBOXstk90qfMLF/J5CmZs46VBnEM="},"lastRemoteEphemeralKey":"BXsk1JvCXRTUeS/oTSLgq5nNerUbQ5XMUvYtb2Z7xwt5","previousCounter":0,"rootKey":"mrVYPdcRIMTYMa6nDijsubE+d1r67WWD2iZJVsphR3k="},"indexInfo":{"baseKey":"BbMo33L7YRkGKfYiAY9TqqUdyIKWWwGgffhCkKwuVhw0","baseKeyType":1,"closed":-1,"used":1755758930313,"created":1755758930313,"remoteIdentityKey":"BTHK6g/DNihfCezOT1K5oHmdAY9qvgQtEyJOLW4lTHhU"},"_chains":{"BX5RZnyR/70fX+PyHXgD9Pv/gIU24kr9G02CwChpJwFM":{"chainKey":{"counter":0,"key":"l0JZCsffHKVhdRJlOsvMIt9iwePbyvflJRmZhBa8sQI="},"chainType":1,"messageKeys":{}}},"pendingPreKey":{"signedKeyId":1,"baseKey":"BbMo33L7YRkGKfYiAY9TqqUdyIKWWwGgffhCkKwuVhw0","preKeyId":11090314}}},"version":"v1"}