{"_sessions":{"BbLDm3RWvZEp44MY8mYqIQGMTDZ4ouPYIGgZ4RKRz0oU":{"registrationId":1967249354,"currentRatchet":{"ephemeralKeyPair":{"pubKey":"BRzpkeXJvDUZ49E49F3Y3Z5enpU/8TMUA6jEWZnHKbIj","privKey":"2LdSSNIw4q/jse+9wQ3+A2If632sbWoroPQBqR2Y4G8="},"lastRemoteEphemeralKey":"BXrrvOkPVqzbCV+I78swvqxe1wWIe9ItlFkx6Crl9xBt","previousCounter":0,"rootKey":"ElnQ86eq9ckQHjhK/N9CUnlPvuVeCGBbttxusOFm9z0="},"indexInfo":{"baseKey":"BbLDm3RWvZEp44MY8mYqIQGMTDZ4ouPYIGgZ4RKRz0oU","baseKeyType":1,"closed":-1,"used":1755758930364,"created":1755758930364,"remoteIdentityKey":"BRmp5WyGk7GipeXvBwS2qnYm+zcgntpkhiGjN+S77xYp"},"_chains":{"BRzpkeXJvDUZ49E49F3Y3Z5enpU/8TMUA6jEWZnHKbIj":{"chainKey":{"counter":0,"key":"IFB/rZ/rL0Lfy800yIj7U7r9Qb8S93NdXznQ5MEqIr4="},"chainType":1,"messageKeys":{}}},"pendingPreKey":{"signedKeyId":7264878,"baseKey":"BbLDm3RWvZEp44MY8mYqIQGMTDZ4ouPYIGgZ4RKRz0oU","preKeyId":25804}}},"version":"v1"}