{"_sessions":{"BU/IIxRoWbMmQOXZaj9ab0qkX1OZHtKz6xvipzG/QNsE":{"registrationId":780105511,"currentRatchet":{"ephemeralKeyPair":{"pubKey":"Bc2eNuDLWrboIbcu7tbCH6FE1NsEoxg9vY+8BgReacht","privKey":"+Ks45nfa3CXO0U11U/sagtsDAmyWzH73zE9obSCw6X0="},"lastRemoteEphemeralKey":"BUITT7if+cCOZ6LGUgc9PWGQrtLro2MUlXjdlSUfSTNY","previousCounter":0,"rootKey":"QE0E5aN6zBozwZwfCOVO+lLdxOxHF6cwJwys9PUoVqk="},"indexInfo":{"baseKey":"BU/IIxRoWbMmQOXZaj9ab0qkX1OZHtKz6xvipzG/QNsE","baseKeyType":1,"closed":-1,"used":1755758929031,"created":1755758929031,"remoteIdentityKey":"BR7gsqwd2ACy1DpCK6CVKVbhkGWqDfGCr1ABBMh7m/IK"},"_chains":{"Bc2eNuDLWrboIbcu7tbCH6FE1NsEoxg9vY+8BgReacht":{"chainKey":{"counter":0,"key":"T+xif+PfH9afqhAgdUuvXvL6Fp+AdNDdLMbu/l9HZVc="},"chainType":1,"messageKeys":{}}},"pendingPreKey":{"signedKeyId":11,"baseKey":"BU/IIxRoWbMmQOXZaj9ab0qkX1OZHtKz6xvipzG/QNsE","preKeyId":11148871}}},"version":"v1"}