{"_sessions":{"BU+dMqoQdIPCwy6sj4vW+eCiGnxgrYQBjP0bcF5rLTJm":{"registrationId":1722998935,"currentRatchet":{"ephemeralKeyPair":{"pubKey":"BW9xMxBG7o18F8DMLjXbZYKUp8TXxBnH2SZu4tEl6olK","privKey":"WFVz7w/mrLqqI5xz+noQ/OUvDI7Rh0uaUtfYD0Dmjk4="},"lastRemoteEphemeralKey":"BemhOzncDNHZlZTrqaAahKighqyOk8t6WcVniKKyf7pP","previousCounter":0,"rootKey":"b07ruNVCfylu/bZlf2kz/56JZzqUCjOwmVV01tumCTg="},"indexInfo":{"baseKey":"BU+dMqoQdIPCwy6sj4vW+eCiGnxgrYQBjP0bcF5rLTJm","baseKeyType":1,"closed":-1,"used":1755758930855,"created":1755758930855,"remoteIdentityKey":"BZ8Z5Hcvt2gWXgxw1x9+868caJ4F84QRFzmjjtxTtest"},"_chains":{"BW9xMxBG7o18F8DMLjXbZYKUp8TXxBnH2SZu4tEl6olK":{"chainKey":{"counter":0,"key":"YrlcexE2R2uhCwLD1VHXYwpznfmlCySD/dZtrOIFQlY="},"chainType":1,"messageKeys":{}}},"pendingPreKey":{"signedKeyId":17,"baseKey":"BU+dMqoQdIPCwy6sj4vW+eCiGnxgrYQBjP0bcF5rLTJm","preKeyId":3903971}}},"version":"v1"}