{"_sessions":{"BSfnNztRdFZxbGQqkIN9NgXvDKXVWcs5wU4H3nlHZywd":{"registrationId":579303152,"currentRatchet":{"ephemeralKeyPair":{"pubKey":"BfJoubRgooedyGZXcBX59YilBqstlKNgdl6LBvk/nExx","privKey":"sH4fCuQmMeF69IleySChorLaBBBddZ6Jh9d59sCewH0="},"lastRemoteEphemeralKey":"BQbn7yo3urOE+g+RZBQhukbecSaMQFyoa6Nu4TWzvCVm","previousCounter":0,"rootKey":"QPJaBSwBo8L2LeQicURWPTuM2DcysUQqFFmhJOl0lrs="},"indexInfo":{"baseKey":"BSfnNztRdFZxbGQqkIN9NgXvDKXVWcs5wU4H3nlHZywd","baseKeyType":1,"closed":-1,"used":1755758930912,"created":1755758930912,"remoteIdentityKey":"BUFwxg0I3KTQTeNERZJGdcSsXdeQqmE4CvZb9YuJ4cUw"},"_chains":{"BfJoubRgooedyGZXcBX59YilBqstlKNgdl6LBvk/nExx":{"chainKey":{"counter":0,"key":"NIWxD0O5n5SoyTnmwv707FbNl16J2sbwtk0ayEocGUI="},"chainType":1,"messageKeys":{}}},"pendingPreKey":{"signedKeyId":12822024,"baseKey":"BSfnNztRdFZxbGQqkIN9NgXvDKXVWcs5wU4H3nlHZywd","preKeyId":11677}}},"version":"v1"}