{"_sessions":{"BchC/2WDLRwIJiBXZ4FbLnMdgD7qioGbQGjeanychTM+":{"registrationId":1077597961,"currentRatchet":{"ephemeralKeyPair":{"pubKey":"BcGHfxDreaIOQ0Bz8pd2mqxjl9/hTmLKAv1Zl0v87Zxp","privKey":"kKI0bPdKewe4HkmRZvg5FZiqaqKDBRnMoJISJtA0nGo="},"lastRemoteEphemeralKey":"Ba+dwogZvUwWvsIVsb/Vk2vfkc/lq9sXy1l1pdujSUFF","previousCounter":0,"rootKey":"UzQqd+3j2DjCuODETSzu41xK5w3n1vITUYsMqF0R4yY="},"indexInfo":{"baseKey":"BchC/2WDLRwIJiBXZ4FbLnMdgD7qioGbQGjeanychTM+","baseKeyType":1,"closed":-1,"used":1755758930318,"created":1755758930318,"remoteIdentityKey":"BTVuSuyfyh77G/9ZHVUPnaW9PUN8NgsW1Yq8Wo+xr+l8"},"_chains":{"BcGHfxDreaIOQ0Bz8pd2mqxjl9/hTmLKAv1Zl0v87Zxp":{"chainKey":{"counter":0,"key":"VRK/hZVWebMF1iITzFFkA0pcRPPvL/iZSmgNfdcGnNU="},"chainType":1,"messageKeys":{}}},"pendingPreKey":{"signedKeyId":13,"baseKey":"BchC/2WDLRwIJiBXZ4FbLnMdgD7qioGbQGjeanychTM+","preKeyId":12523992}}},"version":"v1"}