{"_sessions":{"Bdw572KWulTWKmg48kNW8mczt0DPIHIUtoKLU3fuoW1E":{"registrationId":1296921092,"currentRatchet":{"ephemeralKeyPair":{"pubKey":"Bb9ECab4MYmy9fBuRfiC1oEafQ1yh7bHA3l4SQY6OXJB","privKey":"iJditn9+KxrxSMbje99VcqJngNeSa5uo9j7s6WNcVH0="},"lastRemoteEphemeralKey":"BdC0FCqAxAG142CyiDOrSkpetb1OdLz0GPlCn0aUdKJp","previousCounter":0,"rootKey":"SaOOp3BkyFiGuPvmigpPYVC3CEqa0ct7hBkhyYEJuzk="},"indexInfo":{"baseKey":"Bdw572KWulTWKmg48kNW8mczt0DPIHIUtoKLU3fuoW1E","baseKeyType":1,"closed":-1,"used":1755758928645,"created":1755758928645,"remoteIdentityKey":"BSqDuuIPpDcUw/Yj2RRKI/7Q4HJkXgV2MbOFsABmoLNn"},"_chains":{"Bb9ECab4MYmy9fBuRfiC1oEafQ1yh7bHA3l4SQY6OXJB":{"chainKey":{"counter":0,"key":"hjPTC+c4j2B438J9/7Fds+MvO2xlzUiuR3jzD++1qt0="},"chainType":1,"messageKeys":{}}},"pendingPreKey":{"signedKeyId":10535147,"baseKey":"Bdw572KWulTWKmg48kNW8mczt0DPIHIUtoKLU3fuoW1E","preKeyId":9697}}},"version":"v1"}