{"_sessions":{"BQ28UgvgVEeJQl0BG0VIat5VLMstRZZMTdERJEnk2bcW":{"registrationId":828014330,"currentRatchet":{"ephemeralKeyPair":{"pubKey":"BZjJF9w4svTqpWh8jUKEx/04PVAPEE2Zo/CH5uGLa5cl","privKey":"mCBlehthm80fSFb+YPOnM3nv0SddE+gCqRDdKBPE2ms="},"lastRemoteEphemeralKey":"Bc1EieLEiUbBC9wVyXnV7W92BnPUN1wtqg1kPLKLv4o3","previousCounter":0,"rootKey":"li2EEQEdnhnOdLNN5eArodmrfbuGGCOn8Gxt66Ul/cI="},"indexInfo":{"baseKey":"BQ28UgvgVEeJQl0BG0VIat5VLMstRZZMTdERJEnk2bcW","baseKeyType":1,"closed":-1,"used":1755758929316,"created":1755758929316,"remoteIdentityKey":"Bf2J2uBNSTZnu3OwLOyuh24MXFyr2NdiKfCwBMmsfsN3"},"_chains":{"BZjJF9w4svTqpWh8jUKEx/04PVAPEE2Zo/CH5uGLa5cl":{"chainKey":{"counter":0,"key":"h4mHxewXoowx0ro8civOtaCnht9XuVb2Dylao2+gSFw="},"chainType":1,"messageKeys":{}}},"pendingPreKey":{"signedKeyId":12,"baseKey":"BQ28UgvgVEeJQl0BG0VIat5VLMstRZZMTdERJEnk2bcW","preKeyId":1715543}}},"version":"v1"}