{"_sessions":{"BV8K/C+xgWqXuJYbWZ/KWyLjzxUmcQFOhGRVcre598RA":{"registrationId":1563939265,"currentRatchet":{"ephemeralKeyPair":{"pubKey":"BVfzJlvzMuW5WORL7YCxUVLGJy7MNSd6wUM6qJdzwiM3","privKey":"IE2agCRSPhGgfnSgctYrb8wQMzJbdQB0uBmcd/iWuVs="},"lastRemoteEphemeralKey":"Ba8p7Nsz4DSRRVdfDiYVp+wfzaEFwDacjG32wFFRhicF","previousCounter":0,"rootKey":"FV7IzZ/4YKCTxXxVnx7IQc0unKY4Evz8WUQIaObv2HQ="},"indexInfo":{"baseKey":"BV8K/C+xgWqXuJYbWZ/KWyLjzxUmcQFOhGRVcre598RA","baseKeyType":1,"closed":-1,"used":1755758928491,"created":1755758928491,"remoteIdentityKey":"BVkIE5e4/+KV24dkMGzy/ZT+RbpXcTWr7IZJMU/2/X0s"},"_chains":{"BVfzJlvzMuW5WORL7YCxUVLGJy7MNSd6wUM6qJdzwiM3":{"chainKey":{"counter":0,"key":"FGnG1tJR3Z+2x5JdJAiC/2xUzwMXE5PT1B8+XTAexag="},"chainType":1,"messageKeys":{}}},"pendingPreKey":{"signedKeyId":2858091,"baseKey":"BV8K/C+xgWqXuJYbWZ/KWyLjzxUmcQFOhGRVcre598RA","preKeyId":26370}}},"version":"v1"}