{"_sessions":{"BWX1GxVzLtYpCJgzQsJKaVoBXuiI+MK5TNUb0rJ4pepb":{"registrationId":1461817528,"currentRatchet":{"ephemeralKeyPair":{"pubKey":"Bbmx7wuzM26CtDM0IsSLJP/DtYPHhzrKFFlLy5I/5BUn","privKey":"2FCNr0dhpXvkKo2mwqK95slTYtsasoQkOCM6llN3FkQ="},"lastRemoteEphemeralKey":"BZEosuyAdX1R01ggMscBOlme27DFXwW8v7etksVvCCN6","previousCounter":0,"rootKey":"mPVa67uaRLD1on+84aozte8srpVVXsvwTgMlydqvZCc="},"indexInfo":{"baseKey":"BWX1GxVzLtYpCJgzQsJKaVoBXuiI+MK5TNUb0rJ4pepb","baseKeyType":1,"closed":-1,"used":1755758928728,"created":1755758928728,"remoteIdentityKey":"BQWhi5kwUb8E4tilrBC8Uh298tXGdU68A4zyVFsMUs9c"},"_chains":{"Bbmx7wuzM26CtDM0IsSLJP/DtYPHhzrKFFlLy5I/5BUn":{"chainKey":{"counter":0,"key":"W6EUkwVrzVY7NALI3lHYmqNOqHiokUq3cXlVUQh/Tyo="},"chainType":1,"messageKeys":{}}},"pendingPreKey":{"signedKeyId":15248627,"baseKey":"BWX1GxVzLtYpCJgzQsJKaVoBXuiI+MK5TNUb0rJ4pepb","preKeyId":24147}}},"version":"v1"}