{"_sessions":{"BR7XViQCfT90JPnFPhQ7rS8UBT8Y1ykwuuv3kjQLCyYV":{"registrationId":1534875353,"currentRatchet":{"ephemeralKeyPair":{"pubKey":"BScNlgXXU/Q3yVBteq4/1fxcIgdCDW75wQf3rA0qNllV","privKey":"sDChFfOg9rSqr/2O2xy8MXAWCJSkdmrKMigw9Z7B0n0="},"lastRemoteEphemeralKey":"BQQkzPGNjFPE4OhSxOJYM0EZvdW73hUGGdd8JgLdKK1W","previousCounter":0,"rootKey":"24AvjblDknpcggZMpq1sdQZvVMXcXIcJ7ntvkGK/v6Y="},"indexInfo":{"baseKey":"BR7XViQCfT90JPnFPhQ7rS8UBT8Y1ykwuuv3kjQLCyYV","baseKeyType":1,"closed":-1,"used":1755758929359,"created":1755758929359,"remoteIdentityKey":"BWdO6reLNgE+DwqQZ3weJNHZR/n8lNDcVuOw/OhT+u54"},"_chains":{"BScNlgXXU/Q3yVBteq4/1fxcIgdCDW75wQf3rA0qNllV":{"chainKey":{"counter":0,"key":"NTMA28bLpBWnHPT29Bx3D0Ba+dLLgc9tjmpG9VOnCwo="},"chainType":1,"messageKeys":{}}},"pendingPreKey":{"signedKeyId":2,"baseKey":"BR7XViQCfT90JPnFPhQ7rS8UBT8Y1ykwuuv3kjQLCyYV","preKeyId":12108173}}},"version":"v1"}