{"_sessions":{"BQ5WRp9ae4Bb3E7xeQ4QzOgwjHf9UiYAGcO5jRsQ9ZlC":{"registrationId":2111557493,"currentRatchet":{"ephemeralKeyPair":{"pubKey":"BQWB1QJ8fhELRvq5At3qJu/7quBJyrwEM7Ha9nDu/cUT","privKey":"IE+vUP273FG/5ONfhSibeiN+TXceNOA4ve46JRvl3Eo="},"lastRemoteEphemeralKey":"BUjfQHB8TWKOLde7aREnGErBXmy2gkX3UnjX0Nd15Rlg","previousCounter":0,"rootKey":"qxIKjUm8k3bGTRF0epS4gKqnyFh3RhlM4jhHwAYf2dM="},"indexInfo":{"baseKey":"BQ5WRp9ae4Bb3E7xeQ4QzOgwjHf9UiYAGcO5jRsQ9ZlC","baseKeyType":1,"closed":-1,"used":1755758929161,"created":1755758929161,"remoteIdentityKey":"BQD7N5hfgZIyJhWnSI245eIO4Kao4KzKldTluBPjwJNf"},"_chains":{"BQWB1QJ8fhELRvq5At3qJu/7quBJyrwEM7Ha9nDu/cUT":{"chainKey":{"counter":0,"key":"xlzVrlLXm6Qa55VXYkmDbLnAq3ab1SXC0bNB5PQc9jA="},"chainType":1,"messageKeys":{}}},"pendingPreKey":{"signedKeyId":7180731,"baseKey":"BQ5WRp9ae4Bb3E7xeQ4QzOgwjHf9UiYAGcO5jRsQ9ZlC","preKeyId":8544}}},"version":"v1"}