{"_sessions":{"BWf8i4Gij1UCN3oHY+67CfNgQ5J1PqM6EjbJuFf/K9Yd":{"registrationId":322143875,"currentRatchet":{"ephemeralKeyPair":{"pubKey":"BfWY3Mobmn25wX8bTC4055vDBG69knr5dQ8XEqNHcwIK","privKey":"oD+1auZHKOUoM56eOHXY3PzwCXtciFoYkiRRNpGQAng="},"lastRemoteEphemeralKey":"BYqRV/GHc0ukJTn+uptOyBAw2HfPyA20RpFBV/vJJtxe","previousCounter":0,"rootKey":"X2IDqFIx8FrNON2RXNKFuSvQ3RZVwF4z3sqb7qfVfKY="},"indexInfo":{"baseKey":"BWf8i4Gij1UCN3oHY+67CfNgQ5J1PqM6EjbJuFf/K9Yd","baseKeyType":1,"closed":-1,"used":1755758930799,"created":1755758930799,"remoteIdentityKey":"BbfZby9fnA/QjlERp1PsZVcPlvcWi1j8uKmCZrvubSIl"},"_chains":{"BfWY3Mobmn25wX8bTC4055vDBG69knr5dQ8XEqNHcwIK":{"chainKey":{"counter":0,"key":"XJT8On0u3lZrTIHlPT+eVJmnrbrsh41Mn/iyZ8/obis="},"chainType":1,"messageKeys":{}}},"pendingPreKey":{"signedKeyId":978781,"baseKey":"BWf8i4Gij1UCN3oHY+67CfNgQ5J1PqM6EjbJuFf/K9Yd","preKeyId":15470}}},"version":"v1"}