{"_sessions":{"BRvzPW0q2mM5/rHiQkIUD4yNN52zoYAFgUZOY20o6rAi":{"registrationId":951779091,"currentRatchet":{"ephemeralKeyPair":{"pubKey":"Bd7e/3DeycUnVSGtQ54h/vBCplP7Tny0f6xu/VFOH3N1","privKey":"cJlah8bLrrhBnEqtpEcy/F2zAtGNgPHc3gPA3JFzSH4="},"lastRemoteEphemeralKey":"BXdGMVJghcV0L2dXjCK5Oj2qgOP6wV2JE2g6NDCEyC5Z","previousCounter":0,"rootKey":"Vx2Ra/NVzm61L2J2HcMM0Piqkww5ZvhSU1GjRBFH+80="},"indexInfo":{"baseKey":"BRvzPW0q2mM5/rHiQkIUD4yNN52zoYAFgUZOY20o6rAi","baseKeyType":1,"closed":-1,"used":1755758928844,"created":1755758928844,"remoteIdentityKey":"BSZQpaHW5+05kRN4om4UFlIhhkY2lrUyag7qRRsI53Il"},"_chains":{"Bd7e/3DeycUnVSGtQ54h/vBCplP7Tny0f6xu/VFOH3N1":{"chainKey":{"counter":0,"key":"VAn6iKhtvascW+3cP6RKDcQijdcHfLi1sHQki6paye0="},"chainType":1,"messageKeys":{}}},"pendingPreKey":{"signedKeyId":8624214,"baseKey":"BRvzPW0q2mM5/rHiQkIUD4yNN52zoYAFgUZOY20o6rAi","preKeyId":23062}}},"version":"v1"}