{"_sessions":{"BWqGZU4fAFRo8lgqlH/TYklYnKsRUpdHMPHdTHPe7sEM":{"registrationId":63150924,"currentRatchet":{"ephemeralKeyPair":{"pubKey":"BQIkvNPMsUXIz8SsVxVQhtn55Jud5YU+il+k0uzamcIu","privKey":"EC33zP6ESmkzoY+hPmQVhcpG9Uq70gO4O/qXYNWrNkQ="},"lastRemoteEphemeralKey":"BQlbwFDQWs8stw4e8gCX85UwXNV7k9htM2bZJTwxonBP","previousCounter":0,"rootKey":"WBG938wISzvKzhDuDVXl7b3MLF3nQbusiJiVcSJFG0Y="},"indexInfo":{"baseKey":"BWqGZU4fAFRo8lgqlH/TYklYnKsRUpdHMPHdTHPe7sEM","baseKeyType":1,"closed":-1,"used":1755758929951,"created":1755758929951,"remoteIdentityKey":"BZCGL+Ok8lmkynM80qZmmMpXBl4V/z0whuXZFFBCmXJk"},"_chains":{"BQIkvNPMsUXIz8SsVxVQhtn55Jud5YU+il+k0uzamcIu":{"chainKey":{"counter":0,"key":"waNG88Wh46C+OnDRvvAzM0OWAEueHukwCirQl8yJTP4="},"chainType":1,"messageKeys":{}}},"pendingPreKey":{"signedKeyId":8,"baseKey":"BWqGZU4fAFRo8lgqlH/TYklYnKsRUpdHMPHdTHPe7sEM","preKeyId":5419722}}},"version":"v1"}