{"_sessions":{"BT/ddhsaJr96vYr8EMl+kBw9pAZ00yg8GZpp2SvWqoxa":{"registrationId":927367607,"currentRatchet":{"ephemeralKeyPair":{"pubKey":"BVfcKXi4kCDgsxGgv5TRSfHSR/+OouC3oDKCFMGFPo4E","privKey":"gOR4Q167Tub8b9USwQYdbhCJdzT4L+NpLJRe09RqF3I="},"lastRemoteEphemeralKey":"BddFdEoH6vl8lJXv1nj7JIzIe+0d5F52Qy2SJFCIQcBY","previousCounter":0,"rootKey":"z3c3sy/txpW8OaTfBZaTC1GGm3ZmK6SeDbI5UloJ+GM="},"indexInfo":{"baseKey":"BT/ddhsaJr96vYr8EMl+kBw9pAZ00yg8GZpp2SvWqoxa","baseKeyType":1,"closed":-1,"used":1755758929306,"created":1755758929306,"remoteIdentityKey":"Bd3Zfp4ek7zGz8NGPLLpaDkcRhiVaPixaXCP5pp6YuBp"},"_chains":{"BVfcKXi4kCDgsxGgv5TRSfHSR/+OouC3oDKCFMGFPo4E":{"chainKey":{"counter":0,"key":"wU7CA/WASJcX0+A9vx71cl6/VPAnOpre/el548esyBw="},"chainType":1,"messageKeys":{}}},"pendingPreKey":{"signedKeyId":7,"baseKey":"BT/ddhsaJr96vYr8EMl+kBw9pAZ00yg8GZpp2SvWqoxa","preKeyId":16593545}}},"version":"v1"}