{"_sessions":{"BWZVfjuIXcorLZ4DJ+V0AYejdDH5Hjtz/lqr7MAeB3lv":{"registrationId":353224592,"currentRatchet":{"ephemeralKeyPair":{"pubKey":"BUBg6m4a1zkYvEWvaf+lAi/Ch1wgV34eoblyOCoWJeFv","privKey":"eKoFm+NEqdrtB7zlHkKcWarWcucj6AEOnsDTsvYqjWI="},"lastRemoteEphemeralKey":"BfG+DIi8K6R8kugd+BY5oebSCuhHhxlPTZjtVT+ZdV83","previousCounter":0,"rootKey":"Kd3j6JVx0LxdiR7IJiVtwkP8imt8h9PMqRjZLiE/zJY="},"indexInfo":{"baseKey":"BWZVfjuIXcorLZ4DJ+V0AYejdDH5Hjtz/lqr7MAeB3lv","baseKeyType":1,"closed":-1,"used":1755758930484,"created":1755758930484,"remoteIdentityKey":"BXnNpAdtL7Lbp3cCSuaJKPsqHuXdhALBbBsteU/OFa0y"},"_chains":{"BUBg6m4a1zkYvEWvaf+lAi/Ch1wgV34eoblyOCoWJeFv":{"chainKey":{"counter":0,"key":"Zccs6hhqCE96cz1jbNi7mRohayQtIXa6LUEHJfEsbhw="},"chainType":1,"messageKeys":{}}},"pendingPreKey":{"signedKeyId":7,"baseKey":"BWZVfjuIXcorLZ4DJ+V0AYejdDH5Hjtz/lqr7MAeB3lv","preKeyId":15545453}}},"version":"v1"}