{"_sessions":{"BcDt8Fum7z2k8FZQj5neqZWC7giRA8zdPB5jp/A+8hN9":{"registrationId":1871299231,"currentRatchet":{"ephemeralKeyPair":{"pubKey":"BShTzJAjsYyhTnzvFKzf59MMIYikb4CbmNkIg+rP+iZq","privKey":"cDaGM8pkt454cFyLCvJc4+Pcm91HeabdgMHC11gvPH4="},"lastRemoteEphemeralKey":"BRTLqwKwnvSGaoOjiVqdvAMHHpx61Kx8VrjB0iTqJlRE","previousCounter":0,"rootKey":"JPRNOQ/3hOufqYZT/0MAPuU0a5hWm8e2fUmllyXUKaY="},"indexInfo":{"baseKey":"BcDt8Fum7z2k8FZQj5neqZWC7giRA8zdPB5jp/A+8hN9","baseKeyType":1,"closed":-1,"used":1755758930524,"created":1755758930524,"remoteIdentityKey":"BZll0Okurh3rXVQ/laN3EtJz9i5ZKQgDT7MgACm83ZJV"},"_chains":{"BShTzJAjsYyhTnzvFKzf59MMIYikb4CbmNkIg+rP+iZq":{"chainKey":{"counter":0,"key":"7hznSIS7KnFqqNNUw6PorgzVORfJiIDrjitUvV3N0VM="},"chainType":1,"messageKeys":{}}},"pendingPreKey":{"signedKeyId":8563667,"baseKey":"BcDt8Fum7z2k8FZQj5neqZWC7giRA8zdPB5jp/A+8hN9","preKeyId":11950}}},"version":"v1"}