{"_sessions":{"BXIQ2DDGEOjmPLuskMwnUcAHGDZ40xT5sQjF6VQKxnsD":{"registrationId":882809372,"currentRatchet":{"ephemeralKeyPair":{"pubKey":"BYRtozP88r7qI3Quqy6SglhN05brMtLxdjdmHjVsy/wH","privKey":"gP6suoP4lWc1maPkWq2N8wHpIZklGh5GTrnX3McVLkQ="},"lastRemoteEphemeralKey":"BZ3g/YGwlEWm3VQMektsZnMNHgPy/o0vJNofHYykXA8S","previousCounter":0,"rootKey":"+d6wXYw3v5ytl1xKigGxW9X28jfC3B5Z9nPbnXqiyB4="},"indexInfo":{"baseKey":"BXIQ2DDGEOjmPLuskMwnUcAHGDZ40xT5sQjF6VQKxnsD","baseKeyType":1,"closed":-1,"used":1755758929600,"created":1755758929600,"remoteIdentityKey":"Bew2q3IMHgHERRfkOOANjHC+f45gtXVykU3fG/UqlDQN"},"_chains":{"BYRtozP88r7qI3Quqy6SglhN05brMtLxdjdmHjVsy/wH":{"chainKey":{"counter":0,"key":"t454DErypYyJYZzUyGt/nOdsAZr0AEppXgmRKkzhkiI="},"chainType":1,"messageKeys":{}}},"pendingPreKey":{"signedKeyId":17,"baseKey":"BXIQ2DDGEOjmPLuskMwnUcAHGDZ40xT5sQjF6VQKxnsD","preKeyId":2587299}}},"version":"v1"}