{"_sessions":{"BU8GaD+AcxlfBc/KXtaK4pkHgyPVSVr2iyOAGhnbTJpQ":{"registrationId":107413185,"currentRatchet":{"ephemeralKeyPair":{"pubKey":"BVRJrZZj+gZgedVLjBGu4UxYpnEKjqnmgAONBxFv+a1n","privKey":"uGmTHUGMrYhcL/iVTNUKDNrUD+KNEd43AXoYdY626HM="},"lastRemoteEphemeralKey":"BUIPDd76lwdRs9EYpJK9f6BfQtaMMvB5FzK0LEFgqIAO","previousCounter":0,"rootKey":"jL/uEa/w0o8fXdsvL1AH77sGf3aUV0a/5CImuBVnvyI="},"indexInfo":{"baseKey":"BU8GaD+AcxlfBc/KXtaK4pkHgyPVSVr2iyOAGhnbTJpQ","baseKeyType":1,"closed":-1,"used":1755758929379,"created":1755758929379,"remoteIdentityKey":"BYsQRe8J2sqDcRgSKq0FBeV47nIz7q0B8I8K+3jdDfUa"},"_chains":{"BVRJrZZj+gZgedVLjBGu4UxYpnEKjqnmgAONBxFv+a1n":{"chainKey":{"counter":0,"key":"ZoFzUiLLmlIZNojT89sPcVj8YCvSn7pUvumCTr52Y9o="},"chainType":1,"messageKeys":{}}},"pendingPreKey":{"signedKeyId":10,"baseKey":"BU8GaD+AcxlfBc/KXtaK4pkHgyPVSVr2iyOAGhnbTJpQ","preKeyId":11675459}}},"version":"v1"}