{"_sessions":{"BemClQ89xp9x4RD6kzx6zlim8X1c5WWX7Ksmv7EMQGNM":{"registrationId":1970253312,"currentRatchet":{"ephemeralKeyPair":{"pubKey":"BYrzbH3rHciLBhKGv8+GYV0AaqjkbHTo0+MEGDfnUtsb","privKey":"sEokQBbAIwQ0OuI0NrRn5jMOoDdVnxyV4FfEP7lSbFc="},"lastRemoteEphemeralKey":"BY8DIq92NFt9OdvoWxA/ZvRlpNXwGKvQyg5nV6HEZSpq","previousCounter":0,"rootKey":"cPF1HuicMFChnddU5uLICtFnmd/5af8aTp1xGNPf1R4="},"indexInfo":{"baseKey":"BemClQ89xp9x4RD6kzx6zlim8X1c5WWX7Ksmv7EMQGNM","baseKeyType":1,"closed":-1,"used":1755758929548,"created":1755758929548,"remoteIdentityKey":"BbmiN9O+6B367ckQbA8s72J1NZXg0zEiity1/AnwUud8"},"_chains":{"BYrzbH3rHciLBhKGv8+GYV0AaqjkbHTo0+MEGDfnUtsb":{"chainKey":{"counter":0,"key":"HnHIFZWYXqZsF76kSBW8JgWrdDMADvSzqNdmoWoppac="},"chainType":1,"messageKeys":{}}},"pendingPreKey":{"signedKeyId":7836270,"baseKey":"BemClQ89xp9x4RD6kzx6zlim8X1c5WWX7Ksmv7EMQGNM","preKeyId":5853}}},"version":"v1"}