{"_sessions":{"Babs92qmsZ9xICtgsIv4BvT78QxXEfikPsss8uQMOPIp":{"registrationId":2079003508,"currentRatchet":{"ephemeralKeyPair":{"pubKey":"BSpsIT7gMSTXJI2jfpAzEPjAEyzxvAHSHUWjTZ3jmLFH","privKey":"AFiJV6MrdeU10JtCp8dGFQIYua+C/7i3BwLY4jWd9n4="},"lastRemoteEphemeralKey":"Bcol6Dbf/uwxQ/slNGISeCzDBfOmo811ZQyj2DEYJx46","previousCounter":0,"rootKey":"jbp6J1lGKoUEPCTCUtLb7bLgzRWyEIZnIlhkzhXTy+4="},"indexInfo":{"baseKey":"Babs92qmsZ9xICtgsIv4BvT78QxXEfikPsss8uQMOPIp","baseKeyType":1,"closed":-1,"used":1755758928427,"created":1755758928427,"remoteIdentityKey":"BYeIAb3PnFIhTUctIMPgN1yGrGCnJp8srKA42ys85cEF"},"_chains":{"BSpsIT7gMSTXJI2jfpAzEPjAEyzxvAHSHUWjTZ3jmLFH":{"chainKey":{"counter":0,"key":"/6WIum8auvSGJfKhQC74+MsZB7lmeU7AcumB52dCEUQ="},"chainType":1,"messageKeys":{}}},"pendingPreKey":{"signedKeyId":19,"baseKey":"Babs92qmsZ9xICtgsIv4BvT78QxXEfikPsss8uQMOPIp","preKeyId":15868946}}},"version":"v1"}