{"_sessions":{"BUOD1h37QCqwev1/UbdWGDiv0W+AT6AJp1M4CORhpEgP":{"registrationId":1812755731,"currentRatchet":{"ephemeralKeyPair":{"pubKey":"Bf2lwDDeqLMdyG5E7QtWywOvgr7rAqAPCGtUMr6uiBgH","privKey":"6AqQGwiMJrs91UJJVBAR7DwRZxoBJ/q1dCTCTKiPK18="},"lastRemoteEphemeralKey":"BYkeiKPu7ivBO4PcVamIshUtyuACJ2Z51N6/I7pdAwBv","previousCounter":0,"rootKey":"ZDCcJWhVKTIrstsKggTDDOvVJZvF9Xntkir/kvP0J0k="},"indexInfo":{"baseKey":"BUOD1h37QCqwev1/UbdWGDiv0W+AT6AJp1M4CORhpEgP","baseKeyType":1,"closed":-1,"used":1755758929543,"created":1755758929543,"remoteIdentityKey":"BXCjqOaz2dGdk9mbQChJ+yvF3c3k49UqJDR06ztnkd8Y"},"_chains":{"Bf2lwDDeqLMdyG5E7QtWywOvgr7rAqAPCGtUMr6uiBgH":{"chainKey":{"counter":0,"key":"NvRrn2TMEIFXILsHp5G2aUctgw0K1xViyZ5v9cc9uC8="},"chainType":1,"messageKeys":{}}},"pendingPreKey":{"signedKeyId":13,"baseKey":"BUOD1h37QCqwev1/UbdWGDiv0W+AT6AJp1M4CORhpEgP","preKeyId":9811594}}},"version":"v1"}