{"_sessions":{"BZMqceuJNv5IC6LYHsruWp8TxMTDc1RfgK/ATOXora9/":{"registrationId":289311631,"currentRatchet":{"ephemeralKeyPair":{"pubKey":"BclHIAGlgnzUpLkF5cS1AAcfk5gJbzqs0OMBUHmcxh00","privKey":"wO+yrzgwZ+Le50Z1eUl3My2w718g4/op85rBnpElY1c="},"lastRemoteEphemeralKey":"Bdkq7Xe3ZSyuVllYdgvYxd5Q5Ey7cnvzpSQU+3tP0Gwj","previousCounter":0,"rootKey":"Klv2Lv1WQgHzRFQ1RKC6iZ32I87JCFmPN63AfIH+kBU="},"indexInfo":{"baseKey":"BZMqceuJNv5IC6LYHsruWp8TxMTDc1RfgK/ATOXora9/","baseKeyType":1,"closed":-1,"used":1755758929113,"created":1755758929113,"remoteIdentityKey":"BeXwu9Py3LJ7kWOu3v33v3FmQYRayXgcZW6Qb4reHtVl"},"_chains":{"BclHIAGlgnzUpLkF5cS1AAcfk5gJbzqs0OMBUHmcxh00":{"chainKey":{"counter":0,"key":"wDmb1Ba+amNvF51xsnSTMWbvR+JF16s2VsImv4RgW8w="},"chainType":1,"messageKeys":{}}},"pendingPreKey":{"signedKeyId":12,"baseKey":"BZMqceuJNv5IC6LYHsruWp8TxMTDc1RfgK/ATOXora9/","preKeyId":15029947}}},"version":"v1"}