{"_sessions":{"BZuMjHnus+OmyOyWXj+mv41s7gtStFfUrt0triugxdNG":{"registrationId":557978227,"currentRatchet":{"ephemeralKeyPair":{"pubKey":"BY99M0oue/gdxXpR+TrdKfec+1GkAaNzZVs71RCgjd0t","privKey":"8L/YdOyb+bEMg82BkneqbRPXuC5uUTWAx7Feo4KCknA="},"lastRemoteEphemeralKey":"BY5kNmsAx/4+8xVN1hPQJMKZlyr7tTqo82HSfkyFd1Rc","previousCounter":0,"rootKey":"DB09z30YR4A9tVs4HKrnGFd6DyU1dZeJF5klnEshQMQ="},"indexInfo":{"baseKey":"BZuMjHnus+OmyOyWXj+mv41s7gtStFfUrt0triugxdNG","baseKeyType":1,"closed":-1,"used":1755758928771,"created":1755758928771,"remoteIdentityKey":"BXZRBrwWq0nfn6hRLC86zeqEiUsMwwJ0nz74glwUnoAL"},"_chains":{"BY99M0oue/gdxXpR+TrdKfec+1GkAaNzZVs71RCgjd0t":{"chainKey":{"counter":0,"key":"i3ecF9x7G9buHa1lll/Ha+VC7aBZGrFual2Qk/9Woj4="},"chainType":1,"messageKeys":{}}},"pendingPreKey":{"signedKeyId":908506,"baseKey":"BZuMjHnus+OmyOyWXj+mv41s7gtStFfUrt0triugxdNG","preKeyId":26616}}},"version":"v1"}