{"_sessions":{"BdNhkdc7eY9IkrhOUsOeW5/ISQTC2lOOmtyI1pdftpYv":{"registrationId":1033017438,"currentRatchet":{"ephemeralKeyPair":{"pubKey":"BfPngqex7pRXQglVmNJ1f0zBegvDdBA442FQqMJqGh0I","privKey":"ELJ4aOPOrqxa7PpzThA+dOE7T3WVTSew9rE5SCzf0UU="},"lastRemoteEphemeralKey":"BTpHs6irp4r9jFW5gnuVK/XBRAR2mdu+IJp1JQ+BGvFO","previousCounter":0,"rootKey":"wbDxjhBACHf8OsVn8gk60X8gEo3WO2U0CG2YAHQuJk4="},"indexInfo":{"baseKey":"BdNhkdc7eY9IkrhOUsOeW5/ISQTC2lOOmtyI1pdftpYv","baseKeyType":1,"closed":-1,"used":1755758930339,"created":1755758930339,"remoteIdentityKey":"BSohDRFSN3XcLd2kKUpyjcuQ9MHnVeEmB8ECUgy/+VM8"},"_chains":{"BfPngqex7pRXQglVmNJ1f0zBegvDdBA442FQqMJqGh0I":{"chainKey":{"counter":0,"key":"zNlpvOAQxORqODfD7rxCdxo8s55BG4ulKyulzOezZBY="},"chainType":1,"messageKeys":{}}},"pendingPreKey":{"signedKeyId":13,"baseKey":"BdNhkdc7eY9IkrhOUsOeW5/ISQTC2lOOmtyI1pdftpYv","preKeyId":3657989}}},"version":"v1"}