{"_sessions":{"BdtMw8sT4mEQfGfayU8VUo5aOPTlSLjfAPlOQ9oT7Cl9":{"registrationId":2059534570,"currentRatchet":{"ephemeralKeyPair":{"pubKey":"BRO6bzWnQiXhO/ucVKaGpo5dZ4xGyoFfDhdgAPtLNPhB","privKey":"gMyJg73Xf/7mpulJvNVoAaDUHkulOULHhIHZ+lP5N0s="},"lastRemoteEphemeralKey":"BUnKdKZVNarTamNp125oGBjQxHWXU2xin4fKks+InMt2","previousCounter":0,"rootKey":"VzPfJGF5UATaZLuJqQZk6WVu00vL80sh6jTZ5IM4GlA="},"indexInfo":{"baseKey":"BdtMw8sT4mEQfGfayU8VUo5aOPTlSLjfAPlOQ9oT7Cl9","baseKeyType":1,"closed":-1,"used":1755758929832,"created":1755758929832,"remoteIdentityKey":"BQNCsHLN6IHFWWAGTBiSfI69dJd3SC8/3KbOJBUo+5Aa"},"_chains":{"BRO6bzWnQiXhO/ucVKaGpo5dZ4xGyoFfDhdgAPtLNPhB":{"chainKey":{"counter":0,"key":"lQ2/gPEZz0V7Bilm/sTXavfZG70hh4bIe+j2fUsT4+Y="},"chainType":1,"messageKeys":{}}},"pendingPreKey":{"signedKeyId":5225790,"baseKey":"BdtMw8sT4mEQfGfayU8VUo5aOPTlSLjfAPlOQ9oT7Cl9","preKeyId":6499}}},"version":"v1"}