{"_sessions":{"BduBuCm2wnPXx0RWHiibJN6y9BgS9BMbvXFdICUc01Zz":{"registrationId":919362621,"currentRatchet":{"ephemeralKeyPair":{"pubKey":"Bc6oTBrPzZOLEjq/1jtSw1o9mkU8mgLuRnJvThD2/3M7","privKey":"8M8L8z80rjk1tiB0Nn1uymNBGhNyZ5gSFsVBky0cSVU="},"lastRemoteEphemeralKey":"Bfr40kgRVzLwzLkcrR5RVB0dbFcN6dZqruqIVSwR9r8t","previousCounter":0,"rootKey":"vtrVlEwY4UbBru8hXzA0iq6KF8zHNY+U62idpPL/d48="},"indexInfo":{"baseKey":"BduBuCm2wnPXx0RWHiibJN6y9BgS9BMbvXFdICUc01Zz","baseKeyType":1,"closed":-1,"used":1755758929247,"created":1755758929247,"remoteIdentityKey":"BVIg0LJsG/w5YfgPYiUbh0CgyjCyd8dK7WqueE+FBW1Q"},"_chains":{"Bc6oTBrPzZOLEjq/1jtSw1o9mkU8mgLuRnJvThD2/3M7":{"chainKey":{"counter":0,"key":"pdK/6Kzn3f1w7RGe2RpM8625fjGQDa4Wgki/Dl+cC7c="},"chainType":1,"messageKeys":{}}},"pendingPreKey":{"signedKeyId":12,"baseKey":"BduBuCm2wnPXx0RWHiibJN6y9BgS9BMbvXFdICUc01Zz","preKeyId":4180459}}},"version":"v1"}