{"_sessions":{"Bb/R+DHaC+i7ebkC1MDqsJGtPbfRu4yRYmj7Bl4xqk4U":{"registrationId":1976841623,"currentRatchet":{"ephemeralKeyPair":{"pubKey":"BfFXUko8BimI5ovc9nf2AkaThgTkurwAmjqyd5GGkfsA","privKey":"QCqvaOrDcWoVSy4BCI9L6t6o4UqUKyVLwi0TzD3zeEw="},"lastRemoteEphemeralKey":"BX9mr8qIIBAAnAtokYLpOfbs5U+Fwf9Yq53sFURM7RoJ","previousCounter":0,"rootKey":"EQJo3kfuLoz4exPu553q7sHP7YtvnkcCD/yg4Egp/jI="},"indexInfo":{"baseKey":"Bb/R+DHaC+i7ebkC1MDqsJGtPbfRu4yRYmj7Bl4xqk4U","baseKeyType":1,"closed":-1,"used":1755758928383,"created":1755758928383,"remoteIdentityKey":"BTMSsUSIQP/1TJL/WNqk6ySdNZYWSncp/phWi17htaJd"},"_chains":{"BfFXUko8BimI5ovc9nf2AkaThgTkurwAmjqyd5GGkfsA":{"chainKey":{"counter":0,"key":"VLpijQlmZCHBrsw0wPLSuACutXpu+uK3E07ZEty4rDY="},"chainType":1,"messageKeys":{}}},"pendingPreKey":{"signedKeyId":7014585,"baseKey":"Bb/R+DHaC+i7ebkC1MDqsJGtPbfRu4yRYmj7Bl4xqk4U","preKeyId":5836}}},"version":"v1"}