{"_sessions":{"BQtl5z81crFwP4cczE6UsGGTx+KkZk3w2H7EOnqeID4o":{"registrationId":1742723665,"currentRatchet":{"ephemeralKeyPair":{"pubKey":"BfcOjEN+7DJMCH/rNHaoWbbSXxaMonBFuda04pxjqKcL","privKey":"0OEXi6Z47Ay7Mup+OvduOFuJ020eS63KAhRVGpKWiWg="},"lastRemoteEphemeralKey":"BU21ue9SwAQT4LzzawqEdxEvbGTvxCUPJp8AiJ/JqBkw","previousCounter":0,"rootKey":"rktAghLT0lT3xeBwk+cqzrVH4l6z5YfUBL9m/3suG8g="},"indexInfo":{"baseKey":"BQtl5z81crFwP4cczE6UsGGTx+KkZk3w2H7EOnqeID4o","baseKeyType":1,"closed":-1,"used":1755758929558,"created":1755758929558,"remoteIdentityKey":"BXWVr+3Y+jij+WqYRJntorQC07nDKTV9QbriUGscWxJM"},"_chains":{"BfcOjEN+7DJMCH/rNHaoWbbSXxaMonBFuda04pxjqKcL":{"chainKey":{"counter":0,"key":"QH9i4zH53is0hwbSZAOO/O3QqGrWDMi3bNpJJ5xnAtA="},"chainType":1,"messageKeys":{}}},"pendingPreKey":{"signedKeyId":7570407,"baseKey":"BQtl5z81crFwP4cczE6UsGGTx+KkZk3w2H7EOnqeID4o","preKeyId":3474}}},"version":"v1"}