{"_sessions":{"BcJVUyLy6ho5+9gFOkWvqXakq3DNk8wEUU7+/bJA9rNx":{"registrationId":1965980685,"currentRatchet":{"ephemeralKeyPair":{"pubKey":"BXP0WJXe8TD8LuKtqohYRG4v/3WFdGaJjkoutUtJozom","privKey":"8BMLRzG+wchyJT+CUPIFQIV0eb/zHipFGmcNXSVD0kA="},"lastRemoteEphemeralKey":"BRHc7mBvtQbi4H4hc/TQGiJnKnAwB0tZyM5dptbvyCAh","previousCounter":0,"rootKey":"45Ak+hhkdf6XP+pQ3yZux1rRHpKQxsOP9598FGE+qZE="},"indexInfo":{"baseKey":"BcJVUyLy6ho5+9gFOkWvqXakq3DNk8wEUU7+/bJA9rNx","baseKeyType":1,"closed":-1,"used":1755758930354,"created":1755758930354,"remoteIdentityKey":"Bed0kW2hdhubxvmg6yrOcLjTQGAL37Jm/V5V+XLYjMEL"},"_chains":{"BXP0WJXe8TD8LuKtqohYRG4v/3WFdGaJjkoutUtJozom":{"chainKey":{"counter":0,"key":"2T9gQ4Lq/4XZ29ZXFYr+BIVaTFf3RiYDtq3HpeIXCSM="},"chainType":1,"messageKeys":{}}},"pendingPreKey":{"signedKeyId":9589192,"baseKey":"BcJVUyLy6ho5+9gFOkWvqXakq3DNk8wEUU7+/bJA9rNx","preKeyId":5676}}},"version":"v1"}