{"_sessions":{"BcNMXQ5LGVzwJiLBpJZr4gF3si/zsYXxDs9Vs9oGFWtM":{"registrationId":2051689433,"currentRatchet":{"ephemeralKeyPair":{"pubKey":"BSysWZfP5Qn+XR9PIAYotdFkvzd8jnDTdgno0s3HmK90","privKey":"8EMsg0q/94Cj8fUb92d4mMEdZgh05cOGHRrtEoTjyFk="},"lastRemoteEphemeralKey":"BcgNc0CkI3j8BTYHXp2o1+zzplRCdtZMBEaITAnsGQUE","previousCounter":0,"rootKey":"M/NMavHXWNyAQkChbjJWb8QTjBDT50aj8KMTEjazvkk="},"indexInfo":{"baseKey":"BcNMXQ5LGVzwJiLBpJZr4gF3si/zsYXxDs9Vs9oGFWtM","baseKeyType":1,"closed":-1,"used":1755758928475,"created":1755758928475,"remoteIdentityKey":"BbH8+VrhmgTrwq5KJ5ULCofmAtWq8jL4mAbrJWcQondj"},"_chains":{"BSysWZfP5Qn+XR9PIAYotdFkvzd8jnDTdgno0s3HmK90":{"chainKey":{"counter":0,"key":"l1+miBB4ONWFMU9TUnQAamwoDuRMthgn359TI5zKHeA="},"chainType":1,"messageKeys":{}}},"pendingPreKey":{"signedKeyId":4443283,"baseKey":"BcNMXQ5LGVzwJiLBpJZr4gF3si/zsYXxDs9Vs9oGFWtM","preKeyId":22425}}},"version":"v1"}