{"_sessions":{"BSF66RLnLMG7rGxRGJ3st4mQ8L4d09s1USUNJ3WpZUp5":{"registrationId":1672526980,"currentRatchet":{"ephemeralKeyPair":{"pubKey":"BfLKbtaNKRGy5irFfduYHxg9FGnss4xkdHY91Zrx52VL","privKey":"SEHWxzR03Cnkp+pKR+Gpi3XEkWXTNU6XuJykX6gIeGQ="},"lastRemoteEphemeralKey":"BVkR1FjcQaTdj2YvgTtOQs11UA2X6M5R2X15+T0qxgUh","previousCounter":0,"rootKey":"IEaMtYNxSMFvCILvbceNkhRnAp8qFf63IYIXGpOipjo="},"indexInfo":{"baseKey":"BSF66RLnLMG7rGxRGJ3st4mQ8L4d09s1USUNJ3WpZUp5","baseKeyType":1,"closed":-1,"used":1755758929885,"created":1755758929885,"remoteIdentityKey":"BezLdZPWjXy8xIf41slNWiokTo0++kzkXUHGjpRtAx0y"},"_chains":{"BfLKbtaNKRGy5irFfduYHxg9FGnss4xkdHY91Zrx52VL":{"chainKey":{"counter":0,"key":"Wmz3H/Sx9psGUefsDdX8fKb8DIc1KEv9z7Dco+5vzhI="},"chainType":1,"messageKeys":{}}},"pendingPreKey":{"signedKeyId":0,"baseKey":"BSF66RLnLMG7rGxRGJ3st4mQ8L4d09s1USUNJ3WpZUp5","preKeyId":502618}}},"version":"v1"}