{"_sessions":{"BazzlJPoxSthaowJLQu84I2ybigThUyRw9Ih3EL4Sbc5":{"registrationId":1707162306,"currentRatchet":{"ephemeralKeyPair":{"pubKey":"BeGndHDMsiBYt5Ed9BF4PasvH3k+IEmfEnQG777/tZwl","privKey":"yORBQS8QJiiu9PE8S1GK1G2I8D3AE2IGeawmYYXAe0k="},"lastRemoteEphemeralKey":"BQ9SSP07QBPXORqWFgq8wh9rxc7wi40Q6T1KChubuM0U","previousCounter":0,"rootKey":"4ZfLrTC69ZwKSeMSmCy+bmsqj9ENabOuPlShbQKZCN0="},"indexInfo":{"baseKey":"BazzlJPoxSthaowJLQu84I2ybigThUyRw9Ih3EL4Sbc5","baseKeyType":1,"closed":-1,"used":1755758929364,"created":1755758929364,"remoteIdentityKey":"BUvc/+6r77SHxd6r+oXdxDps+QJrcuVrzv1i7sco1tBH"},"_chains":{"BeGndHDMsiBYt5Ed9BF4PasvH3k+IEmfEnQG777/tZwl":{"chainKey":{"counter":0,"key":"3RMVERq706xImDEYRGoHGE6jq+UE+PcYbU2hYPkm8OU="},"chainType":1,"messageKeys":{}}},"pendingPreKey":{"signedKeyId":5,"baseKey":"BazzlJPoxSthaowJLQu84I2ybigThUyRw9Ih3EL4Sbc5","preKeyId":5864617}}},"version":"v1"}