{"_sessions":{"BSGnRe1q8pyZCX+uhAqSaCSRLPn6verXx5YgPQBWnuh7":{"registrationId":1334579991,"currentRatchet":{"ephemeralKeyPair":{"pubKey":"Bb78s/2krZ8Vaoh2ZD7KVzGNZ76UJXiKplchGLn2AtcT","privKey":"2O7c3TfYY8kMkJsWQsOJm4QgHWEM07zi9FCjzhBLx3Q="},"lastRemoteEphemeralKey":"Bd4rhbtfuyQkpjDPlZPnvhN9xXsLj6k8VWLJJnLx830V","previousCounter":0,"rootKey":"cONQgI6Ft0kjurnAlop8qtH33BBiKco7icI5u66DDx4="},"indexInfo":{"baseKey":"BSGnRe1q8pyZCX+uhAqSaCSRLPn6verXx5YgPQBWnuh7","baseKeyType":1,"closed":-1,"used":1755758928486,"created":1755758928486,"remoteIdentityKey":"BQcXsdH4CIhdysZqVIgwpivdxAombZZix7CuL/jg4M8O"},"_chains":{"Bb78s/2krZ8Vaoh2ZD7KVzGNZ76UJXiKplchGLn2AtcT":{"chainKey":{"counter":0,"key":"qemuQ/UkBvBJae+90so/d9QiDeqEAcEde2JYXDlD590="},"chainType":1,"messageKeys":{}}},"pendingPreKey":{"signedKeyId":24,"baseKey":"BSGnRe1q8pyZCX+uhAqSaCSRLPn6verXx5YgPQBWnuh7","preKeyId":11310956}}},"version":"v1"}