{"_sessions":{"BRSiiI9lGuj+MB7rb0xiFa0dqQDx3HatGW4DSeBKuABF":{"registrationId":3972,"currentRatchet":{"ephemeralKeyPair":{"pubKey":"BSQmZvHvFhGb2ACaoM4TUCuEG2bT3O/F54cl6jPy3O5T","privKey":"+Ew63AqeVf1G+NQpg+SPCiiSHJoqzD21UZDorrBWR24="},"lastRemoteEphemeralKey":"BQAdvSxJG7yxT7/yY3sai04kk99UD/oQp/nzuHqwb+Nr","previousCounter":0,"rootKey":"qRNSIiGwthqXmw0S65Rykjzv353q3jUAExSKod4TytY="},"indexInfo":{"baseKey":"BRSiiI9lGuj+MB7rb0xiFa0dqQDx3HatGW4DSeBKuABF","baseKeyType":2,"closed":-1,"used":1755758870712,"created":1755758870712,"remoteIdentityKey":"BdHaP9FGEOfCjOqppn0tWHsfiwyClOwJdafZh0rH7+Qq"},"_chains":{"BQAdvSxJG7yxT7/yY3sai04kk99UD/oQp/nzuHqwb+Nr":{"chainKey":{"counter":0,"key":"BZPdMDXLLUpSpxYMOutJyAO5UWDuu/4UYdfW+DHqyoo="},"chainType":2,"messageKeys":{}},"BSQmZvHvFhGb2ACaoM4TUCuEG2bT3O/F54cl6jPy3O5T":{"chainKey":{"counter":-1,"key":"oj0XQ+jW04/v8iT6ZWD2FGYTrc7mDxq3Mjzc7k5Yikk="},"chainType":1,"messageKeys":{}}}}},"version":"v1"}