{"_sessions":{"BQ99d+LFGlWJuHR3NblyBkWmuIeuTzJ4Z8yM+PmUV9d+":{"registrationId":1356073024,"currentRatchet":{"ephemeralKeyPair":{"pubKey":"BTFqql8C9R5nZysyf4KFmWLQ/XzQnqjBLkE82kmoHhsn","privKey":"EIWFMoc5S/StFD/c4TVDw4pjb0PduZTKc72QG+TW7Vg="},"lastRemoteEphemeralKey":"Bd1fG/TPauGdoOlWRyOgmbpfWwMrSxiG6ewqIIEpKDhZ","previousCounter":0,"rootKey":"1JkMsGuQSrZIRR8ZjhgaZmpXexKgjHzuax2odh0qK4c="},"indexInfo":{"baseKey":"BQ99d+LFGlWJuHR3NblyBkWmuIeuTzJ4Z8yM+PmUV9d+","baseKeyType":1,"closed":-1,"used":1755758928684,"created":1755758928684,"remoteIdentityKey":"BTbhkUx3sCzmudG9enAKu+XG9w/Wypr47FSK+dFYEvog"},"_chains":{"BTFqql8C9R5nZysyf4KFmWLQ/XzQnqjBLkE82kmoHhsn":{"chainKey":{"counter":0,"key":"XXxKp9/VMYSKra46MakcF7BUIJac3rcNiuedGzfcsYY="},"chainType":1,"messageKeys":{}}},"pendingPreKey":{"signedKeyId":16133974,"baseKey":"BQ99d+LFGlWJuHR3NblyBkWmuIeuTzJ4Z8yM+PmUV9d+","preKeyId":8014}}},"version":"v1"}