{"_sessions":{"BSUPSq39bgmdNemhHM0bXzGlnXhcwQIo+iVNabaIHddz":{"registrationId":1152224059,"currentRatchet":{"ephemeralKeyPair":{"pubKey":"BSv8Jc0DWiyjLzhQtJmpiLAkoi7FerQ7pS2YKKojc0pa","privKey":"+MsFzHcmxiktJSGL1kzCGdCiyrVtLxCqLDzMSqKNfWs="},"lastRemoteEphemeralKey":"BVwwdHeQcp0xXPI+CZ0MaBMrgSvyOYFHPhHU9QLp2Mp2","previousCounter":0,"rootKey":"IPGIDRcgT0x7XW3wY1DsMb9+OXm+RZ7SaJVuARTnSKE="},"indexInfo":{"baseKey":"BSUPSq39bgmdNemhHM0bXzGlnXhcwQIo+iVNabaIHddz","baseKeyType":1,"closed":-1,"used":1755758929072,"created":1755758929072,"remoteIdentityKey":"BdbFDgeWqLzUymUjOdI/ASR/QwPocJIaCalq6MXfP0I1"},"_chains":{"BSv8Jc0DWiyjLzhQtJmpiLAkoi7FerQ7pS2YKKojc0pa":{"chainKey":{"counter":0,"key":"YqwzeLE57v4by4sGPhJwVa9BmdUVNBaCVa4WNVkY8OI="},"chainType":1,"messageKeys":{}}},"pendingPreKey":{"signedKeyId":6,"baseKey":"BSUPSq39bgmdNemhHM0bXzGlnXhcwQIo+iVNabaIHddz"}}},"version":"v1"}