{"_sessions":{"BUCu/avzIeAh7MS2AWjFjQg34DBzmfeB5hKXqqFSUoVF":{"registrationId":1787374346,"currentRatchet":{"ephemeralKeyPair":{"pubKey":"BcivZ9dwV2TuvaX1Wjk76sH0CkimL4PiWZ9+MOEWRQYl","privKey":"qKug1MbGQTyOW+Ws/bPJYo0V6xaTkkzqKnE3SJbmMHs="},"lastRemoteEphemeralKey":"BbXbKLu51h8b7Bue2KwDbgF7KcKasYMZuFrjLMvkGXET","previousCounter":0,"rootKey":"SSzDlPdlaQMP8t+rdzsKAuhIJ4nD0EbeqhEikzHdcjk="},"indexInfo":{"baseKey":"BUCu/avzIeAh7MS2AWjFjQg34DBzmfeB5hKXqqFSUoVF","baseKeyType":1,"closed":-1,"used":1755758930556,"created":1755758930556,"remoteIdentityKey":"BV9qmShhu6WScjS67sVr2vVGUZHK2E1KLkk8hkFUfD1W"},"_chains":{"BcivZ9dwV2TuvaX1Wjk76sH0CkimL4PiWZ9+MOEWRQYl":{"chainKey":{"counter":0,"key":"KQYSTMuktD2c8yah4EO3SVCn7KfYh3Lqpq+8SkY6kpY="},"chainType":1,"messageKeys":{}}},"pendingPreKey":{"signedKeyId":3,"baseKey":"BUCu/avzIeAh7MS2AWjFjQg34DBzmfeB5hKXqqFSUoVF","preKeyId":6798450}}},"version":"v1"}