{"_sessions":{"BTtk4keAXKP+MnbPfI8zI4pW1B1S5Q3CEzUhM0BOzHQ2":{"registrationId":1619243660,"currentRatchet":{"ephemeralKeyPair":{"pubKey":"BZrRGSZm0APO9K7JvpKkVX1Jh+fTFhKQ75BNZu8PPeoc","privKey":"ELqvyXQTQcecO+vqVqUDsYzChfJ8KJ1Vo9zHt31iv3s="},"lastRemoteEphemeralKey":"BayoY1JqK45Znm4COha5NpsK5rpuqoWruJItoQqHeh8H","previousCounter":0,"rootKey":"56Z3KhDAaS8onTanxVlFpjKwfn1Paq/ogh/SmQnB8vs="},"indexInfo":{"baseKey":"BTtk4keAXKP+MnbPfI8zI4pW1B1S5Q3CEzUhM0BOzHQ2","baseKeyType":1,"closed":-1,"used":1755758929842,"created":1755758929842,"remoteIdentityKey":"BXYcqUoOsdfcgQAd7NUdfLqd6bnhBCxUECJRRDTyoy9z"},"_chains":{"BZrRGSZm0APO9K7JvpKkVX1Jh+fTFhKQ75BNZu8PPeoc":{"chainKey":{"counter":0,"key":"Csj7IEsTLpTX1AFzDdW/9zRzneTgJS9cvHgeBa0fxBA="},"chainType":1,"messageKeys":{}}},"pendingPreKey":{"signedKeyId":12,"baseKey":"BTtk4keAXKP+MnbPfI8zI4pW1B1S5Q3CEzUhM0BOzHQ2","preKeyId":9005031}}},"version":"v1"}