{"_sessions":{"BRr6Pxc4mXbdpsiZgE20hLp9uaUKtzpmyncuROyYrXsY":{"registrationId":418977250,"currentRatchet":{"ephemeralKeyPair":{"pubKey":"BTI7a9Gq3xzFSUD4mepZjbx0On2hnEP8n6YlLiJwNT9v","privKey":"0DXhVUxQ/c3/4VpNeaPE7oopeBu2bZbt6XGAFp4gPWc="},"lastRemoteEphemeralKey":"BSwMRGlTuS92wncixkF4r0DdwjcPTaSadDZXXqFeWTFg","previousCounter":0,"rootKey":"bMVIUiIpBjdNHDmTR4LdGqet1PIZ64JCnm0g1XDFGXo="},"indexInfo":{"baseKey":"BRr6Pxc4mXbdpsiZgE20hLp9uaUKtzpmyncuROyYrXsY","baseKeyType":1,"closed":-1,"used":1755758930829,"created":1755758930829,"remoteIdentityKey":"BY+JO+EhDSHf1PIi88NAXWIlg2VYyRyagMqSdERC+Rs8"},"_chains":{"BTI7a9Gq3xzFSUD4mepZjbx0On2hnEP8n6YlLiJwNT9v":{"chainKey":{"counter":0,"key":"rGbfPUDHxverbqJXv9nBqtXdjSNiEuFGJv04NaSlLts="},"chainType":1,"messageKeys":{}}},"pendingPreKey":{"signedKeyId":4,"baseKey":"BRr6Pxc4mXbdpsiZgE20hLp9uaUKtzpmyncuROyYrXsY","preKeyId":5411766}}},"version":"v1"}