{"_sessions":{"Bf7hFzAz1YZ/TVARetjpnrN6cRtJVz/E9ictMTJH9YIt":{"registrationId":106297019,"currentRatchet":{"ephemeralKeyPair":{"pubKey":"BbYYiCHMDljYB7/af1DMv7QOKsJIelpCf0g9NTdEU98Q","privKey":"4GR9EJ+oQceJuDPf0h99dsPR1TASlAIFy82K6e7Y3FM="},"lastRemoteEphemeralKey":"BaL9BxdmVqVB9h4zYJ1DySfxXFSaStpzLIbFSnhMcsJY","previousCounter":0,"rootKey":"M35zDU+SlrCkrn0r22zjcRCTSGJHe51R7N0sa9yzs0E="},"indexInfo":{"baseKey":"Bf7hFzAz1YZ/TVARetjpnrN6cRtJVz/E9ictMTJH9YIt","baseKeyType":1,"closed":-1,"used":1755758930545,"created":1755758930545,"remoteIdentityKey":"BUnmFy04cUbxpBrS+2uWsM1upSpW5biIlO2ca2Xsr1hz"},"_chains":{"BbYYiCHMDljYB7/af1DMv7QOKsJIelpCf0g9NTdEU98Q":{"chainKey":{"counter":0,"key":"l7JX2/ZtjQydupUVpL5w13DrOyoHKiOgeoaq3gmJzKM="},"chainType":1,"messageKeys":{}}},"pendingPreKey":{"signedKeyId":2,"baseKey":"Bf7hFzAz1YZ/TVARetjpnrN6cRtJVz/E9ictMTJH9YIt","preKeyId":11678525}}},"version":"v1"}