{"_sessions":{"BUea+k1kkFgVSr8twn2pc7jeMwDUskUGk4p8TPKqbE5Z":{"registrationId":1890296276,"currentRatchet":{"ephemeralKeyPair":{"pubKey":"BbQLzEG+s4KSD9I9QImwWT0sJ9sQ4+G9kuU/sGZQF2cb","privKey":"KORhevsZ8wg2M4tK8kR0kznlIW9s/mawZjL+c9ctmGM="},"lastRemoteEphemeralKey":"BeWZusR8oiXKou6PmpW/z6IRPhV1Q4gLG0I5n2MpvHMZ","previousCounter":0,"rootKey":"gChCH4Jb4DkI6WtBLs5UqpL/4KqqUY9Rm1wF0bgB8rk="},"indexInfo":{"baseKey":"BUea+k1kkFgVSr8twn2pc7jeMwDUskUGk4p8TPKqbE5Z","baseKeyType":1,"closed":-1,"used":1755758929215,"created":1755758929215,"remoteIdentityKey":"BWRyRNlyQ9/KunxfSzQprA4lMe+NrpuASWG3kg8prNBa"},"_chains":{"BbQLzEG+s4KSD9I9QImwWT0sJ9sQ4+G9kuU/sGZQF2cb":{"chainKey":{"counter":0,"key":"ImPcs8+iLgWkjBOYylOqQV4M5HPwRgDa974lavNij0k="},"chainType":1,"messageKeys":{}}},"pendingPreKey":{"signedKeyId":0,"baseKey":"BUea+k1kkFgVSr8twn2pc7jeMwDUskUGk4p8TPKqbE5Z","preKeyId":9105560}}},"version":"v1"}