{"_sessions":{"BZJKIrGWf2WX35EiIRbxjby98RSZoUYG7yEKovMDO8x9":{"registrationId":1773667053,"currentRatchet":{"ephemeralKeyPair":{"pubKey":"BVc1yHo2XjeSbMm62VBYQDcElislaTl5+gJt91p/j1wl","privKey":"+PJuIrwWI+mr3XoD97lGewwfW3CvKt7lm8qF+y2GOVQ="},"lastRemoteEphemeralKey":"BU9438W8fI28mbaCBh1iGlUOGG48rTNmA8yxWR5MPgxp","previousCounter":0,"rootKey":"PWyRSM/M3aLxHzKZ0TcSc1Yb6H222xJHr6JyuwS85To="},"indexInfo":{"baseKey":"BZJKIrGWf2WX35EiIRbxjby98RSZoUYG7yEKovMDO8x9","baseKeyType":1,"closed":-1,"used":1755758929761,"created":1755758929761,"remoteIdentityKey":"BagJxSPOBAP6Api2OvR8XtF6xxvddFKuBkSvhKZ6Uhw3"},"_chains":{"BVc1yHo2XjeSbMm62VBYQDcElislaTl5+gJt91p/j1wl":{"chainKey":{"counter":0,"key":"9MCLum6wc7UtXzpZMLrBp+Y5/lPhft5in2biSoge5xs="},"chainType":1,"messageKeys":{}}},"pendingPreKey":{"signedKeyId":5355892,"baseKey":"BZJKIrGWf2WX35EiIRbxjby98RSZoUYG7yEKovMDO8x9"}}},"version":"v1"}