{"_sessions":{"BZv5l8Wwqs62B0cjdKAyR4ZsDgVfGAgr/97FNNT+9ZA6":{"registrationId":834388689,"currentRatchet":{"ephemeralKeyPair":{"pubKey":"Bf8teZX4fQt9pcK43mktpWIDZExaNh++3iUOX4i0KZt4","privKey":"yLUVTkDqN5KDVYyGR+2aZBVCngOHeHkeeqPqv7QehU0="},"lastRemoteEphemeralKey":"BfLoHnuEVl7Ti07F9eLLiDKZlmGMc7V9TFMSSmX1TD8K","previousCounter":0,"rootKey":"lumJCjJNlz0tNWIvbLvzbJSPgNOhvFQOLyImk3+3hug="},"indexInfo":{"baseKey":"BZv5l8Wwqs62B0cjdKAyR4ZsDgVfGAgr/97FNNT+9ZA6","baseKeyType":1,"closed":-1,"used":1755758930712,"created":1755758930712,"remoteIdentityKey":"Ba+oc+OeoVN+Eex4/EiyimJIzbqf3aqHMWEe07IS+/wW"},"_chains":{"Bf8teZX4fQt9pcK43mktpWIDZExaNh++3iUOX4i0KZt4":{"chainKey":{"counter":0,"key":"bCSpWgftNwbRy6W+AJUwFcibZ3tmeEvh+b5w62+0FRA="},"chainType":1,"messageKeys":{}}},"pendingPreKey":{"signedKeyId":10411250,"baseKey":"BZv5l8Wwqs62B0cjdKAyR4ZsDgVfGAgr/97FNNT+9ZA6"}}},"version":"v1"}