{"_sessions":{"BbcDf7TeZNmY+Y3mOxPyFJsIAoAOWFKJb6yHTGfe5mkc":{"registrationId":1402491350,"currentRatchet":{"ephemeralKeyPair":{"pubKey":"BbqJUKYoRCmaYR0m4oiQxLAlMthBtrIecJJgTxAo32or","privKey":"4Amg9NpytYs2Uaf3q5/Wqx2EJ4ciRgRMtwA/hnF2tVM="},"lastRemoteEphemeralKey":"Bcnac7mndzq2uw/FwaoR0N1zQJ4G+Gd6r+iJmTPY1VE8","previousCounter":0,"rootKey":"QA5zed55GpwOv2Yn8zomFRNqjcZDXQ8K/dTy28WKc6g="},"indexInfo":{"baseKey":"BbcDf7TeZNmY+Y3mOxPyFJsIAoAOWFKJb6yHTGfe5mkc","baseKeyType":1,"closed":-1,"used":1755758929579,"created":1755758929579,"remoteIdentityKey":"BRlxJ0F0TKRIGBOt8X4UFJb5W7dKJ4w2lJTBpaYLTAtY"},"_chains":{"BbqJUKYoRCmaYR0m4oiQxLAlMthBtrIecJJgTxAo32or":{"chainKey":{"counter":0,"key":"guhu/XA4xbXqqD3P1R5XZerOEhsMF9jFOG6cMSDBuHw="},"chainType":1,"messageKeys":{}}},"pendingPreKey":{"signedKeyId":2,"baseKey":"BbcDf7TeZNmY+Y3mOxPyFJsIAoAOWFKJb6yHTGfe5mkc","preKeyId":12019070}}},"version":"v1"}