{"_sessions":{"BbVjmeBEIqHp71vS++ZH+FLK34EaYJL6pPmrtEcccuEt":{"registrationId":90744305,"currentRatchet":{"ephemeralKeyPair":{"pubKey":"BXtComoKOcK5Vz1d5gL0+yBoTtlVNpe9zWQoduALzk0A","privKey":"CKZZX8Tu9Qipbl+Oc0rHnfxXqqm8brO7JT9efZvTo10="},"lastRemoteEphemeralKey":"BTpWAtOmM/5toUrxKgoLSBoCjhbKrWXdyc2TsPGx2285","previousCounter":0,"rootKey":"MvdT7RhD5DjbzoC2YyGWBbML82DOJEpT0wBkYKa4SGw="},"indexInfo":{"baseKey":"BbVjmeBEIqHp71vS++ZH+FLK34EaYJL6pPmrtEcccuEt","baseKeyType":1,"closed":-1,"used":1755758930577,"created":1755758930577,"remoteIdentityKey":"BTne7EOuXitJh2iVrOjbD0FURTYQy3zrgNxgea8idGQ5"},"_chains":{"BXtComoKOcK5Vz1d5gL0+yBoTtlVNpe9zWQoduALzk0A":{"chainKey":{"counter":0,"key":"nKPbGlMPgRvWeEpEOWtNgGq21a4yqQn4H3FKSkuJ9pU="},"chainType":1,"messageKeys":{}}},"pendingPreKey":{"signedKeyId":7,"baseKey":"BbVjmeBEIqHp71vS++ZH+FLK34EaYJL6pPmrtEcccuEt","preKeyId":12050482}}},"version":"v1"}