{"_sessions":{"BYk8YndahNjykwBGJll4fJb1yjXAM/oYgUjfZ/nLq9ds":{"registrationId":2107400293,"currentRatchet":{"ephemeralKeyPair":{"pubKey":"BazvZxXmvpvYrwOSnz61Q+6iOtUtJhz/z1erXMy97qJC","privKey":"wOklvoqAH2UpV89RCx8PPDKLxzmya+icjwlqHQ1xO1o="},"lastRemoteEphemeralKey":"BUyvP3ztx7zQf4QfxnYjQWzqhKqBDMBbtd1nZD408oBc","previousCounter":0,"rootKey":"Amkf/6u/j6zM+rnCmwfQaPDnUE2YqXrlfY36R8zRN/Q="},"indexInfo":{"baseKey":"BYk8YndahNjykwBGJll4fJb1yjXAM/oYgUjfZ/nLq9ds","baseKeyType":1,"closed":-1,"used":1755758930535,"created":1755758930535,"remoteIdentityKey":"BU3n1Tu2PBsy1dh+fq2s8E3HKKLclD7Z92j67dcnyXVp"},"_chains":{"BazvZxXmvpvYrwOSnz61Q+6iOtUtJhz/z1erXMy97qJC":{"chainKey":{"counter":0,"key":"ieWoRo2Y7w5ML2y6D8xTF3yFkIqnpoFQ6Zm5AcvoGnk="},"chainType":1,"messageKeys":{}}},"pendingPreKey":{"signedKeyId":1,"baseKey":"BYk8YndahNjykwBGJll4fJb1yjXAM/oYgUjfZ/nLq9ds","preKeyId":14360277}}},"version":"v1"}