{"_sessions":{"BV4nMJIEPWX1Ahp4KXGT0uvccrfw0BfbJI7v3mKBlfwT":{"registrationId":585252211,"currentRatchet":{"ephemeralKeyPair":{"pubKey":"BVsqnMyfSZW7qLSksX6g5kaINsEb72qQeelBA/YHgr4t","privKey":"2F6bdrlJAKsCLRW5UMkvMzrMq5mlQfL2I0X8EBofGVU="},"lastRemoteEphemeralKey":"BQQDhJumJDiUgvsWw7KkjzORsagnwZzMAPU+PKip3rM9","previousCounter":0,"rootKey":"BFOxCSUNl8qbHJFUu1YmCwzW3gOzbfiPb38jXrT5bg4="},"indexInfo":{"baseKey":"BV4nMJIEPWX1Ahp4KXGT0uvccrfw0BfbJI7v3mKBlfwT","baseKeyType":1,"closed":-1,"used":1755758929731,"created":1755758929731,"remoteIdentityKey":"BZ6QH5fl+p5AU2kqXqZgNkna2Hq9wO/T0OiLoWNhBaJ9"},"_chains":{"BVsqnMyfSZW7qLSksX6g5kaINsEb72qQeelBA/YHgr4t":{"chainKey":{"counter":0,"key":"bBH+BsAY9G+H1taP5rKZE+sJKB2LWm8TW3yEk1rscdw="},"chainType":1,"messageKeys":{}}},"pendingPreKey":{"signedKeyId":1,"baseKey":"BV4nMJIEPWX1Ahp4KXGT0uvccrfw0BfbJI7v3mKBlfwT","preKeyId":8186331}}},"version":"v1"}