{"_sessions":{"BU19wTw28L9G2R0zZatUlHMqtioBoA7Po/InbJM75ngs":{"registrationId":1137488904,"currentRatchet":{"ephemeralKeyPair":{"pubKey":"BaKTE2e8yOoXG5ZhhQaEiito5ZKXvhO55qMQQLh/IHxj","privKey":"QE0V6bYeRCdGi759JFRcJhhfwMbB8gzxPCsIY2AQj0k="},"lastRemoteEphemeralKey":"BS0PyExyjbvq3WvemPVMT1tcFPNjTIQny9YLH4QoimQN","previousCounter":0,"rootKey":"xBCw/8lNRPblOWAOboS8FdfKDQKyvnJUxhw5WWbLs5I="},"indexInfo":{"baseKey":"BU19wTw28L9G2R0zZatUlHMqtioBoA7Po/InbJM75ngs","baseKeyType":1,"closed":-1,"used":1755758929977,"created":1755758929977,"remoteIdentityKey":"BQHz2c80DnZSZjXHaTICMB2SKB8mO6MeS2f8vl1Yg28e"},"_chains":{"BaKTE2e8yOoXG5ZhhQaEiito5ZKXvhO55qMQQLh/IHxj":{"chainKey":{"counter":0,"key":"sRHatX/8icjwMGL/TF8E6egU4K/ji4j5rVHC41kkzPA="},"chainType":1,"messageKeys":{}}},"pendingPreKey":{"signedKeyId":28,"baseKey":"BU19wTw28L9G2R0zZatUlHMqtioBoA7Po/InbJM75ngs","preKeyId":9327720}}},"version":"v1"}