{"_sessions":{"BRZZCVcczTHLJqSCBMIZZhXjjEs8FSuitoYSu5GP54UR":{"registrationId":790074800,"currentRatchet":{"ephemeralKeyPair":{"pubKey":"BRcesb0BeImtH6uVjlGvqiuxQDb8zhhNlPZR1NX5+EZ9","privKey":"yBtx6awoQ43P+NQDLtQW+49LX318piRiJH493erJo2o="},"lastRemoteEphemeralKey":"BRTLC/F5xoVojvOdYahzdNwobca2dvRm6xuJ9DH/ChRV","previousCounter":0,"rootKey":"LYF8lbCXQJY2LCbffYgVObvgspGZgahCJj9RXORjRhs="},"indexInfo":{"baseKey":"BRZZCVcczTHLJqSCBMIZZhXjjEs8FSuitoYSu5GP54UR","baseKeyType":1,"closed":-1,"used":1755758930334,"created":1755758930334,"remoteIdentityKey":"BXJqWjZP0roiRIMQdtq7oz8WZDvfW6WrKmOlmmlz284W"},"_chains":{"BRcesb0BeImtH6uVjlGvqiuxQDb8zhhNlPZR1NX5+EZ9":{"chainKey":{"counter":0,"key":"B4SqvV2/0PhJRu7zNjTEd2DiUN+BWq5+750ZgANDgSM="},"chainType":1,"messageKeys":{}}},"pendingPreKey":{"signedKeyId":7,"baseKey":"BRZZCVcczTHLJqSCBMIZZhXjjEs8FSuitoYSu5GP54UR","preKeyId":11791794}}},"version":"v1"}