{"_sessions":{"Bd9gsv1ASMkhjIANiAQ2oI/J6DNJhk++RtcI6SJgzGUX":{"registrationId":1218277345,"currentRatchet":{"ephemeralKeyPair":{"pubKey":"BXd2stUAgM7uEMhupOXLKHuEhcQ5IssN8fGfbnF5m+IM","privKey":"6BfaUzUhNJ8FcfA7Qjv3vwwy4CPTWpjP9z8NxoavL24="},"lastRemoteEphemeralKey":"BfJpnZZA00Yr+crEsbm3GYLQTkC8QIcOv01+gcVkov5X","previousCounter":0,"rootKey":"+phJ/1gqi0R9ZQfhk7YC0dpBk5FJDpvRhmPgG6yBih0="},"indexInfo":{"baseKey":"Bd9gsv1ASMkhjIANiAQ2oI/J6DNJhk++RtcI6SJgzGUX","baseKeyType":1,"closed":-1,"used":1755758929284,"created":1755758929284,"remoteIdentityKey":"BRpuvg2TxJf93OV0Jy7LhoNAtuXLFR9cQniu31/28xJ3"},"_chains":{"BXd2stUAgM7uEMhupOXLKHuEhcQ5IssN8fGfbnF5m+IM":{"chainKey":{"counter":0,"key":"nVh8fuzIJKv2rXRjkufFkPzVVHB5B1wg9zR1kk3SdlA="},"chainType":1,"messageKeys":{}}},"pendingPreKey":{"signedKeyId":7,"baseKey":"Bd9gsv1ASMkhjIANiAQ2oI/J6DNJhk++RtcI6SJgzGUX","preKeyId":1711515}}},"version":"v1"}