{"_sessions":{"BUjCPhEzVnDy48ne2p9xzDXyK3hvLrbZCvBStav6y/9I":{"registrationId":1147035537,"currentRatchet":{"ephemeralKeyPair":{"pubKey":"BcUMILII3IJFYJfyViQbaXyJe19xicVM6B1KkdPPbp01","privKey":"WGAVlCM8T9k3IOZYlY7SS1mWnjAwukp/ylT92S6SK00="},"lastRemoteEphemeralKey":"BY7tcT/z9wdeZ6gYeQYzwX3JHp8n66vP/013sQ2t9Ioq","previousCounter":0,"rootKey":"uzV7NGV8ViarmlAuixYcJsWsaQPIZ8y1NLG0OxlG9+8="},"indexInfo":{"baseKey":"BUjCPhEzVnDy48ne2p9xzDXyK3hvLrbZCvBStav6y/9I","baseKeyType":1,"closed":-1,"used":1755758929998,"created":1755758929998,"remoteIdentityKey":"Bbqt2sCs6Lk5S2CGqPlVPwCA1r21FXYweEzHgygGHZBa"},"_chains":{"BcUMILII3IJFYJfyViQbaXyJe19xicVM6B1KkdPPbp01":{"chainKey":{"counter":0,"key":"uBkIHTZzCg6IQFUcX1nVpDOrI9lxjOgSA/n70yC7x0g="},"chainType":1,"messageKeys":{}}},"pendingPreKey":{"signedKeyId":8,"baseKey":"BUjCPhEzVnDy48ne2p9xzDXyK3hvLrbZCvBStav6y/9I","preKeyId":3141867}}},"version":"v1"}