{"_sessions":{"BZBaMtJ1rgK91TUgC3uZq69cJRRYVsz2LBVz5CIi1mtX":{"registrationId":1821450765,"currentRatchet":{"ephemeralKeyPair":{"pubKey":"BWt1p+/GFEjra4pdj9xxftLZa03zNSlGrOt+sa/HC6No","privKey":"AJ1gvcQ1+h88bFUVnB2cENtDEbwjATAar+Ppon1CFXs="},"lastRemoteEphemeralKey":"BVthPzrfLLfYufS3FKouTAlP6C2qlWCcaib0kPeSbHoe","previousCounter":0,"rootKey":"mMMvElcuY8zRf2d9zVXOKRXamSWpaywjXX/Y/U7H9G4="},"indexInfo":{"baseKey":"BZBaMtJ1rgK91TUgC3uZq69cJRRYVsz2LBVz5CIi1mtX","baseKeyType":1,"closed":-1,"used":1755758929848,"created":1755758929848,"remoteIdentityKey":"BQBFrEVH3+VdXgdWZABFrOy6Sku9AU/M/zvOQVxjHBIE"},"_chains":{"BWt1p+/GFEjra4pdj9xxftLZa03zNSlGrOt+sa/HC6No":{"chainKey":{"counter":0,"key":"/2iTGz0Lr/F7LAGBJOLkV8VIAt+ZeovCIwIM8F0MHpo="},"chainType":1,"messageKeys":{}}},"pendingPreKey":{"signedKeyId":14,"baseKey":"BZBaMtJ1rgK91TUgC3uZq69cJRRYVsz2LBVz5CIi1mtX","preKeyId":276762}}},"version":"v1"}