{"_sessions":{"BQXhF5OrFSPA7QANxYbG6XRH30n0dJf+nA/jWcEm/NsW":{"registrationId":471406377,"currentRatchet":{"ephemeralKeyPair":{"pubKey":"BeW2tIm/z4+2pnF+zER+DNPKuM0Ozz6p/l37imN/E1ot","privKey":"YDXlzg83Grus1bvda6bNEHorDuqNkDZFlJqy/Z2pCUQ="},"lastRemoteEphemeralKey":"BZrlYD3ns8eKIMaxh2B6BBqpBRrxQtjaLhHJDn0LGuFL","previousCounter":0,"rootKey":"U0D/Go3uz7Y8UMNTYtSeYegbPXHyeVNcQ/Suuk7ps2E="},"indexInfo":{"baseKey":"BQXhF5OrFSPA7QANxYbG6XRH30n0dJf+nA/jWcEm/NsW","baseKeyType":1,"closed":-1,"used":1755758930164,"created":1755758930164,"remoteIdentityKey":"BackN9CDn3/LnEmuTcPvYqymjUOaJhw8QhKbXF6+beU5"},"_chains":{"BeW2tIm/z4+2pnF+zER+DNPKuM0Ozz6p/l37imN/E1ot":{"chainKey":{"counter":0,"key":"Sn38fwphNRg5yh7lDg8TuwB3ncDBCKTD/T+KdKjE8LU="},"chainType":1,"messageKeys":{}}},"pendingPreKey":{"signedKeyId":8164385,"baseKey":"BQXhF5OrFSPA7QANxYbG6XRH30n0dJf+nA/jWcEm/NsW","preKeyId":4117}}},"version":"v1"}