{"_sessions":{"BeHm9d0oGldXaZsZgsOGdGGeFW/Mh3uxKLI2/+Q/pN9o":{"registrationId":502057160,"currentRatchet":{"ephemeralKeyPair":{"pubKey":"BV3MgWtzcwxPn1zWklNZxtw8Lz4SOM6pkPGleG71c4xr","privKey":"YNnzUGawdZztVvIX82wKJnSQv5Y4RLdlO+yvfQ6Ev1g="},"lastRemoteEphemeralKey":"BZRUi4ETncRzdbdCe95CexTltGCqSVGIqm9W1f/B7CQq","previousCounter":0,"rootKey":"YFllLosR2WuI6I0LkGD8vLPABdnS6fl+yrCCQ9P86o4="},"indexInfo":{"baseKey":"BeHm9d0oGldXaZsZgsOGdGGeFW/Mh3uxKLI2/+Q/pN9o","baseKeyType":1,"closed":-1,"used":1755758930592,"created":1755758930592,"remoteIdentityKey":"BVF6ymejXAoomwlHL6lwxyCh3i/3xb4LWsU8LWWostUu"},"_chains":{"BV3MgWtzcwxPn1zWklNZxtw8Lz4SOM6pkPGleG71c4xr":{"chainKey":{"counter":0,"key":"hXQwnY6gKgNbDL0W/FeoZXCMq+NOoKeXch2eprpahcs="},"chainType":1,"messageKeys":{}}},"pendingPreKey":{"signedKeyId":14577770,"baseKey":"BeHm9d0oGldXaZsZgsOGdGGeFW/Mh3uxKLI2/+Q/pN9o","preKeyId":25521}}},"version":"v1"}