{"_sessions":{"BSJYexZi7ENO7P2Zp7kNzawAhk7HIainFNevU8UMh4BZ":{"registrationId":1706725866,"currentRatchet":{"ephemeralKeyPair":{"pubKey":"BVBACQKhIA4vik8x1FgOm1KJm/QqshJ2aMcSBrba87t7","privKey":"WDCOf25CTYFXZRVIslpuWBrPTrjV/nYFXrzHUyiKbHM="},"lastRemoteEphemeralKey":"BXjblqmE1pNykcPiJ4avE+/ONncLPnLgDmtulOHLXHgP","previousCounter":0,"rootKey":"CN/UibS/KuDN8CCjGvAyMOZuIXlgd6JyjuQehWCje0c="},"indexInfo":{"baseKey":"BSJYexZi7ENO7P2Zp7kNzawAhk7HIainFNevU8UMh4BZ","baseKeyType":1,"closed":-1,"used":1755758930281,"created":1755758930281,"remoteIdentityKey":"BV4Pc6i3GlWOJuFUshWcXwYhDE5NyAWvQ3gbs8XWDlZR"},"_chains":{"BVBACQKhIA4vik8x1FgOm1KJm/QqshJ2aMcSBrba87t7":{"chainKey":{"counter":0,"key":"ndwA5ks0xyp7qcsZVWQprRLHHUtiPijXYXbu6kmzNyI="},"chainType":1,"messageKeys":{}}},"pendingPreKey":{"signedKeyId":3,"baseKey":"BSJYexZi7ENO7P2Zp7kNzawAhk7HIainFNevU8UMh4BZ","preKeyId":9838724}}},"version":"v1"}