{"_sessions":{"Be6vM20N25gxxK4OrZzdfaCLqJjcc8G+ap3A0RsZpOpa":{"registrationId":1522555968,"currentRatchet":{"ephemeralKeyPair":{"pubKey":"BQesY86CzWZ4hJ2KSOEUB1+SdGEThV3Qq2XMVRGj8AN+","privKey":"SIDgW9lwK5JUp8HZQd3TKksmNyl2jPv7khKMUeb7IUk="},"lastRemoteEphemeralKey":"BfT+BTxGd82RqAzDSBEO1qKEghG7QWSEKpL/iIy9YOJ4","previousCounter":0,"rootKey":"Plk2qfWanTX93ojif/VayfV+amHXrMfj7FVhciibNJI="},"indexInfo":{"baseKey":"Be6vM20N25gxxK4OrZzdfaCLqJjcc8G+ap3A0RsZpOpa","baseKeyType":1,"closed":-1,"used":1755758930469,"created":1755758930469,"remoteIdentityKey":"BdkZMXGj578M7xqlIaCxDy/mUku6ROGGu9W4+MgPckZ9"},"_chains":{"BQesY86CzWZ4hJ2KSOEUB1+SdGEThV3Qq2XMVRGj8AN+":{"chainKey":{"counter":0,"key":"ppck/4EC/HEnJ/140aVZyvz2dwyOFq1jIQeOv3PY/T4="},"chainType":1,"messageKeys":{}}},"pendingPreKey":{"signedKeyId":11267947,"baseKey":"Be6vM20N25gxxK4OrZzdfaCLqJjcc8G+ap3A0RsZpOpa","preKeyId":4732}}},"version":"v1"}