{"_sessions":{"BUf5zY/duqA2EAOIHLGWIazF1rWjRbH888C+1zIaOQl8":{"registrationId":1846198598,"currentRatchet":{"ephemeralKeyPair":{"pubKey":"BUGzxpJ6xhW18tLSxf8WBg0nY/QwoG/45h+dZ4xCSNpc","privKey":"UG8lXEgDxEbAn5HY0XDJhyOS5F6nLqOalC/AYhfq/Es="},"lastRemoteEphemeralKey":"Bfmwa1yvYWvKk7EPMf5G07NjK/4+e6VDoYj9zHlWKBhL","previousCounter":0,"rootKey":"b9OfDREQj+O9k4a8LIxO4boHVvjQhDy8qAQqVce1AXg="},"indexInfo":{"baseKey":"BUf5zY/duqA2EAOIHLGWIazF1rWjRbH888C+1zIaOQl8","baseKeyType":1,"closed":-1,"used":1755758929231,"created":1755758929231,"remoteIdentityKey":"BY2jQ+EkIbaVKyoxrGknfKSIzf8G2rHPBaPPeliOHgFX"},"_chains":{"BUGzxpJ6xhW18tLSxf8WBg0nY/QwoG/45h+dZ4xCSNpc":{"chainKey":{"counter":0,"key":"wEkrZmchGRht6QVWTBtc19w0hQC35I/qacdCPooNjKw="},"chainType":1,"messageKeys":{}}},"pendingPreKey":{"signedKeyId":11,"baseKey":"BUf5zY/duqA2EAOIHLGWIazF1rWjRbH888C+1zIaOQl8","preKeyId":8398250}}},"version":"v1"}