{"_sessions":{"BZBx/b6ziN3K/8yzJbKnyqO/cBkPeL399g5eszsulwJp":{"registrationId":1082663626,"currentRatchet":{"ephemeralKeyPair":{"pubKey":"BXd+xWzOuLaWZzAQToqh6nAdH6LkLg2ye3dQbPzd2HoU","privKey":"sHoLmR3UgQmj8R7NmJVVP0dFUYFDCgFybQZ4J3ASRUg="},"lastRemoteEphemeralKey":"BWIru0PWawTWkqNpfXcR1WkEsvdkeRLhpM0lDEg0JZAj","previousCounter":0,"rootKey":"X9JnMLhPWhz8752z0bbYKwOk9f4VO78q5hJaHAvzOPw="},"indexInfo":{"baseKey":"BZBx/b6ziN3K/8yzJbKnyqO/cBkPeL399g5eszsulwJp","baseKeyType":1,"closed":-1,"used":1755758928524,"created":1755758928524,"remoteIdentityKey":"Bd0hfzTEm0DKlKuUkHj3XlPJTu7JoKj95364EwNpAzUP"},"_chains":{"BXd+xWzOuLaWZzAQToqh6nAdH6LkLg2ye3dQbPzd2HoU":{"chainKey":{"counter":0,"key":"ptpfARjzP312TNfalJcTiWzzkuDFGkGiHKvyYbY58M8="},"chainType":1,"messageKeys":{}}},"pendingPreKey":{"signedKeyId":15,"baseKey":"BZBx/b6ziN3K/8yzJbKnyqO/cBkPeL399g5eszsulwJp","preKeyId":3176067}}},"version":"v1"}