{"_sessions":{"BTi+Bx55XnrzL02uILp3XrrHdzwpNYz9KHuc3vgVZYhh":{"registrationId":1811338909,"currentRatchet":{"ephemeralKeyPair":{"pubKey":"Be6PGFrw2KawMKpOVtq6unYW8v2NMkGe8GyFmLJdXEUS","privKey":"SH4AuvkluPHNUZm0HdeHwbYv05CSqFPGrQwnnt25gWM="},"lastRemoteEphemeralKey":"BfdRrcq5zMdB0qJhBRZ4XxndLim/2mlbgyF4VnROevB3","previousCounter":0,"rootKey":"+qHKFMTHgKTCJoa6noBOdMjCnMGQ2BPV3RDSq5SWsOU="},"indexInfo":{"baseKey":"BTi+Bx55XnrzL02uILp3XrrHdzwpNYz9KHuc3vgVZYhh","baseKeyType":1,"closed":-1,"used":1755758928613,"created":1755758928613,"remoteIdentityKey":"BSb9ipgevgI8MehYy8dZx7/cZWawkupWdL6NsurRJfx7"},"_chains":{"Be6PGFrw2KawMKpOVtq6unYW8v2NMkGe8GyFmLJdXEUS":{"chainKey":{"counter":0,"key":"QrJ0PzJSJ2G5Jx69EYHD//Z4EUkmNUk4MPLPPUR3F1s="},"chainType":1,"messageKeys":{}}},"pendingPreKey":{"signedKeyId":10,"baseKey":"BTi+Bx55XnrzL02uILp3XrrHdzwpNYz9KHuc3vgVZYhh","preKeyId":14515852}}},"version":"v1"}