{"_sessions":{"Bd9jw3i70Y0BKU8tNKsbf6L9it9e2AHXrpk+NwQlDOlV":{"registrationId":711674006,"currentRatchet":{"ephemeralKeyPair":{"pubKey":"BS5AhQhYu30TO3cThVISFn4QPTninklae0Qk7cWt0swK","privKey":"GA1xaE9gzWfwfS89KYaUCdvWhRRC/JZdLWCOyxfJU0M="},"lastRemoteEphemeralKey":"Be1Lmc8ahbZtmdncXnJWhlSlwU8VxxmzG9g05lDD+sIx","previousCounter":0,"rootKey":"+qFLuu9RKRI8dXC3RSEf+O9R80ttiPBRMugBxbE65Ko="},"indexInfo":{"baseKey":"Bd9jw3i70Y0BKU8tNKsbf6L9it9e2AHXrpk+NwQlDOlV","baseKeyType":1,"closed":-1,"used":1755758929311,"created":1755758929311,"remoteIdentityKey":"BUsRwPtmBQsuEyERC4m+tUeJnapX0hOrr3bQ3u8RPlJd"},"_chains":{"BS5AhQhYu30TO3cThVISFn4QPTninklae0Qk7cWt0swK":{"chainKey":{"counter":0,"key":"bmuqNv2PGl5ZmA0nMJLUcK6s9ZMGo8tgw4BsbEKDLDA="},"chainType":1,"messageKeys":{}}},"pendingPreKey":{"signedKeyId":5,"baseKey":"Bd9jw3i70Y0BKU8tNKsbf6L9it9e2AHXrpk+NwQlDOlV"}}},"version":"v1"}