{"_sessions":{"BfrELDnR3f9VJHxQia4QevUFpKM5lWwU1mD4aA+wm0FH":{"registrationId":1556411396,"currentRatchet":{"ephemeralKeyPair":{"pubKey":"BepmWCaI6FlmTOP8w7gZpZSMa+qqCfgFM6mevsn3sIxN","privKey":"EA+3EBpKbyRRM6xeAj76N4I/HaaOj0FBCq6w7xokBkA="},"lastRemoteEphemeralKey":"BcYbRfBD4A8b4O4yL5Ucqd5LYA0xClf8Hz7VX+BNAud1","previousCounter":0,"rootKey":"z7NKjfQCCFwOucBPyu+Un4EYK/sb1vbmbYbbUD2T5ME="},"indexInfo":{"baseKey":"BfrELDnR3f9VJHxQia4QevUFpKM5lWwU1mD4aA+wm0FH","baseKeyType":1,"closed":-1,"used":1755758928871,"created":1755758928871,"remoteIdentityKey":"BV8lZSE74gs8bpOizCNmSsOW8xCEmPfxJfIJLrSJ/3da"},"_chains":{"BepmWCaI6FlmTOP8w7gZpZSMa+qqCfgFM6mevsn3sIxN":{"chainKey":{"counter":0,"key":"nydRv4F4B5QwyJSqLAKqzmsqEAgqWQkbP+iuxRDrcGs="},"chainType":1,"messageKeys":{}}},"pendingPreKey":{"signedKeyId":333902,"baseKey":"BfrELDnR3f9VJHxQia4QevUFpKM5lWwU1mD4aA+wm0FH","preKeyId":17267}}},"version":"v1"}