{"_sessions":{"Bfkx1T3QQY7x9YGBQ9gYUTI2ycZAArG0ybLBCXJqEfQ2":{"registrationId":228042167,"currentRatchet":{"ephemeralKeyPair":{"pubKey":"BcECLigoiiPC47is5W5J5DaIx0zG7kg0HjWL8jRhH7ZY","privKey":"eFE6WNNof1bxTawzHh17guUxTvsBSICHC/DuDH+/mWI="},"lastRemoteEphemeralKey":"BVWrayiuYxthXPs911KG9Zgxo9ZWjBlhFoaQG7BK9WV3","previousCounter":0,"rootKey":"FMnwbjtlXjM92yFFeEkVgmCulkdpCaWVlpuFEh7DxS4="},"indexInfo":{"baseKey":"Bfkx1T3QQY7x9YGBQ9gYUTI2ycZAArG0ybLBCXJqEfQ2","baseKeyType":1,"closed":-1,"used":1755758929757,"created":1755758929757,"remoteIdentityKey":"BaMb5cDFl/sqam//t7nMPtzMEoQ9T2HDYY0OyQLvXVE5"},"_chains":{"BcECLigoiiPC47is5W5J5DaIx0zG7kg0HjWL8jRhH7ZY":{"chainKey":{"counter":0,"key":"pcP+DC7wzBVJZyb1/J3Ur8GNXbBlob8ZZbfowqEzpe0="},"chainType":1,"messageKeys":{}}},"pendingPreKey":{"signedKeyId":7808608,"baseKey":"Bfkx1T3QQY7x9YGBQ9gYUTI2ycZAArG0ybLBCXJqEfQ2","preKeyId":8107}}},"version":"v1"}