{"_sessions":{"BXx3KqrcOGi2ZFbabW2sHLL55DAkh6TUhV9TFtfmgl8k":{"registrationId":812010083,"currentRatchet":{"ephemeralKeyPair":{"pubKey":"BYkV1pHft069ODn7gSMRs/4TkLFjJKQ14eSSJ2sgpCk7","privKey":"kIjs+/XSaklkMb8XqaGYq3v1MgUXyjNU1lBYYkyPK0s="},"lastRemoteEphemeralKey":"BUfkWrwQj+pePhfgoxjn5PmmEcMIrt17V+Hrpf6/YKt4","previousCounter":0,"rootKey":"sweXzWDQGeStfotziw8Zgqik0l5gzyxhI46t8s0zkOs="},"indexInfo":{"baseKey":"BXx3KqrcOGi2ZFbabW2sHLL55DAkh6TUhV9TFtfmgl8k","baseKeyType":1,"closed":-1,"used":1755758929257,"created":1755758929257,"remoteIdentityKey":"BR4rNzG9PWA8W7DTGcC2oDJnYb/rYKaJMrF/PVavgCs8"},"_chains":{"BYkV1pHft069ODn7gSMRs/4TkLFjJKQ14eSSJ2sgpCk7":{"chainKey":{"counter":0,"key":"y/5Z7I+xBl9Q92HBHsweXpSVgg/7sGV6uzC0fgFNqQ4="},"chainType":1,"messageKeys":{}}},"pendingPreKey":{"signedKeyId":5,"baseKey":"BXx3KqrcOGi2ZFbabW2sHLL55DAkh6TUhV9TFtfmgl8k","preKeyId":8456363}}},"version":"v1"}