{"_sessions":{"BZwN+VniG2+D51Sp6fOdRsPyRnofk5qoz3zJVzUhx7EA":{"registrationId":947084437,"currentRatchet":{"ephemeralKeyPair":{"pubKey":"BUbBwQ1Oq/2anQvLS+sqevc+K+j+UmpeP2+XwHjiGIB8","privKey":"4MO4MdX9I7Bq7QdLqpuJKOajeAWnJ41kkyrpfFiDi2I="},"lastRemoteEphemeralKey":"Bf2HwPDsYWU8pAOvsoSLVrQqV/yQsrocvGIex7zypUxz","previousCounter":0,"rootKey":"EZARSt6ylJ11ts0eBBzNHxwjZDsIT1qfddBFlE3W6E0="},"indexInfo":{"baseKey":"BZwN+VniG2+D51Sp6fOdRsPyRnofk5qoz3zJVzUhx7EA","baseKeyType":1,"closed":-1,"used":1755758930778,"created":1755758930778,"remoteIdentityKey":"BYrit4rk6ebqQFRn9zRAuzre5YVHYSCN3Rahj7TZvEFs"},"_chains":{"BUbBwQ1Oq/2anQvLS+sqevc+K+j+UmpeP2+XwHjiGIB8":{"chainKey":{"counter":0,"key":"7ZjiFB2Fyz452kHOXO1FSx7R8n30FfnqgJupByF4UNg="},"chainType":1,"messageKeys":{}}},"pendingPreKey":{"signedKeyId":4,"baseKey":"BZwN+VniG2+D51Sp6fOdRsPyRnofk5qoz3zJVzUhx7EA"}}},"version":"v1"}