{"_sessions":{"BeL3uGupARZAmOFpTVCRb9HdQtefU3WLsVbwGNG22HUN":{"registrationId":723251359,"currentRatchet":{"ephemeralKeyPair":{"pubKey":"BdMvvrEJRiyfpjvDXf2qlg80qpaal8wUcYbVWLII09kl","privKey":"eD0L/sYhNgldlXXhPmVJYOeTuaMKLPp4lzPLUvjwX1s="},"lastRemoteEphemeralKey":"BTfgV+G1BzcoYkTzHmqf9zCcKHoEG6bJJU7c19gqMswa","previousCounter":0,"rootKey":"wXjyDdPseXuKTRBX18+JaduyAknzZKvjLNjrWFjyYjo="},"indexInfo":{"baseKey":"BeL3uGupARZAmOFpTVCRb9HdQtefU3WLsVbwGNG22HUN","baseKeyType":1,"closed":-1,"used":1755758928749,"created":1755758928749,"remoteIdentityKey":"BYRf4ihdXI+fyTOSLqYFpGI+8dYSrv7E2Wcwb2DYpAIE"},"_chains":{"BdMvvrEJRiyfpjvDXf2qlg80qpaal8wUcYbVWLII09kl":{"chainKey":{"counter":0,"key":"uYDLKrXw7FebSyKlByjol6UCSgWn3IuTF7PcZ+mgJgQ="},"chainType":1,"messageKeys":{}}},"pendingPreKey":{"signedKeyId":1,"baseKey":"BeL3uGupARZAmOFpTVCRb9HdQtefU3WLsVbwGNG22HUN","preKeyId":11632454}}},"version":"v1"}