{"_sessions":{"BZ7hcwj79zUokDTe3Pa8BOYS6Gkflo9fka5bS8BnQ6pC":{"registrationId":823926129,"currentRatchet":{"ephemeralKeyPair":{"pubKey":"BS7sV9B/94En9G6Em4TWARdrguXdHgEsB+toI+oa3VxC","privKey":"WH68OdzZl/7tKYo100JJOU6qCXbk97uKS5XsWoHwkEs="},"lastRemoteEphemeralKey":"BVIZYp3jeT10hfsZgmDXf/2rp+nB0CVNtOdzVoo0Mlsy","previousCounter":0,"rootKey":"TeQDndLoVoRM3FBk43pz/w7UdjLm1b0fGdfufQdtk/M="},"indexInfo":{"baseKey":"BZ7hcwj79zUokDTe3Pa8BOYS6Gkflo9fka5bS8BnQ6pC","baseKeyType":1,"closed":-1,"used":1755758930823,"created":1755758930823,"remoteIdentityKey":"BdP6ezkzt8KUxXBkEVZLQBScVkFC3N53d/kRSE35JLMU"},"_chains":{"BS7sV9B/94En9G6Em4TWARdrguXdHgEsB+toI+oa3VxC":{"chainKey":{"counter":0,"key":"bRoUSoSxC+J9+61LyFVMncBw9BlCulqpAFRXf0dNTrA="},"chainType":1,"messageKeys":{}}},"pendingPreKey":{"signedKeyId":4,"baseKey":"BZ7hcwj79zUokDTe3Pa8BOYS6Gkflo9fka5bS8BnQ6pC","preKeyId":10396924}}},"version":"v1"}