{"_sessions":{"BXl91WJLePTXKXx4Z8ymEpgS4KTkv2yEqGOd1pxvrZtt":{"registrationId":183969063,"currentRatchet":{"ephemeralKeyPair":{"pubKey":"BfQm/1WX9gwH5DdSf5D8/K8V6zU+YQ0OuBy8/40LL4Md","privKey":"mI76tFoAem/3IFp/QebA/AXYGWIIfCJ4JSFMuNkXzXg="},"lastRemoteEphemeralKey":"BTzkTtXm7aQBbq3vN8F0/GAK2/K84rN0B4lwXkeCcCNh","previousCounter":0,"rootKey":"RltsnUHCg6UViMZZsM9Z5ulTwTqoPKEJxBz0Y7q9x28="},"indexInfo":{"baseKey":"BXl91WJLePTXKXx4Z8ymEpgS4KTkv2yEqGOd1pxvrZtt","baseKeyType":1,"closed":-1,"used":1755758928876,"created":1755758928876,"remoteIdentityKey":"BdHei/LLqBEOEDmyONnlDIDRrqjy+NZw7RDmCg3LpG4i"},"_chains":{"BfQm/1WX9gwH5DdSf5D8/K8V6zU+YQ0OuBy8/40LL4Md":{"chainKey":{"counter":0,"key":"vwirdvEu0+9xpOQQqwAs6LyAeThd88GMrc9JMbU2YVc="},"chainType":1,"messageKeys":{}}},"pendingPreKey":{"signedKeyId":8,"baseKey":"BXl91WJLePTXKXx4Z8ymEpgS4KTkv2yEqGOd1pxvrZtt","preKeyId":14691983}}},"version":"v1"}