{"_sessions":{"BQ+lvgpLqTm4obie/Swll8m1PFA/pcz/pkpJPdrc44xj":{"registrationId":712101262,"currentRatchet":{"ephemeralKeyPair":{"pubKey":"BXkq/Pf9g+mi0WSLwQPFaIAeDJsqTEcNsF/imU51jJtN","privKey":"CFy4Bu/FzG1Rqp7Z0ivgOxsvG4F9l5FjvlUfYZ8/blw="},"lastRemoteEphemeralKey":"BYzksGLxJIRYof5JHCDsnFR3vhkxNiepQsl21raNlgUV","previousCounter":0,"rootKey":"FGwxqAydSrQaGQFv3C9+wQK4Ll1CCVjs6kxBymd08Dw="},"indexInfo":{"baseKey":"BQ+lvgpLqTm4obie/Swll8m1PFA/pcz/pkpJPdrc44xj","baseKeyType":1,"closed":-1,"used":1755758929874,"created":1755758929874,"remoteIdentityKey":"BcbK+sJwLdS4nzLEfuC5thgXEaOOE8gcXWoWxzeO2/tI"},"_chains":{"BXkq/Pf9g+mi0WSLwQPFaIAeDJsqTEcNsF/imU51jJtN":{"chainKey":{"counter":0,"key":"9x6DluJPiDJUWbkibMrRxOdaFCZBUvfl9OwEDmS3VPo="},"chainType":1,"messageKeys":{}}},"pendingPreKey":{"signedKeyId":4,"baseKey":"BQ+lvgpLqTm4obie/Swll8m1PFA/pcz/pkpJPdrc44xj","preKeyId":7377135}}},"version":"v1"}