{"_sessions":{"BVrRVX29P1eRIxaHPDFjj68Kbr2H47jGRaeY+JFWiuIb":{"registrationId":600068571,"currentRatchet":{"ephemeralKeyPair":{"pubKey":"BWuzsFHLzB4UrKC+id/K3PCUjBrj9KyLAABCH1V3WT5a","privKey":"MI5IHcIZZprxGGRleDYuJ7jg7uqobWsCC6DqT+mhq30="},"lastRemoteEphemeralKey":"BXIitX2va6TVgSIvYCz5++hoLN0mpw65prcmQuQL53Zj","previousCounter":0,"rootKey":"3uHOYflCjjiCyuwGocp4tDQ0IT/HP6zsV+3xb4k8bYg="},"indexInfo":{"baseKey":"BVrRVX29P1eRIxaHPDFjj68Kbr2H47jGRaeY+JFWiuIb","baseKeyType":1,"closed":-1,"used":1755758930938,"created":1755758930938,"remoteIdentityKey":"BdRGtkwBvaMRiL5HrO5cajmmZ2utyqpO18vgSIH2J157"},"_chains":{"BWuzsFHLzB4UrKC+id/K3PCUjBrj9KyLAABCH1V3WT5a":{"chainKey":{"counter":0,"key":"NW9MA4DhJBuyoegpp1n5LmHCLT7UkIxNj9wvQMcgqWU="},"chainType":1,"messageKeys":{}}},"pendingPreKey":{"signedKeyId":23,"baseKey":"BVrRVX29P1eRIxaHPDFjj68Kbr2H47jGRaeY+JFWiuIb","preKeyId":11053348}}},"version":"v1"}