{"_sessions":{"Bbq8/r2yxnsZBbwyvhHAZtBN6P7CCQyuigChqh87CykT":{"registrationId":1220678911,"currentRatchet":{"ephemeralKeyPair":{"pubKey":"BWGPm0ZRaWKgqvSOUUbyWdXa8Cnn2Xqc8/ef7FbCJOsU","privKey":"MD2LN99b72QvHG6J+DoELAGqWTBPRg4XvrYqIU1AS2Y="},"lastRemoteEphemeralKey":"BfG1jaRiDzzrV+sp7d4aHXqPzmibffuDPl2kWvkkAndk","previousCounter":0,"rootKey":"WCvL4c+4wAX6ucFZa7Te5m0Td5A51ja4CeGUyTlVvvM="},"indexInfo":{"baseKey":"Bbq8/r2yxnsZBbwyvhHAZtBN6P7CCQyuigChqh87CykT","baseKeyType":1,"closed":-1,"used":1755758929915,"created":1755758929915,"remoteIdentityKey":"Bdfuc5ckMSK5m40lxPmPFAXSy2kbbzU9em0MsOl7Bq9X"},"_chains":{"BWGPm0ZRaWKgqvSOUUbyWdXa8Cnn2Xqc8/ef7FbCJOsU":{"chainKey":{"counter":0,"key":"TpeBdOTR81qUXInMW4VbhgbD6cQ1qrfUgp9Er+4hRR8="},"chainType":1,"messageKeys":{}}},"pendingPreKey":{"signedKeyId":3,"baseKey":"Bbq8/r2yxnsZBbwyvhHAZtBN6P7CCQyuigChqh87CykT"}}},"version":"v1"}