{"_sessions":{"BW1Zf1c853sp7xqgXmHwEgjOyX4YTMaV55DSlyzOestQ":{"registrationId":699512927,"currentRatchet":{"ephemeralKeyPair":{"pubKey":"Bc1DS9eR+W4nT8vl/ZpZNiQQrSwK+c3OdHhbkslP5yRx","privKey":"YIHqh6RBkB7wC6xhK6xUqfYbv1N/EY54iYMlE9dDolA="},"lastRemoteEphemeralKey":"BaJcGbEIa91XPoAQ55ToM0X6SlB0JF6H15JBPCS8XnQr","previousCounter":0,"rootKey":"An3BfiU73jCp3S4xKu72odE0XMH/GBUhS8L3b7Kuewk="},"indexInfo":{"baseKey":"BW1Zf1c853sp7xqgXmHwEgjOyX4YTMaV55DSlyzOestQ","baseKeyType":1,"closed":-1,"used":1755758930530,"created":1755758930530,"remoteIdentityKey":"Bb5zjQQAvRatTGsDMFlNuWQeO5cRdTS/g9AqIpj9mexB"},"_chains":{"Bc1DS9eR+W4nT8vl/ZpZNiQQrSwK+c3OdHhbkslP5yRx":{"chainKey":{"counter":0,"key":"DCXfOv22cn6p3DvMh1SpETMym64PMsr0vWI6kN5feOM="},"chainType":1,"messageKeys":{}}},"pendingPreKey":{"signedKeyId":11,"baseKey":"BW1Zf1c853sp7xqgXmHwEgjOyX4YTMaV55DSlyzOestQ","preKeyId":1757308}}},"version":"v1"}