{"_sessions":{"BcV+29ZBKMfgzEhYU7+VlTfrlm+cITt/0NaOx+kX9nlk":{"registrationId":63473203,"currentRatchet":{"ephemeralKeyPair":{"pubKey":"BentGOl1PjUH6ADogwFL6hyEjfFdTSsDj9qH3u3YeDl8","privKey":"mGIUxhmLGG479ZquGbRnebw70K9zSmpeP6bUhlBumXk="},"lastRemoteEphemeralKey":"BWtfd4CMCni7oDyR/KbFd/ijbH6O4PD7LDIM93dHLJMC","previousCounter":0,"rootKey":"/rv8aKMwpt1aboqrxP6HFDq9u/x46NpNopcXUuZtaoI="},"indexInfo":{"baseKey":"BcV+29ZBKMfgzEhYU7+VlTfrlm+cITt/0NaOx+kX9nlk","baseKeyType":1,"closed":-1,"used":1755758930266,"created":1755758930266,"remoteIdentityKey":"BcRS470Gn98QnAOOSht+yKYHYzgQkJv/L65EXkhxfVdN"},"_chains":{"BentGOl1PjUH6ADogwFL6hyEjfFdTSsDj9qH3u3YeDl8":{"chainKey":{"counter":0,"key":"PtCM9mtc1P78Brfhu7ZLdv5K9Mq7Aaq67OKTNrTacx4="},"chainType":1,"messageKeys":{}}},"pendingPreKey":{"signedKeyId":3616704,"baseKey":"BcV+29ZBKMfgzEhYU7+VlTfrlm+cITt/0NaOx+kX9nlk","preKeyId":11299}}},"version":"v1"}