{"_sessions":{"BcAn5fB6lRIPbIP4gdsBkfJlhFFiomKJctG62FPAdsM9":{"registrationId":1539524398,"currentRatchet":{"ephemeralKeyPair":{"pubKey":"BWsixJySESmS7b8YAfOMagfrX4ZZQ+isjx64T0mPAVRS","privKey":"+E0bVChMQHBN70QFBFprNUYTyWiKdFCp4c6mo78YuXU="},"lastRemoteEphemeralKey":"BZociteAvJAEwXsVkpKmdXIbnFjim9Qy41NB+EXIUzVR","previousCounter":0,"rootKey":"/AVS9Cnmx96e3G3/4DvpMMyEvkorAxUXszC1LrYosuQ="},"indexInfo":{"baseKey":"BcAn5fB6lRIPbIP4gdsBkfJlhFFiomKJctG62FPAdsM9","baseKeyType":1,"closed":-1,"used":1755758929858,"created":1755758929858,"remoteIdentityKey":"BThGeT/5Y7lQmbuZMU8DTY6hPfGhBjnaEscrg+U3iqIl"},"_chains":{"BWsixJySESmS7b8YAfOMagfrX4ZZQ+isjx64T0mPAVRS":{"chainKey":{"counter":0,"key":"oTzw4AZmtO/NiMfMhgd2/3RZo/HZlGMheiihlZXpwIo="},"chainType":1,"messageKeys":{}}},"pendingPreKey":{"signedKeyId":40,"baseKey":"BcAn5fB6lRIPbIP4gdsBkfJlhFFiomKJctG62FPAdsM9","preKeyId":5470319}}},"version":"v1"}