{"_sessions":{"Bd6fInJoiDadfWkvrPozUed5sxX2P8rcbKaBZrs6HW5+":{"registrationId":483004788,"currentRatchet":{"ephemeralKeyPair":{"pubKey":"BTHHut50kOqqa52Yjn/bWajMlBSTFuOPYqsoaKZyFlVL","privKey":"GIqXz4ZZ3z1N3ZWFXYsASl2W3RoUYtHk6dXh6h0vRlo="},"lastRemoteEphemeralKey":"BV3bsOAqDvrgVw0Pr2y8hBjd/b8WTUWRCcGySW6sK2lp","previousCounter":0,"rootKey":"jfSgwdt9SUp4nwRq1PAQjz3yt7/XX58gm6H8AJrUdls="},"indexInfo":{"baseKey":"Bd6fInJoiDadfWkvrPozUed5sxX2P8rcbKaBZrs6HW5+","baseKeyType":1,"closed":-1,"used":1755758929155,"created":1755758929155,"remoteIdentityKey":"BeQKSSRpaSTxrY7kxPdtLKYPIHb5oCj0lCfUJFihEIo9"},"_chains":{"BTHHut50kOqqa52Yjn/bWajMlBSTFuOPYqsoaKZyFlVL":{"chainKey":{"counter":0,"key":"rpFgVGbdZF58g64IUqMINGIBATFMEZCJMaWP4s3sCBc="},"chainType":1,"messageKeys":{}}},"pendingPreKey":{"signedKeyId":13,"baseKey":"Bd6fInJoiDadfWkvrPozUed5sxX2P8rcbKaBZrs6HW5+","preKeyId":15033484}}},"version":"v1"}