{"_sessions":{"BSv0ZQ9cQ2PHJHZqkd5jp3cj2ff880h5HrtbCM5/WaNL":{"registrationId":284200421,"currentRatchet":{"ephemeralKeyPair":{"pubKey":"BUNUNFRWZ18Sdc5OcU7KkPWLR1tMn8fxiJi/xAbRO8gc","privKey":"gMT91OWLmtUYcmcoIrulgjEw5zCj38a35HfYlAeqlWI="},"lastRemoteEphemeralKey":"BeGw35Az/Fm+KQLPsZskUWN9MoPqC17jaDzqO3nqUups","previousCounter":0,"rootKey":"LKd24FWsvk5ENo8PMGGsTbcdF83Lv1PTm486B95DOxk="},"indexInfo":{"baseKey":"BSv0ZQ9cQ2PHJHZqkd5jp3cj2ff880h5HrtbCM5/WaNL","baseKeyType":1,"closed":-1,"used":1755758929011,"created":1755758929011,"remoteIdentityKey":"BevDva8nMZvgFUB3eGpxhld2JzrG7a1vt8QJrk0bliss"},"_chains":{"BUNUNFRWZ18Sdc5OcU7KkPWLR1tMn8fxiJi/xAbRO8gc":{"chainKey":{"counter":0,"key":"Sy6mDiNHFAFieb5OVbwToEM37wGjJh6PyYSKsvrBDJs="},"chainType":1,"messageKeys":{}}},"pendingPreKey":{"signedKeyId":7,"baseKey":"BSv0ZQ9cQ2PHJHZqkd5jp3cj2ff880h5HrtbCM5/WaNL","preKeyId":717346}}},"version":"v1"}