{"_sessions":{"BchC4f4iqbAuK81vhk8GNOOWYM9Vf1jt4smq7NpGWZEa":{"registrationId":1229552602,"currentRatchet":{"ephemeralKeyPair":{"pubKey":"BZtm7V4ZFHbinL3d9lD2JKNbie6uMX9o0ciqkH7UJN0X","privKey":"SHGPDYfLOz2cTWuONofJkamDgxSIiTPAVqJY7BbuRWY="},"lastRemoteEphemeralKey":"BbClR/WolPGxev/x7qwDZLrT41Mcxe7CQPn6l7rEo803","previousCounter":0,"rootKey":"POxhNg4pFjRXzdAh8mpODQmii580Jq0MX4GtWjtzTqc="},"indexInfo":{"baseKey":"BchC4f4iqbAuK81vhk8GNOOWYM9Vf1jt4smq7NpGWZEa","baseKeyType":1,"closed":-1,"used":1755758929595,"created":1755758929595,"remoteIdentityKey":"BekcmrrUnbcThJiH6QixCN0oWGIvMf5n5O1qenTBY24v"},"_chains":{"BZtm7V4ZFHbinL3d9lD2JKNbie6uMX9o0ciqkH7UJN0X":{"chainKey":{"counter":0,"key":"M/LhNUgu6hhyZWh28QZKdI4JL6xvUb1t5YzMjaJG6MU="},"chainType":1,"messageKeys":{}}},"pendingPreKey":{"signedKeyId":1,"baseKey":"BchC4f4iqbAuK81vhk8GNOOWYM9Vf1jt4smq7NpGWZEa","preKeyId":14118}}},"version":"v1"}