{"_sessions":{"BY0+DQtpnTm63u58Ztadv7sLBYRK6cLV5VsBIH7s7TcK":{"registrationId":581104732,"currentRatchet":{"ephemeralKeyPair":{"pubKey":"BXhI74YP6uJLmcKvbFVet3L4to2l54jWeSKiokDSdm9f","privKey":"oFGCO2JzSfzU2N92TRtB6LmjrM80hAdKopaOFm1GClI="},"lastRemoteEphemeralKey":"BbTMMJTm/4eQLlhzL4+nlQZ1OSv+B74QGXjQyxACqJAa","previousCounter":0,"rootKey":"sJQ31O6cu7Le7NYCRldVxjTOzCgskl1Iapa76mg/TBw="},"indexInfo":{"baseKey":"BY0+DQtpnTm63u58Ztadv7sLBYRK6cLV5VsBIH7s7TcK","baseKeyType":1,"closed":-1,"used":1755758929675,"created":1755758929675,"remoteIdentityKey":"BQicHzf/VI0n0CXaKiO0biI4C5KSu5nSdSwamv8gZmVF"},"_chains":{"BXhI74YP6uJLmcKvbFVet3L4to2l54jWeSKiokDSdm9f":{"chainKey":{"counter":0,"key":"FeuQ30KG0eb50hjlufYRSeBa18qGtfoln4tbDBfxbQo="},"chainType":1,"messageKeys":{}}},"pendingPreKey":{"signedKeyId":3,"baseKey":"BY0+DQtpnTm63u58Ztadv7sLBYRK6cLV5VsBIH7s7TcK","preKeyId":16013109}}},"version":"v1"}