{"_sessions":{"BZA4VpbajARhfof/wm6iQsORGki114FXpoIiB/xlus5o":{"registrationId":1762898655,"currentRatchet":{"ephemeralKeyPair":{"pubKey":"BTeSuDi+YzC3m5XGLNK6pbKivNvb0sLGhXI0CMyo/tII","privKey":"SAcYEWhn2DR43LJOhPwYKch1BX0lKHwnPQ3l6yfwYEc="},"lastRemoteEphemeralKey":"BTrAQTdWD0R7epV/St0TGAGJB/pDOwyQVr+mm09SNd8d","previousCounter":0,"rootKey":"jjA5kAxWjN+r+0Owjo2cChVxfTS9taXMQjscfCS4xCY="},"indexInfo":{"baseKey":"BZA4VpbajARhfof/wm6iQsORGki114FXpoIiB/xlus5o","baseKeyType":1,"closed":-1,"used":1755758930943,"created":1755758930943,"remoteIdentityKey":"BekWLEiDA84tToOuYplAb/Ftn0alzAVaxSCZvG4eUQ4b"},"_chains":{"BTeSuDi+YzC3m5XGLNK6pbKivNvb0sLGhXI0CMyo/tII":{"chainKey":{"counter":0,"key":"DuuyE+bhiaSPB4se7sQfAckh4iq4qp1+HhyxwJV1XME="},"chainType":1,"messageKeys":{}}},"pendingPreKey":{"signedKeyId":8038711,"baseKey":"BZA4VpbajARhfof/wm6iQsORGki114FXpoIiB/xlus5o","preKeyId":13918}}},"version":"v1"}