{"_sessions":{"BfxI72U9q3BAE0pdoM5X0xXnOfAnyUF7IlSLuB4beDtP":{"registrationId":836897807,"currentRatchet":{"ephemeralKeyPair":{"pubKey":"BfVursDHiP9OsLEkvLNu/3s585AZZ4CGDWohajLVOt09","privKey":"cGSymc31UzDTQ6lWVMHq/UNcY8ePqBs28iypCmDYCXc="},"lastRemoteEphemeralKey":"BRZJ06G2tM04SpdLZ7WPnwF3WJBHt70YVG4P1QLKj6pY","previousCounter":0,"rootKey":"y5QaIk9JUdATJFJCcjr60UDDOhSPnE7uYjvWBTpCBHI="},"indexInfo":{"baseKey":"BfxI72U9q3BAE0pdoM5X0xXnOfAnyUF7IlSLuB4beDtP","baseKeyType":1,"closed":-1,"used":1755758928534,"created":1755758928534,"remoteIdentityKey":"BTrwc/+Cfo0AVFpsKZ2cZUg8FQunlTldUt81tsNSAQgp"},"_chains":{"BfVursDHiP9OsLEkvLNu/3s585AZZ4CGDWohajLVOt09":{"chainKey":{"counter":0,"key":"9N8CibQtFP+tXq+VdAvG7aC+5bm6LaNQf52KCZzu6Qo="},"chainType":1,"messageKeys":{}}},"pendingPreKey":{"signedKeyId":6707387,"baseKey":"BfxI72U9q3BAE0pdoM5X0xXnOfAnyUF7IlSLuB4beDtP","preKeyId":6741}}},"version":"v1"}