{"_sessions":{"BUDq0+NBxBXyKCWdFVt7NJtDfpne7ho+mbTHCKNzn9Zd":{"registrationId":652734464,"currentRatchet":{"ephemeralKeyPair":{"pubKey":"BcgjXQDmvJZUFnguEgbDYV8FGjE69jGbRDQw697cUHoy","privKey":"QPWWnTv8dsKa/Uquts/fryYV11sR95GXEaHSak6C+mo="},"lastRemoteEphemeralKey":"BZ/com/dVsJWo8aHzfP24yBWyd0Gz5iHsTmXDEi/f/1K","previousCounter":0,"rootKey":"AULIvQYQTut3pUZXkCGLtRqq8UgOsCWCWXAXfb5GC2A="},"indexInfo":{"baseKey":"BUDq0+NBxBXyKCWdFVt7NJtDfpne7ho+mbTHCKNzn9Zd","baseKeyType":1,"closed":-1,"used":1755758929092,"created":1755758929092,"remoteIdentityKey":"BeO9SY3kW22+9pQpYIrscO93eeb2csI62XvDnK17ReFl"},"_chains":{"BcgjXQDmvJZUFnguEgbDYV8FGjE69jGbRDQw697cUHoy":{"chainKey":{"counter":0,"key":"iUBHAEseH0t1WQOdBOcZ39ng3A0xVDv/7egT87m6NVs="},"chainType":1,"messageKeys":{}}},"pendingPreKey":{"signedKeyId":12,"baseKey":"BUDq0+NBxBXyKCWdFVt7NJtDfpne7ho+mbTHCKNzn9Zd","preKeyId":15244557}}},"version":"v1"}