{"_sessions":{"BeOrXDvw9+SlIuM898y3PA7CVNRFGrrRKHZRuYkpTjtv":{"registrationId":820610681,"currentRatchet":{"ephemeralKeyPair":{"pubKey":"BVE1coVZAqPoz/K75UCALEqe5+HviTozpCSpfY8BKDJK","privKey":"MI680iyZvE+bCirosvxQiTHuXaJ9gogslkj2f3mbFko="},"lastRemoteEphemeralKey":"BTcu83cTnUJXV3o83wocgJWs39lBL+aU00zhJ0Yi/eoi","previousCounter":0,"rootKey":"SIpkaj4730eWFqzcQO93GYdeQH184C+SLVWR28S8nek="},"indexInfo":{"baseKey":"BeOrXDvw9+SlIuM898y3PA7CVNRFGrrRKHZRuYkpTjtv","baseKeyType":1,"closed":-1,"used":1755758928597,"created":1755758928597,"remoteIdentityKey":"Bb/NDFLV6nLhl3u/nDCH2rUhqlV3t8zAtu9tXvkfXsE7"},"_chains":{"BVE1coVZAqPoz/K75UCALEqe5+HviTozpCSpfY8BKDJK":{"chainKey":{"counter":0,"key":"zvkunMYmOkPLVQgX5+eQSvyjeEJmfPxGmwmHl0+5ILc="},"chainType":1,"messageKeys":{}}},"pendingPreKey":{"signedKeyId":9,"baseKey":"BeOrXDvw9+SlIuM898y3PA7CVNRFGrrRKHZRuYkpTjtv","preKeyId":8968920}}},"version":"v1"}