{"_sessions":{"BZLs07jDHieHGPHKYOBiynrScOvF7jHx/J6mVRWUBhV0":{"registrationId":445425549,"currentRatchet":{"ephemeralKeyPair":{"pubKey":"BZSImpjpirI00p/T9fcvQ4m72uqFb56IbDwckjQIuRhu","privKey":"uGbdEhnvYM3tkMBfgr/zQbPIr1r2Iz8/3a0h6U60U3M="},"lastRemoteEphemeralKey":"BRJqWp5CQpgn4yA8/jHDWONkb+ujFmG2rAHYAFnzVFFE","previousCounter":0,"rootKey":"eL60iLYOa3S5Z0LebrHxcyoSYEeDW/ILeSWQog0y+pA="},"indexInfo":{"baseKey":"BZLs07jDHieHGPHKYOBiynrScOvF7jHx/J6mVRWUBhV0","baseKeyType":1,"closed":-1,"used":1755758929659,"created":1755758929659,"remoteIdentityKey":"BQpfr8c91sdaYtUnrwiTcKvnOcn7mwWLWHqXPD4JE9M3"},"_chains":{"BZSImpjpirI00p/T9fcvQ4m72uqFb56IbDwckjQIuRhu":{"chainKey":{"counter":0,"key":"Q3BMp4SuhX7lSQidg1HqbwWsevL0e6ixf1ZcHURome0="},"chainType":1,"messageKeys":{}}},"pendingPreKey":{"signedKeyId":5,"baseKey":"BZLs07jDHieHGPHKYOBiynrScOvF7jHx/J6mVRWUBhV0","preKeyId":6525179}}},"version":"v1"}