{"_sessions":{"BR864IgeW6e6GBS0i/ptVLqU1PuY3mI87l/uTXhx8Xpm":{"registrationId":184749722,"currentRatchet":{"ephemeralKeyPair":{"pubKey":"BWRTj0WX5Qn6RgwXTT7t+ho+luOJ0CtdlIiDUxobIwBH","privKey":"YHAoNg4gIVTNtAe3kDCp052rbcn74YzKtC2rhGARTWM="},"lastRemoteEphemeralKey":"BfJHH91wmUdRG8uS9CwZ6fOlGa1aa71PjwYkaRqJhMQ3","previousCounter":0,"rootKey":"rprZy/qxzTr3cPvdQueikOsO2yNd2cZYPrL0UxrdESA="},"indexInfo":{"baseKey":"BR864IgeW6e6GBS0i/ptVLqU1PuY3mI87l/uTXhx8Xpm","baseKeyType":1,"closed":-1,"used":1755758928672,"created":1755758928672,"remoteIdentityKey":"Ba/AbYwkRxQYwFKPC4kbR7NSbc3KZlPgbGbXAdsAX5Z4"},"_chains":{"BWRTj0WX5Qn6RgwXTT7t+ho+luOJ0CtdlIiDUxobIwBH":{"chainKey":{"counter":0,"key":"NFztfF651LYqb4MRk2mZvPakCPuo2Ylrb2zfUt5Bh6M="},"chainType":1,"messageKeys":{}}},"pendingPreKey":{"signedKeyId":7304868,"baseKey":"BR864IgeW6e6GBS0i/ptVLqU1PuY3mI87l/uTXhx8Xpm","preKeyId":15560}}},"version":"v1"}