{"_sessions":{"BWPmxWqBG7TB+qVRF6FiPAyOEcsk/7GstmILU0+L9bdF":{"registrationId":1804004136,"currentRatchet":{"ephemeralKeyPair":{"pubKey":"BVKfB6HMk1Y4l6Qud+DktTXDs/i54VuZwcEuLaoETG0A","privKey":"2LBaslz8laS6zx0Tt7i+o2p1LwdkjsT5YgDeWBB6mnA="},"lastRemoteEphemeralKey":"BW1hU9ZsAGyEnLnp8HYPxV4EwVh/IDLTO6e0bVBXksN+","previousCounter":0,"rootKey":"K8+SNOGC0dQj2kuV4xf2hTvXkeH3g6pgGs5qPTeDLVk="},"indexInfo":{"baseKey":"BWPmxWqBG7TB+qVRF6FiPAyOEcsk/7GstmILU0+L9bdF","baseKeyType":1,"closed":-1,"used":1755758929103,"created":1755758929103,"remoteIdentityKey":"BTrtp7IGduqV8iEwXNj0LJpGt5y2v3cWedvOuJ+pZ/lp"},"_chains":{"BVKfB6HMk1Y4l6Qud+DktTXDs/i54VuZwcEuLaoETG0A":{"chainKey":{"counter":0,"key":"OvYNUAL+3kJe8BdYN30ctb4Iibc1iDqEHVyOTaD8tds="},"chainType":1,"messageKeys":{}}},"pendingPreKey":{"signedKeyId":1961332,"baseKey":"BWPmxWqBG7TB+qVRF6FiPAyOEcsk/7GstmILU0+L9bdF","preKeyId":5778}}},"version":"v1"}