{"_sessions":{"BfCyovAW9XxuGh0yVWefat8ms/26LgtLzQgF7BiV4VN1":{"registrationId":178869720,"currentRatchet":{"ephemeralKeyPair":{"pubKey":"BQ8mwxTchWfLiKy3fM+spqkjgadNJK2iTRE8UFNejRsq","privKey":"8EGD3enVr0UMUlOCe2awru7rJi1trWGevNTrXeIYVFs="},"lastRemoteEphemeralKey":"BRiRVXmW/aG2kB+51JgJkxTN/e/I0o5Fuu/yGe7hW9Rw","previousCounter":0,"rootKey":"lq+p8hG2RhNcJLZ70J6Ir5frxy8y9W05Dpoky8Pbb7I="},"indexInfo":{"baseKey":"BfCyovAW9XxuGh0yVWefat8ms/26LgtLzQgF7BiV4VN1","baseKeyType":1,"closed":-1,"used":1755758930519,"created":1755758930519,"remoteIdentityKey":"BWMY9gpDPF1z4zcnpPFwkQxGLSdMF4ZsLg7bracxcGcS"},"_chains":{"BQ8mwxTchWfLiKy3fM+spqkjgadNJK2iTRE8UFNejRsq":{"chainKey":{"counter":0,"key":"5PND65XIL+4SBTD5omBTwQ9UVgODiiearVleaa9V0nM="},"chainType":1,"messageKeys":{}}},"pendingPreKey":{"signedKeyId":7,"baseKey":"BfCyovAW9XxuGh0yVWefat8ms/26LgtLzQgF7BiV4VN1","preKeyId":6965775}}},"version":"v1"}