{"_sessions":{"BTJl+TMUS2edK95eggn71EGBwnLM06UEeSRP1cUv+VYH":{"registrationId":1192966284,"currentRatchet":{"ephemeralKeyPair":{"pubKey":"BYqbQXev3stEekwAe07WJsnJM2GyViZYxPzT8g/4f0FU","privKey":"oMXtjrOmB2OPemwixYexCx5Edliat600NrZfYLL0Qlo="},"lastRemoteEphemeralKey":"BVPY0vHoMaQB1KDesEAumFmLEaJ61r5UCljemT/f8Mdn","previousCounter":0,"rootKey":"VMCa6midNN54cLuj9VMhKXqtXMa0J40csPwEqXObFqU="},"indexInfo":{"baseKey":"BTJl+TMUS2edK95eggn71EGBwnLM06UEeSRP1cUv+VYH","baseKeyType":1,"closed":-1,"used":1755758929107,"created":1755758929107,"remoteIdentityKey":"BUqZl+m8ApyrnicK9FxnlCJmd5W2CIYnlqy4ssvXUbMk"},"_chains":{"BYqbQXev3stEekwAe07WJsnJM2GyViZYxPzT8g/4f0FU":{"chainKey":{"counter":0,"key":"aQ+yg+vwgqOxwv7A7wDhkfru/sc1z69WNHwNKnwtQYU="},"chainType":1,"messageKeys":{}}},"pendingPreKey":{"signedKeyId":7378063,"baseKey":"BTJl+TMUS2edK95eggn71EGBwnLM06UEeSRP1cUv+VYH"}}},"version":"v1"}