{"_sessions":{"BS+cFxkBkk3iFAMIccQ99GhXxdjyw0otSKy/TU/tnKxg":{"registrationId":894483984,"currentRatchet":{"ephemeralKeyPair":{"pubKey":"BWDTAG9P18BzkLRAfQgobcERdIw7Wxc8r7ZvRgQmK/ln","privKey":"AESPmTAJli6d0nlYA2fm3oQ0+FMxg/KZmUV5Ff+fS3E="},"lastRemoteEphemeralKey":"BegYb4Xk54ozqE8ShUngyXXUDyW8Pzhc3EzIRD/f9LxY","previousCounter":0,"rootKey":"e5TKiaNITqoET6TjpZCDmw5LxEmGmASkEEJHr1lyY5Q="},"indexInfo":{"baseKey":"BS+cFxkBkk3iFAMIccQ99GhXxdjyw0otSKy/TU/tnKxg","baseKeyType":1,"closed":-1,"used":1755758929890,"created":1755758929890,"remoteIdentityKey":"BWcqT/QC7QbV/c96Z6h0dHlRgwaY/osj4qa/N71p5tJx"},"_chains":{"BWDTAG9P18BzkLRAfQgobcERdIw7Wxc8r7ZvRgQmK/ln":{"chainKey":{"counter":0,"key":"GsFgVex8VrwAPhwsFybe1DzjeLvMAyrssfxIl22OPP4="},"chainType":1,"messageKeys":{}}},"pendingPreKey":{"signedKeyId":15351846,"baseKey":"BS+cFxkBkk3iFAMIccQ99GhXxdjyw0otSKy/TU/tnKxg","preKeyId":7263}}},"version":"v1"}