{"_sessions":{"BXbf0rC8I9MeCXe//yKq7PJd8rXEWLghDrYx+hBHhaEP":{"registrationId":1481434586,"currentRatchet":{"ephemeralKeyPair":{"pubKey":"BaDMhtx+p1v5T0gGldcogblfPis6Cjbr1eDp158dbJJn","privKey":"wDzmxtmxBHdrX0Ps9kI1hp8LIr33X5jA7tu4AifWbH4="},"lastRemoteEphemeralKey":"Ba83D3yis5aUrqzzMExRbwSdcX5LQRc2vIy5JL//BgQz","previousCounter":0,"rootKey":"io4YrkaVyB//77q03b6XlVnXVjiMD7uyRNEOCagHz5Y="},"indexInfo":{"baseKey":"BXbf0rC8I9MeCXe//yKq7PJd8rXEWLghDrYx+hBHhaEP","baseKeyType":1,"closed":-1,"used":1755758929700,"created":1755758929700,"remoteIdentityKey":"BaO125rKbiTpL8FIf1MoDtXT81vI8b0zfcLJcNvZcDlX"},"_chains":{"BaDMhtx+p1v5T0gGldcogblfPis6Cjbr1eDp158dbJJn":{"chainKey":{"counter":0,"key":"sM9tDghikW+JwUmxq1d7XnRpv/gq+bd7cBgaWZYaX2A="},"chainType":1,"messageKeys":{}}},"pendingPreKey":{"signedKeyId":11,"baseKey":"BXbf0rC8I9MeCXe//yKq7PJd8rXEWLghDrYx+hBHhaEP","preKeyId":11438087}}},"version":"v1"}