{"_sessions":{"BbI+3FgI7GLfglNorMvY4iH3OHeWxtu5c0htOVH2plt7":{"registrationId":1892695090,"currentRatchet":{"ephemeralKeyPair":{"pubKey":"BXGsy9DNbLXPVBY0X2h5W5HZIS16tNMRgt+jrx+SpMpe","privKey":"CMfWB5jK4FUh3/vrX+Z4nzqCr+mkImTzLTDnBXhaKlA="},"lastRemoteEphemeralKey":"BQShvWdej8eF5+eThaWbaqey2UyAKxpDUs1/xNFjBX4Z","previousCounter":0,"rootKey":"pVKICZ6CjTA2irt66fIY59y9/KeC7PKN1UO6Uqg/lW4="},"indexInfo":{"baseKey":"BbI+3FgI7GLfglNorMvY4iH3OHeWxtu5c0htOVH2plt7","baseKeyType":1,"closed":-1,"used":1755758929695,"created":1755758929695,"remoteIdentityKey":"BUTor5eCdxSwdwZa5gDFoGYhJQO33CdlEXo0T0gMSaMn"},"_chains":{"BXGsy9DNbLXPVBY0X2h5W5HZIS16tNMRgt+jrx+SpMpe":{"chainKey":{"counter":0,"key":"0jDCMBHzxfF/79tVUpIxlPmCQJdkpIdqHC815PabMVk="},"chainType":1,"messageKeys":{}}},"pendingPreKey":{"signedKeyId":17,"baseKey":"BbI+3FgI7GLfglNorMvY4iH3OHeWxtu5c0htOVH2plt7","preKeyId":12504887}}},"version":"v1"}