{"_sessions":{"BWWI2CeTbizCSFPpeekhVHkX1/J3EVOWAr9qR8lwbNhR":{"registrationId":949757167,"currentRatchet":{"ephemeralKeyPair":{"pubKey":"BVzJ32jCEPvp88O326JUlI8UOKkQwridWO4cylG+/D9v","privKey":"4BMPHRVA+i8mVy5yDmgnNj6V3eZCXKca2+0xvQFran8="},"lastRemoteEphemeralKey":"BZrnqJLFcYIeRf0JlrU5MM10xWZbo2jAJHrOBvXGNyIg","previousCounter":0,"rootKey":"/HAQt/SNHsyONutH089CRfpLs6VbyRxUnzRqUM5gouk="},"indexInfo":{"baseKey":"BWWI2CeTbizCSFPpeekhVHkX1/J3EVOWAr9qR8lwbNhR","baseKeyType":1,"closed":-1,"used":1755758929726,"created":1755758929726,"remoteIdentityKey":"BQBOIUTknICk0tr/GYXjYBDliWbIbAlhbMs9fG4N0OUD"},"_chains":{"BVzJ32jCEPvp88O326JUlI8UOKkQwridWO4cylG+/D9v":{"chainKey":{"counter":0,"key":"7UVlMVq1i0XRWo+tfn8K18TDs5AzSt6Ml/2+umTArLg="},"chainType":1,"messageKeys":{}}},"pendingPreKey":{"signedKeyId":18,"baseKey":"BWWI2CeTbizCSFPpeekhVHkX1/J3EVOWAr9qR8lwbNhR","preKeyId":11019080}}},"version":"v1"}