{"_sessions":{"BT0RGX4bBQeWajFBWAIlpSAaeAApVSn3urbkUyCdeR9b":{"registrationId":2022902810,"currentRatchet":{"ephemeralKeyPair":{"pubKey":"BVSC/R+M0aytea4uUf07qlLoBpZKoLoNMZVS21OoNx4K","privKey":"cPKsVQcCEsGFQbuRToEtZz19TqPhNkqsl+W+YuZjZ3s="},"lastRemoteEphemeralKey":"BWs5O+luq+HiU90nGMxGgC0UZu2EXc38YroPLTndhJFD","previousCounter":0,"rootKey":"35/vDP5zVOrpHCvTpUo1itgHH9qMWdEy17JGhReO5GY="},"indexInfo":{"baseKey":"BT0RGX4bBQeWajFBWAIlpSAaeAApVSn3urbkUyCdeR9b","baseKeyType":1,"closed":-1,"used":1755758929664,"created":1755758929664,"remoteIdentityKey":"BVs4z5rvfzdvfABc8FpYwobDCP5uELq674qa0oPh/Hsh"},"_chains":{"BVSC/R+M0aytea4uUf07qlLoBpZKoLoNMZVS21OoNx4K":{"chainKey":{"counter":0,"key":"o73YD/weXgtn7Em+f8zWi7ZM1e6YXXOPjZs1tTJycbA="},"chainType":1,"messageKeys":{}}},"pendingPreKey":{"signedKeyId":2,"baseKey":"BT0RGX4bBQeWajFBWAIlpSAaeAApVSn3urbkUyCdeR9b","preKeyId":6899916}}},"version":"v1"}