{"_sessions":{"BReFo1/gqZAlJKlDVO3jnXfluoLw6Jj63tPvjYXHaXAL":{"registrationId":268363701,"currentRatchet":{"ephemeralKeyPair":{"pubKey":"BdAVo2Tl6tkuNHwIXKfgZFZdl3qjLMN1gHxso4nvYZ8s","privKey":"4Ol3ApQiFxXfIVZB0cf4eb4NqXDiaFtBfCjpxInZ8Xo="},"lastRemoteEphemeralKey":"BbB7hx+XA2EuXEDfxIud/bAuyNoDD1Zh1YoU3EzFQDl2","previousCounter":0,"rootKey":"P4dgr2ClfQsCcS1fGcPe80djPyoXghJKHKGxOOHmrfg="},"indexInfo":{"baseKey":"BReFo1/gqZAlJKlDVO3jnXfluoLw6Jj63tPvjYXHaXAL","baseKeyType":1,"closed":-1,"used":1755758928739,"created":1755758928739,"remoteIdentityKey":"BQiHtcMgw9EoghAsQ/D704dNo7olxRxzbQF6mEkhK88/"},"_chains":{"BdAVo2Tl6tkuNHwIXKfgZFZdl3qjLMN1gHxso4nvYZ8s":{"chainKey":{"counter":0,"key":"xMA3Fz9l9vJQu7WeEqdFfJWi+GEr+O/kIvRKdsjjFhA="},"chainType":1,"messageKeys":{}}},"pendingPreKey":{"signedKeyId":13,"baseKey":"BReFo1/gqZAlJKlDVO3jnXfluoLw6Jj63tPvjYXHaXAL","preKeyId":14175062}}},"version":"v1"}