{"_sessions":{"BUF4pEZsHYfk+3E5mczfpOXDcAbiUNqfflpt2ghhXj8+":{"registrationId":505060785,"currentRatchet":{"ephemeralKeyPair":{"pubKey":"BchMcIYSXlIPPRh9p9UlyoDxEGr23IqHU+IYWG237W9n","privKey":"yEr+tBP12vURIcWmmFpfb9AzNZpmjeSVAEUGO1dowGA="},"lastRemoteEphemeralKey":"BXn1jidPWZqtnrnbN4cXjYjVGr36zgXga7DiD37WI1o2","previousCounter":0,"rootKey":"9ft4ybzF0WDBFFh0xVIelvW/oRWUbLY0mXcs/l4tOy0="},"indexInfo":{"baseKey":"BUF4pEZsHYfk+3E5mczfpOXDcAbiUNqfflpt2ghhXj8+","baseKeyType":1,"closed":-1,"used":1755758928723,"created":1755758928723,"remoteIdentityKey":"BWHPOYUoDW6gKTr0Ay7xLmk0W+htC285/+88NJW2cREg"},"_chains":{"BchMcIYSXlIPPRh9p9UlyoDxEGr23IqHU+IYWG237W9n":{"chainKey":{"counter":0,"key":"4PEzkmklJ5y2DwulBskdJtDcV4CJeIdQSiJ0JIEeV8I="},"chainType":1,"messageKeys":{}}},"pendingPreKey":{"signedKeyId":2947236,"baseKey":"BUF4pEZsHYfk+3E5mczfpOXDcAbiUNqfflpt2ghhXj8+","preKeyId":5871}}},"version":"v1"}