{"_sessions":{"BW2pM2/6ZlzEN9nRzkOQJdKjETpfXvZyCQyd+nyIG0Qx":{"registrationId":503682278,"currentRatchet":{"ephemeralKeyPair":{"pubKey":"BZ4kqXgiEtoWWYDEAaua9Jfu3Sbfs+32K8QUVhf4WyU1","privKey":"wDROeA63AVMNoSfb+Q7vG+sV91B4Uc8xN088Wntz5l0="},"lastRemoteEphemeralKey":"BWT7dCLq/3GZ2FREtyKT5v09QsagAgcaTgyEl5HTarYI","previousCounter":0,"rootKey":"XL+Frn1sWlINcyDDtjq8srdna8EV0m5JyZCbTs/Ll/c="},"indexInfo":{"baseKey":"BW2pM2/6ZlzEN9nRzkOQJdKjETpfXvZyCQyd+nyIG0Qx","baseKeyType":1,"closed":-1,"used":1755758928567,"created":1755758928567,"remoteIdentityKey":"BR9FgfjZmmx87o51eNwRr4ZrvTTRZ/3sKTKf/vM/DHVw"},"_chains":{"BZ4kqXgiEtoWWYDEAaua9Jfu3Sbfs+32K8QUVhf4WyU1":{"chainKey":{"counter":0,"key":"odfCO2YXLH4Ei6/ESF4UhMSJi5n08ro6ULcyXSem6Lc="},"chainType":1,"messageKeys":{}}},"pendingPreKey":{"signedKeyId":5,"baseKey":"BW2pM2/6ZlzEN9nRzkOQJdKjETpfXvZyCQyd+nyIG0Qx","preKeyId":15096756}}},"version":"v1"}