{"_sessions":{"BZJwDCvxKDlzqVJUmp4biEpNnCq207vFkhC5sKl/m4FZ":{"registrationId":1387604728,"currentRatchet":{"ephemeralKeyPair":{"pubKey":"BYCDz0nuC/GnlEtSlNg2+hexsj16sQ7zLnLIaOhHcZpz","privKey":"IKKm3Lf77rhLh0NyP7UkvV86Gy9fNBsGGz7Pxn59EFI="},"lastRemoteEphemeralKey":"BbYeDKbnZwJAilLBBduMqy8VNqgW5KOS58G9PxeRubZ8","previousCounter":0,"rootKey":"LVbaFSuO5/LCT1/8AMnJdMapTuQzPJOAYYguJk1XJqA="},"indexInfo":{"baseKey":"BZJwDCvxKDlzqVJUmp4biEpNnCq207vFkhC5sKl/m4FZ","baseKeyType":1,"closed":-1,"used":1755758929705,"created":1755758929705,"remoteIdentityKey":"BZNw0x6Z7O4B0YTGP3bxjiKuzKozhElGilBRvfkETYh3"},"_chains":{"BYCDz0nuC/GnlEtSlNg2+hexsj16sQ7zLnLIaOhHcZpz":{"chainKey":{"counter":0,"key":"nmSxNxzdZKCkd6rKJHR1R4qpfWbCbjvqbr84ZTuggio="},"chainType":1,"messageKeys":{}}},"pendingPreKey":{"signedKeyId":12,"baseKey":"BZJwDCvxKDlzqVJUmp4biEpNnCq207vFkhC5sKl/m4FZ","preKeyId":15864007}}},"version":"v1"}