{"_sessions":{"BWfIAxji1yTTCIJdDpZVJPLS6YgXXf63qU9GiVA1mAR3":{"registrationId":911262076,"currentRatchet":{"ephemeralKeyPair":{"pubKey":"BVXC4BjTr9+VJxn73Bn38hkw1mYjZZ19dMvkEZR/c/RA","privKey":"+BS2g7GMtr6WuPc8OHbel4v5dUhj/o5LbjF28zRuyG0="},"lastRemoteEphemeralKey":"BX8EVLMFQ4ByEbO578t/3R1b5j/u0m13Pch2COiCSV0m","previousCounter":0,"rootKey":"ucMXp9ifdvm5cfgL0a6DdUZItxQjUR2ZSSMcdTJumQ0="},"indexInfo":{"baseKey":"BWfIAxji1yTTCIJdDpZVJPLS6YgXXf63qU9GiVA1mAR3","baseKeyType":1,"closed":-1,"used":1755758930417,"created":1755758930417,"remoteIdentityKey":"BU0vhkbUtiqJj0VdixTksAl49UnKBlV84lD1AnHxp/cE"},"_chains":{"BVXC4BjTr9+VJxn73Bn38hkw1mYjZZ19dMvkEZR/c/RA":{"chainKey":{"counter":0,"key":"j/WpT34VyXojLuiBTj3ib5Q2LL3DZJUTfL4DXw1eCmA="},"chainType":1,"messageKeys":{}}},"pendingPreKey":{"signedKeyId":9,"baseKey":"BWfIAxji1yTTCIJdDpZVJPLS6YgXXf63qU9GiVA1mAR3","preKeyId":9937437}}},"version":"v1"}