{"_sessions":{"Bbl54C1oSbD4Ms/EPZQs168hSffj4W7HDNJSo+eLXWsG":{"registrationId":187639414,"currentRatchet":{"ephemeralKeyPair":{"pubKey":"BVN47puVO/PteAyxHvJ2Gj8AlDvATlZ6IL+ap9MPo50Z","privKey":"IE+bthtnn1YabUnhghw+xr1KlNydEVIQcQmj1mZLwFM="},"lastRemoteEphemeralKey":"BVKGui+fCcvk9aGMuCV7J0Ffa1scGnc96d5BQ8NvbSIa","previousCounter":0,"rootKey":"MICcFr/GaFNUSywmZG6vI0O1ALxXYte44JBjyb8rHBI="},"indexInfo":{"baseKey":"Bbl54C1oSbD4Ms/EPZQs168hSffj4W7HDNJSo+eLXWsG","baseKeyType":1,"closed":-1,"used":1755758928913,"created":1755758928913,"remoteIdentityKey":"BS2eM4cv3hl8tYVEQdag0iNP7jbO+59s4xMV1OLHvlAN"},"_chains":{"BVN47puVO/PteAyxHvJ2Gj8AlDvATlZ6IL+ap9MPo50Z":{"chainKey":{"counter":0,"key":"k3rLOxx6ByleQ4mnlAMZeD4QwXTVkFN+ZePKRZdqvIo="},"chainType":1,"messageKeys":{}}},"pendingPreKey":{"signedKeyId":21,"baseKey":"Bbl54C1oSbD4Ms/EPZQs168hSffj4W7HDNJSo+eLXWsG","preKeyId":16757070}}},"version":"v1"}