{"_sessions":{"BcUsFzU48ytqPDPatcje3fZqdOvt0EIp/wu4w1C8rcwV":{"registrationId":355042093,"currentRatchet":{"ephemeralKeyPair":{"pubKey":"BR4eWTDYqIMMfRa5nuMKHxasvpVGNK9U4cDMg3rUciQr","privKey":"6A1r3naPXnzBkbnGu2EWsPn2MFIyWUHS3gBkx/xS3XY="},"lastRemoteEphemeralKey":"BaTR3CvBEsRFKsSRn6t/uKSE+NymtuGYRaTLM7odzB9D","previousCounter":0,"rootKey":"XM2Gs/JPpMFNYvjaQuINqQvh9ulIGIfoqC4i6tjX7lY="},"indexInfo":{"baseKey":"BcUsFzU48ytqPDPatcje3fZqdOvt0EIp/wu4w1C8rcwV","baseKeyType":1,"closed":-1,"used":1755758929684,"created":1755758929684,"remoteIdentityKey":"BR7sF+XzJ0OzmJGN+GNM7M008FXycLFTPEEPnlSIQVYW"},"_chains":{"BR4eWTDYqIMMfRa5nuMKHxasvpVGNK9U4cDMg3rUciQr":{"chainKey":{"counter":0,"key":"VgBYrxJrGozyzVClhW6Bph7ZwHYko0Hn63PVopvjhg0="},"chainType":1,"messageKeys":{}}},"pendingPreKey":{"signedKeyId":88,"baseKey":"BcUsFzU48ytqPDPatcje3fZqdOvt0EIp/wu4w1C8rcwV"}}},"version":"v1"}