{"_sessions":{"BfX5F0ayq8zXz4WhnHwhXw59/6+t8Wrgt0pokzHurBgf":{"registrationId":1187074414,"currentRatchet":{"ephemeralKeyPair":{"pubKey":"BXZVM61O+OKEz6vuBEK8A+UfoMmQyrwUzHO2x/jBGecL","privKey":"cBmWdwFfH9f7TzaoWu/55mkOg02pV9UyDQNO8klD/Fw="},"lastRemoteEphemeralKey":"BcO78VmdX6OKRFPtNRcyN35hPQRXVDBWLbGpA7mC6fkX","previousCounter":0,"rootKey":"aVp33VUakmMGxqN+EJux9pd+gLNmfP2ROGQ2LivaaPE="},"indexInfo":{"baseKey":"BfX5F0ayq8zXz4WhnHwhXw59/6+t8Wrgt0pokzHurBgf","baseKeyType":1,"closed":-1,"used":1755758929711,"created":1755758929711,"remoteIdentityKey":"BQb+BpTDvYe4XbteQMXB35GOt/j0eU1dYl7Lxm6jdVBu"},"_chains":{"BXZVM61O+OKEz6vuBEK8A+UfoMmQyrwUzHO2x/jBGecL":{"chainKey":{"counter":0,"key":"TbfDJFJPfR+9IEat+X5hmyLfhQMwAkyW3DqQnqcq4aA="},"chainType":1,"messageKeys":{}}},"pendingPreKey":{"signedKeyId":14307358,"baseKey":"BfX5F0ayq8zXz4WhnHwhXw59/6+t8Wrgt0pokzHurBgf","preKeyId":7891}}},"version":"v1"}