{"_sessions":{"BXb/Kl5Vq6N9fQMxuJVnqlAFFtu9Un9y+cnvEMMywNVV":{"registrationId":1485240516,"currentRatchet":{"ephemeralKeyPair":{"pubKey":"BesPl14kHuVv9FegQg1RPEHsS5UDnTicYuyfYlw51q9U","privKey":"oIG83Ah/jzXyplMaMiGqn8ow8J2KXOjqEJQ+EYkK3kk="},"lastRemoteEphemeralKey":"BT+WYqfR2jaU8aixkNJsEmmt4sYs6gfm6JcsVfhHMGE6","previousCounter":0,"rootKey":"+7WeOUcoZ2nLHRClvk2uSVxV/BVttCobuRIQmeUHIuU="},"indexInfo":{"baseKey":"BXb/Kl5Vq6N9fQMxuJVnqlAFFtu9Un9y+cnvEMMywNVV","baseKeyType":1,"closed":-1,"used":1755758929016,"created":1755758929016,"remoteIdentityKey":"BbAlrVZTD9VqveCGfFnE6mzhBu0mtL5syGW7e7mmJJEv"},"_chains":{"BesPl14kHuVv9FegQg1RPEHsS5UDnTicYuyfYlw51q9U":{"chainKey":{"counter":0,"key":"QLmRm1heX44M/JUzmc2gBNTrs7dWYI31e8rfESl6FRA="},"chainType":1,"messageKeys":{}}},"pendingPreKey":{"signedKeyId":13,"baseKey":"BXb/Kl5Vq6N9fQMxuJVnqlAFFtu9Un9y+cnvEMMywNVV","preKeyId":11813656}}},"version":"v1"}