{"_sessions":{"BUeeTUlJQEMBxPyV0HPkCodSW2XdYPfTpGNviIypXuI5":{"registrationId":894096640,"currentRatchet":{"ephemeralKeyPair":{"pubKey":"BThz7F8btKvabQKQqe/EEjPh2eJkMfHP8OIMS+99kM0L","privKey":"gLq2qn2ckxt/ZATGEdCAWXB9FnZYyt8E2qyXOq984XA="},"lastRemoteEphemeralKey":"BQso43rWRf7cu0qtazD85+HngF8yI+1mPYFMvwlhCr1x","previousCounter":0,"rootKey":"r1ZVxAlZk9GPQFDajKO1BlMcR+85MaxSXlFzlHRmw4w="},"indexInfo":{"baseKey":"BUeeTUlJQEMBxPyV0HPkCodSW2XdYPfTpGNviIypXuI5","baseKeyType":1,"closed":-1,"used":1755758930375,"created":1755758930375,"remoteIdentityKey":"BTcy1RsjWsN6yAvUU5j43r/hD5gUuBHzH8zdZnr26Qlf"},"_chains":{"BThz7F8btKvabQKQqe/EEjPh2eJkMfHP8OIMS+99kM0L":{"chainKey":{"counter":0,"key":"OpAJlTtuvvxPOVQU55GBYJ98iqfHZyE+HH4KcV3F+N4="},"chainType":1,"messageKeys":{}}},"pendingPreKey":{"signedKeyId":13,"baseKey":"BUeeTUlJQEMBxPyV0HPkCodSW2XdYPfTpGNviIypXuI5","preKeyId":11587625}}},"version":"v1"}