{"_sessions":{"BdWlS5tvZo1vOUhfSEJSgaSt7a9CUSDpKs7wZnGFF8t5":{"registrationId":1105316954,"currentRatchet":{"ephemeralKeyPair":{"pubKey":"BfhdkJBOfvC0H4/onyuc4CUKdjBR1EMTAnaARfp+yZ0h","privKey":"QNc9940U17lNt0t5s8CaOd5Qcsc+0jbWrmS2+af0aVA="},"lastRemoteEphemeralKey":"BUwTZh2m/JkIlpy2Zf+5sYDmVTl7yZKqxpxywftuQ4ZQ","previousCounter":0,"rootKey":"HzVN85dtm0NaFkF2dK6qzGpvHCKl53McBHBCP0RvBQY="},"indexInfo":{"baseKey":"BdWlS5tvZo1vOUhfSEJSgaSt7a9CUSDpKs7wZnGFF8t5","baseKeyType":1,"closed":-1,"used":1755758928733,"created":1755758928733,"remoteIdentityKey":"BaDyToD6dT2cFypMr7Xpx/Xc0Sb3yo2vco/XhAPqa4AL"},"_chains":{"BfhdkJBOfvC0H4/onyuc4CUKdjBR1EMTAnaARfp+yZ0h":{"chainKey":{"counter":0,"key":"NT8ASdldkgnZkDcE6cs7q67v+mM8FZJoG+7J/+4K10Y="},"chainType":1,"messageKeys":{}}},"pendingPreKey":{"signedKeyId":22,"baseKey":"BdWlS5tvZo1vOUhfSEJSgaSt7a9CUSDpKs7wZnGFF8t5","preKeyId":3689055}}},"version":"v1"}