{"_sessions":{"BUbrseO6wO6ZjwXAjpPBbsu5I2w9SH7RmyBnunKOu+Fc":{"registrationId":2053965737,"currentRatchet":{"ephemeralKeyPair":{"pubKey":"BXzpXu5CJHu4JPTZCqMiCogzQlu/vk9in98xHxQjrBNL","privKey":"mCOiioei4aJ7pWEd50Vn0Oi/k5jKgmBIP9nEKjr7E0M="},"lastRemoteEphemeralKey":"BYYvp1Vc3s76xq1ilHeqzv6r4x1ffcTkEHRBzV3PvPEq","previousCounter":0,"rootKey":"pS+gTPcLnNYxdgd1cMQxDjmvKe6hB4UOwLCvk1G1Wpo="},"indexInfo":{"baseKey":"BUbrseO6wO6ZjwXAjpPBbsu5I2w9SH7RmyBnunKOu+Fc","baseKeyType":1,"closed":-1,"used":1755758928996,"created":1755758928996,"remoteIdentityKey":"BV6dPmUEP+ZngoKrAxumYBBiU4Gt7TosaegYfqCbWnR3"},"_chains":{"BXzpXu5CJHu4JPTZCqMiCogzQlu/vk9in98xHxQjrBNL":{"chainKey":{"counter":0,"key":"433QNQZ3T6GuXdQ60uEs6EItBwVAQQWrsAYp8a3xUYA="},"chainType":1,"messageKeys":{}}},"pendingPreKey":{"signedKeyId":4,"baseKey":"BUbrseO6wO6ZjwXAjpPBbsu5I2w9SH7RmyBnunKOu+Fc","preKeyId":14593161}}},"version":"v1"}