{"_sessions":{"BQgPWtO978dFQBO90e+3GHiIQ2Z8B7WESWbpYH5DWyNp":{"registrationId":1747964854,"currentRatchet":{"ephemeralKeyPair":{"pubKey":"Bdckn+Mt62a2QWIf86m63n0a9AvKCug7VB3YkRhOzasE","privKey":"8AmjrffEbS73RkLiadopD1iqSND3g7K2nmiiF3BPHWs="},"lastRemoteEphemeralKey":"BXp/Wgo1EVbgysBkvhRuzEv+TDD9RGsh/w6elRSmjhQT","previousCounter":0,"rootKey":"PGMYw2UEnwOkOaJSlBLMUtfKvGZKqgakgDW5mgW9ObI="},"indexInfo":{"baseKey":"BQgPWtO978dFQBO90e+3GHiIQ2Z8B7WESWbpYH5DWyNp","baseKeyType":1,"closed":-1,"used":1755758929087,"created":1755758929087,"remoteIdentityKey":"BQ1qvF1juKTCx6URMIaDQ6BXTy/ZuZw7Coo932tsh0kc"},"_chains":{"Bdckn+Mt62a2QWIf86m63n0a9AvKCug7VB3YkRhOzasE":{"chainKey":{"counter":0,"key":"EkF5ZZGsCNoxdaHJC1lN2Dm1+vdInn34ttyo0rcuR9o="},"chainType":1,"messageKeys":{}}},"pendingPreKey":{"signedKeyId":12,"baseKey":"BQgPWtO978dFQBO90e+3GHiIQ2Z8B7WESWbpYH5DWyNp","preKeyId":15561568}}},"version":"v1"}