{"_sessions":{"BUU/YDOq5+Yq6AMUIdykdJnpKw8tgFSNdtXIfdjMm49b":{"registrationId":83046807,"currentRatchet":{"ephemeralKeyPair":{"pubKey":"BaaFp+EXzChi9iMd2DXgeyWpyk2Lf2px+hXgIJq3BxYN","privKey":"+LzdP0pjr2yJSBVsAapE1DDCzhGU2O/b0scMQwh/53A="},"lastRemoteEphemeralKey":"Ba9HTvK6hmEBgWRWF8dz68eEQwTuEu7B8ezB30LaMbF3","previousCounter":0,"rootKey":"0JPbrjk8I7bjWdtgvOOnn4XQXOENpEtf3VVtTI+PoGY="},"indexInfo":{"baseKey":"BUU/YDOq5+Yq6AMUIdykdJnpKw8tgFSNdtXIfdjMm49b","baseKeyType":1,"closed":-1,"used":1755758929326,"created":1755758929326,"remoteIdentityKey":"BZnvSeYMvHMXdsNHQmyWWCsAqOmLlOISoI1nFpPoKdsU"},"_chains":{"BaaFp+EXzChi9iMd2DXgeyWpyk2Lf2px+hXgIJq3BxYN":{"chainKey":{"counter":0,"key":"oVh39czFspTeeOKyIO9mfTmLrQNd4ncUjLh51i4+XjQ="},"chainType":1,"messageKeys":{}}},"pendingPreKey":{"signedKeyId":2,"baseKey":"BUU/YDOq5+Yq6AMUIdykdJnpKw8tgFSNdtXIfdjMm49b","preKeyId":13194831}}},"version":"v1"}