{"_sessions":{"BW61mODaSTKNt9KtpzVr32xrkO+Eu/NkAE86B5ncZNQh":{"registrationId":1821383284,"currentRatchet":{"ephemeralKeyPair":{"pubKey":"BVP080Fne4G6QZt/w6xaiWyHTrn8BukFWTTgCTLV6yAF","privKey":"mGEIQFmUPtixyZfP5A2fXjfIhMh58O6Gc1la4XpYvnw="},"lastRemoteEphemeralKey":"BZe5RcyF78+L//zqqy2cTs2X8cysZvELOxglc+txmkdF","previousCounter":0,"rootKey":"l6J4zufhRBSNr4J1UgjhhryLHGvw7yU/fBOqpm0rtC8="},"indexInfo":{"baseKey":"BW61mODaSTKNt9KtpzVr32xrkO+Eu/NkAE86B5ncZNQh","baseKeyType":1,"closed":-1,"used":1755758929930,"created":1755758929930,"remoteIdentityKey":"BfQNIInv2O1nXnbjBdXVk/iUncGf3gkiF/l2ePBrZFF3"},"_chains":{"BVP080Fne4G6QZt/w6xaiWyHTrn8BukFWTTgCTLV6yAF":{"chainKey":{"counter":0,"key":"7AHxRjQ+gw/fi931L8bMZhI0fCPhaMZ8jKeHhxqotP8="},"chainType":1,"messageKeys":{}}},"pendingPreKey":{"signedKeyId":13902735,"baseKey":"BW61mODaSTKNt9KtpzVr32xrkO+Eu/NkAE86B5ncZNQh","preKeyId":16918}}},"version":"v1"}