{"_sessions":{"BRcddD0ZpzwFrByY+RNSvKtsUVPbRYrIR4Ig9OzszTU0":{"registrationId":1970766702,"currentRatchet":{"ephemeralKeyPair":{"pubKey":"BWV9z82KiHkEvYHn5ryLlBLBV3Dg5Fa+jUP/InqGoAMT","privKey":"qPnk+Z1Zl4is1ziRzruqeRTnxC0Ox8RWZ5e7XaESUFw="},"lastRemoteEphemeralKey":"BT9gLJ2smrnl89LfAlocXqdAwI+B7zFZVCGvtzMCnDNW","previousCounter":0,"rootKey":"zd5/maAm6Rxvg8gqm7mluN2sya1smL+TjtJ5ObvbmdA="},"indexInfo":{"baseKey":"BRcddD0ZpzwFrByY+RNSvKtsUVPbRYrIR4Ig9OzszTU0","baseKeyType":1,"closed":-1,"used":1755758804470,"created":1755758804470,"remoteIdentityKey":"BQFivO9YTNZ/VrNKgYRUX6NKa088AHNKH1+8EOg1vZNF"},"_chains":{"BWV9z82KiHkEvYHn5ryLlBLBV3Dg5Fa+jUP/InqGoAMT":{"chainKey":{"counter":3,"key":"ggAFYUQ4HFZjWnO6pfl0zTtjWeiBHP3sA8Qj1jPk+Wk="},"chainType":1,"messageKeys":{}}},"pendingPreKey":{"signedKeyId":1,"baseKey":"BRcddD0ZpzwFrByY+RNSvKtsUVPbRYrIR4Ig9OzszTU0"}}},"version":"v1"}