{"_sessions":{"BQVqgua+8fhtKuigoQbfIZGaVmpQPeHrgVDRoNKfZw5q":{"registrationId":929587879,"currentRatchet":{"ephemeralKeyPair":{"pubKey":"BQ2Rk8aNrPyP/cbH8cn+2Ty41J9Hre2y9bzavmjRxxEH","privKey":"aKzfhVFnDkV9KLCzxYRFJYHPq40tTX4cDjNOldG+rlY="},"lastRemoteEphemeralKey":"BUU5aQdFsDhniJPLr0BTYhDEMTb7f4d0Gkk5fcEZU2VY","previousCounter":0,"rootKey":"+DPk1p8R4dR9HIcFBYUoS1UNWmHJvqWdYWx7aLtk3MU="},"indexInfo":{"baseKey":"BQVqgua+8fhtKuigoQbfIZGaVmpQPeHrgVDRoNKfZw5q","baseKeyType":1,"closed":-1,"used":1755758930052,"created":1755758930052,"remoteIdentityKey":"BRlC9/BXIAcI38vIHlIdU6qV/KpnZez0oNWTnAVFo1ZB"},"_chains":{"BQ2Rk8aNrPyP/cbH8cn+2Ty41J9Hre2y9bzavmjRxxEH":{"chainKey":{"counter":0,"key":"NB89yPunKpusfzZrcuPAOXjSfjdoKyMSBkUV/KqPFkw="},"chainType":1,"messageKeys":{}}},"pendingPreKey":{"signedKeyId":46,"baseKey":"BQVqgua+8fhtKuigoQbfIZGaVmpQPeHrgVDRoNKfZw5q","preKeyId":11254812}}},"version":"v1"}