{"_sessions":{"BS6ViVVJxN3JJlqsiFm0BzG6tWeCeA+8RCZNabc+bUwO":{"registrationId":586547172,"currentRatchet":{"ephemeralKeyPair":{"pubKey":"BcgyQ3mX8hKmudTzef9ufmGHfrgvYsN1NUBQuaZmMNJR","privKey":"WLMe0vVc46LXObK4gpaoAeTTs2hU4nA2q/wwxXAh1HU="},"lastRemoteEphemeralKey":"BUwsATx9uGgySrWqVvHVbX7O9qZnLwrFokJDltYK4Awl","previousCounter":0,"rootKey":"+Ofl7kg2KpAe87EpHvxaG2dyNguQO+8kWJckDA9aXS8="},"indexInfo":{"baseKey":"BS6ViVVJxN3JJlqsiFm0BzG6tWeCeA+8RCZNabc+bUwO","baseKeyType":1,"closed":-1,"used":1755758928407,"created":1755758928407,"remoteIdentityKey":"BRoyqOZU50iAORkwDti5fWjhfjmG1f9DvvIqomi1wlRt"},"_chains":{"BcgyQ3mX8hKmudTzef9ufmGHfrgvYsN1NUBQuaZmMNJR":{"chainKey":{"counter":0,"key":"I9pbc+OpYyOUSqkHUYbyOZEWrwch38KgmrWCJhg0FFs="},"chainType":1,"messageKeys":{}}},"pendingPreKey":{"signedKeyId":7,"baseKey":"BS6ViVVJxN3JJlqsiFm0BzG6tWeCeA+8RCZNabc+bUwO","preKeyId":9644910}}},"version":"v1"}