{"_sessions":{"BWrQq1TtZcy5yZGeqQ903JFdOhuKBhBQCYJ3AbjryrBE":{"registrationId":66624635,"currentRatchet":{"ephemeralKeyPair":{"pubKey":"BWuZ83HANwVuqnqpn6KyxLKnsHr/Dh12xgro0XyP4oNc","privKey":"4FPnhDRLRpvBi42VrVSN/lTl4Hf0BQJaWbauPXHgbFQ="},"lastRemoteEphemeralKey":"BRDTc9c992QPhMclTUql+i0p8ufpSzilkWSNATpKkU9X","previousCounter":0,"rootKey":"cTTmNWbROfUqzo52ApYBXD8VacUrdB4qetwLLqBLhYk="},"indexInfo":{"baseKey":"BWrQq1TtZcy5yZGeqQ903JFdOhuKBhBQCYJ3AbjryrBE","baseKeyType":1,"closed":-1,"used":1755758930474,"created":1755758930474,"remoteIdentityKey":"BSl/kbeTrJtaMGaP5xnjhtxr3VDo5nessbbKpWk5wfxr"},"_chains":{"BWuZ83HANwVuqnqpn6KyxLKnsHr/Dh12xgro0XyP4oNc":{"chainKey":{"counter":0,"key":"b1Ec4OpqNP7ArH7pgwIhUOvEqmtO5oqg/xjdXgqAmp8="},"chainType":1,"messageKeys":{}}},"pendingPreKey":{"signedKeyId":10796948,"baseKey":"BWrQq1TtZcy5yZGeqQ903JFdOhuKBhBQCYJ3AbjryrBE","preKeyId":21322}}},"version":"v1"}