{"_sessions":{"BYa9lEHLXmVutzgqvGxPl35hlX1GKEDIEe8AaUqhyZZr":{"registrationId":626930409,"currentRatchet":{"ephemeralKeyPair":{"pubKey":"BXSCkaW+4jpqJCD2dy6OOz/A7/avCuMWvor8yVfPIKJA","privKey":"WH87Eui83a5F/jnZTrOWNv6yxk7fEWDQ7oaviohNGHQ="},"lastRemoteEphemeralKey":"BWh+//8qwYUPDPZ1iBrC0v3FoZC8ZhRMqOpTcVtAA5ND","previousCounter":0,"rootKey":"W1IHbphhDQZ6nODnDS9iT35fr0x+4xweGovNCGdWehQ="},"indexInfo":{"baseKey":"BYa9lEHLXmVutzgqvGxPl35hlX1GKEDIEe8AaUqhyZZr","baseKeyType":1,"closed":-1,"used":1755758928695,"created":1755758928695,"remoteIdentityKey":"BThdrbAURjDNS4ZANK3gV8f+p5atQn8YYS+tW00vGKgF"},"_chains":{"BXSCkaW+4jpqJCD2dy6OOz/A7/avCuMWvor8yVfPIKJA":{"chainKey":{"counter":0,"key":"ewJnINK1lYTysbz+CoYQCNOkEBBRJ6tlNi4bEQLsJ1M="},"chainType":1,"messageKeys":{}}},"pendingPreKey":{"signedKeyId":8,"baseKey":"BYa9lEHLXmVutzgqvGxPl35hlX1GKEDIEe8AaUqhyZZr","preKeyId":1995915}}},"version":"v1"}