{"_sessions":{"Bana5uYBg906le9uYjMPN38qRQBpUNh/jvK19v7XPQlQ":{"registrationId":745112445,"currentRatchet":{"ephemeralKeyPair":{"pubKey":"BYcT+R8+sMbDP0+OsgQESjpdUATaBIcpX4c/9DAj4JZH","privKey":"iNqtkPWDGQepAXIG4VYG6WQEMPsgoY0Xnk6jxKAmfH8="},"lastRemoteEphemeralKey":"BT6JLyRoxBqyQ5FoowTvcp8KwR5jEpCDasT1/1e61ZYr","previousCounter":0,"rootKey":"98NM+D++vPb5ADPHdTvWqhjQ6H4J3272eqe68Ugh/80="},"indexInfo":{"baseKey":"Bana5uYBg906le9uYjMPN38qRQBpUNh/jvK19v7XPQlQ","baseKeyType":1,"closed":-1,"used":1755758930308,"created":1755758930308,"remoteIdentityKey":"BXrXWszZz3a+AyMORtKyOJRksCTSx2l+GE5VfKFbXnMm"},"_chains":{"BYcT+R8+sMbDP0+OsgQESjpdUATaBIcpX4c/9DAj4JZH":{"chainKey":{"counter":0,"key":"xV4sukoA1kpWQuGY2kkKSf6xuBZ3XX+5NQ8kLp4isEg="},"chainType":1,"messageKeys":{}}},"pendingPreKey":{"signedKeyId":20,"baseKey":"Bana5uYBg906le9uYjMPN38qRQBpUNh/jvK19v7XPQlQ","preKeyId":9359617}}},"version":"v1"}