{"_sessions":{"Bb0c+rQzjuxTY7Oxki5Y9bVAcgtLFcdj4do04JrHQXMu":{"registrationId":147374125,"currentRatchet":{"ephemeralKeyPair":{"pubKey":"BZU4vyOys2ZWLBNTTPL3C9OUAcwCU75s2gI1uWL4l+Yi","privKey":"QKKV4k81Pz6ilSvzvMiBTX1ua1Vt1R6HJqhWxhx5Wm8="},"lastRemoteEphemeralKey":"BcXyrBP6RPhh5ggXGhncdtr6zsPGp4MagTaYvwpWGHIV","previousCounter":0,"rootKey":"OyUNRcFZutpWBPfonHJQ+j8ftzzPQRB1kgyYaeozjqU="},"indexInfo":{"baseKey":"Bb0c+rQzjuxTY7Oxki5Y9bVAcgtLFcdj4do04JrHQXMu","baseKeyType":1,"closed":-1,"used":1755758930587,"created":1755758930587,"remoteIdentityKey":"BVCFA1S3NFjGS+Koz0hP1SYzLazXDCUogpiohFNWr3kM"},"_chains":{"BZU4vyOys2ZWLBNTTPL3C9OUAcwCU75s2gI1uWL4l+Yi":{"chainKey":{"counter":0,"key":"RPGQpFB8JO4V3GdJMc3KM8skd4SGOePw8gEfsStkl7s="},"chainType":1,"messageKeys":{}}},"pendingPreKey":{"signedKeyId":3394817,"baseKey":"Bb0c+rQzjuxTY7Oxki5Y9bVAcgtLFcdj4do04JrHQXMu","preKeyId":13167}}},"version":"v1"}