{"_sessions":{"BfDnKR/mlRqbZC718yLj3tKSi6mR228dbP/66w1GNLMB":{"registrationId":917529631,"currentRatchet":{"ephemeralKeyPair":{"pubKey":"BbsYxnuKdboPzhEJqPqvivl+Nri3qWdYhrGDXk6EyxIR","privKey":"uFRRcFD/dMpCiVsQIAmGbaVtXPOETdl0yOpnQ/4mEWw="},"lastRemoteEphemeralKey":"BVszGdVJ2bo6nS7g7v8DFFQJJ3JZj4gFHgMWPoJLCFYY","previousCounter":0,"rootKey":"uJLcLi22l5rD8M9GDtkA+FC71D3nsk/IKtXSldwO3ck="},"indexInfo":{"baseKey":"BfDnKR/mlRqbZC718yLj3tKSi6mR228dbP/66w1GNLMB","baseKeyType":1,"closed":-1,"used":1755758930123,"created":1755758930123,"remoteIdentityKey":"BTg44VT/bq547rBGOOR+QI/7A5JCsRuwXG/lICTVcoBU"},"_chains":{"BbsYxnuKdboPzhEJqPqvivl+Nri3qWdYhrGDXk6EyxIR":{"chainKey":{"counter":0,"key":"BY6aGSQnYIf+DNbdKJ+EsBIln1er74QUJO5flgufGl8="},"chainType":1,"messageKeys":{}}},"pendingPreKey":{"signedKeyId":1,"baseKey":"BfDnKR/mlRqbZC718yLj3tKSi6mR228dbP/66w1GNLMB","preKeyId":87739}}},"version":"v1"}