{"_sessions":{"BSpFyhPrf0sYBmBfh8ZuUPj2SayelIxCYO3EZgElPYtl":{"registrationId":928946345,"currentRatchet":{"ephemeralKeyPair":{"pubKey":"BdlBusBJuTwT/MX4XAZY2YS40Yhf9QYtZ1xOvtCm2ihm","privKey":"aL7TXIX2bCZzwT4jz+0eLrRuQVK9jMOi1IPUNkN9d2E="},"lastRemoteEphemeralKey":"BTFGpxCoFWPb4MLPcfZ6Xmk35VofY81GyUH5YyPIDSQ1","previousCounter":0,"rootKey":"/uR5/qbCnhFGg8qph3uqq4ghgRg4kAYdmdT24bonlkY="},"indexInfo":{"baseKey":"BSpFyhPrf0sYBmBfh8ZuUPj2SayelIxCYO3EZgElPYtl","baseKeyType":1,"closed":-1,"used":1755758929669,"created":1755758929669,"remoteIdentityKey":"BZVett5e7tB431pbsh3r6dsfm6YVSge+1c3YHcHGnU1P"},"_chains":{"BdlBusBJuTwT/MX4XAZY2YS40Yhf9QYtZ1xOvtCm2ihm":{"chainKey":{"counter":0,"key":"JXzMkEEp+r4GMtaES1J1xQ3chXXzXmLpI5nBZ5mpVTg="},"chainType":1,"messageKeys":{}}},"pendingPreKey":{"signedKeyId":12,"baseKey":"BSpFyhPrf0sYBmBfh8ZuUPj2SayelIxCYO3EZgElPYtl","preKeyId":7601802}}},"version":"v1"}