{"_sessions":{"BZ4mX9oXtgAWIPHTOxh70laA3A4YcFMRs0Yf0Tc2UtxB":{"registrationId":246739318,"currentRatchet":{"ephemeralKeyPair":{"pubKey":"BVKzTmzCqQjdtvz32UuZLunsDBX68IudWDY9aPTODBos","privKey":"AFi0vA/8G0e4ztmuJBZLF69I6ZUAmZnrqJO3uv4RR1s="},"lastRemoteEphemeralKey":"BdtmE+9/8vtMb4/qS5A5JrNy8gP9V5nv7cKxXvVrulla","previousCounter":0,"rootKey":"w1tO1ZvORG68mqTFK5ShBURexDE8BYpv2SEajoNWs2o="},"indexInfo":{"baseKey":"BZ4mX9oXtgAWIPHTOxh70laA3A4YcFMRs0Yf0Tc2UtxB","baseKeyType":1,"closed":-1,"used":1755758804458,"created":1755758804458,"remoteIdentityKey":"BY2KA2Zfu7+fgLJYbWa292nxmBAworRPICb4miJNFgU5"},"_chains":{"BVKzTmzCqQjdtvz32UuZLunsDBX68IudWDY9aPTODBos":{"chainKey":{"counter":3,"key":"00RRpluZRYLL7GMmLDU6uD38U2UWNKb8qN1prvysRkQ="},"chainType":1,"messageKeys":{}}},"pendingPreKey":{"signedKeyId":3,"baseKey":"BZ4mX9oXtgAWIPHTOxh70laA3A4YcFMRs0Yf0Tc2UtxB","preKeyId":10434939}}},"version":"v1"}