{"_sessions":{"BY4uhpewJqs+CxZduNDfv7J4Ag+jG24uxSoYojmI8NZk":{"registrationId":1091199110,"currentRatchet":{"ephemeralKeyPair":{"pubKey":"Bb0L8VjeTC9Q0lZ0MhKp46Y2VlkhTl+PqsXWZI/b4vpf","privKey":"8H11P8mYQ10OBX5UZJ5tKKmUSUIQZFImrycA3XDDAXk="},"lastRemoteEphemeralKey":"BZ4f+P219YZlx2pq9MiLXFuvOYivRYfNBMwd4Sq6mqod","previousCounter":0,"rootKey":"eNTuqcbwQxRp3dJxVgEOxdj5HA+PbAlO9QfBXqeQES4="},"indexInfo":{"baseKey":"BY4uhpewJqs+CxZduNDfv7J4Ag+jG24uxSoYojmI8NZk","baseKeyType":1,"closed":-1,"used":1755758929638,"created":1755758929638,"remoteIdentityKey":"BdLUiawaNjG84eHj2Ko6B6Zli+cCW9x74PKY2IUQqwJy"},"_chains":{"Bb0L8VjeTC9Q0lZ0MhKp46Y2VlkhTl+PqsXWZI/b4vpf":{"chainKey":{"counter":0,"key":"ZYxhEvAeUzHVyYcGUawUp8jgPy0yUp9jjTvTZG46NjA="},"chainType":1,"messageKeys":{}}},"pendingPreKey":{"signedKeyId":2,"baseKey":"BY4uhpewJqs+CxZduNDfv7J4Ag+jG24uxSoYojmI8NZk","preKeyId":15928536}}},"version":"v1"}