{"_sessions":{"BZr5kgSaSXXyxnOjdhCZ87aOUx4Rxa6fFri67Dr8a0pF":{"registrationId":1593789619,"currentRatchet":{"ephemeralKeyPair":{"pubKey":"BUuvGKc5G7ttWpUKG90qBugy+kXTSoUfmgqw+n2F9YVr","privKey":"wHxM6myDcAGUGLezENgxw3WstH1eUo4vRr6IXBFsRlc="},"lastRemoteEphemeralKey":"BQI1+NEOSW25ZVzyzJG2jQbha+7IdtNVcH4nEXAWolYz","previousCounter":0,"rootKey":"x0x83Mz2x5T2x9jlQKJXRahFnQGC6IHR2BLr+OohiYc="},"indexInfo":{"baseKey":"BZr5kgSaSXXyxnOjdhCZ87aOUx4Rxa6fFri67Dr8a0pF","baseKeyType":1,"closed":-1,"used":1755758930603,"created":1755758930603,"remoteIdentityKey":"BewUCRZbzM64X0DtpbpB/zNIVGlwXYjA0TjiCYZ0hpBa"},"_chains":{"BUuvGKc5G7ttWpUKG90qBugy+kXTSoUfmgqw+n2F9YVr":{"chainKey":{"counter":0,"key":"GwiAEFvOXRHLNqe9d4+c2ZPQnzt37HVQuCWutseADkY="},"chainType":1,"messageKeys":{}}},"pendingPreKey":{"signedKeyId":6,"baseKey":"BZr5kgSaSXXyxnOjdhCZ87aOUx4Rxa6fFri67Dr8a0pF","preKeyId":1678013}}},"version":"v1"}