{"_sessions":{"BUX8Gcy1BpMfksOk7PP3/L4s+T2J7N0XM7diN7go0WIk":{"registrationId":565157996,"currentRatchet":{"ephemeralKeyPair":{"pubKey":"BWbtZht/7OtDdLpD/7WifGDHYQF8QomyB8hxbJd4VcVb","privKey":"YBbUB4lQqqI2tMdm1t1ZRTnr/KCmy1hR0pjCbuS40nk="},"lastRemoteEphemeralKey":"BXmQVrB1JrJNlPb0+6TJ/LHr6RAgca3WPZ2sRPa6BLUu","previousCounter":0,"rootKey":"cjqwfR4k9yPI2Q/wrALy7JdNnYWKcrAu9w82DmrK/94="},"indexInfo":{"baseKey":"BUX8Gcy1BpMfksOk7PP3/L4s+T2J7N0XM7diN7go0WIk","baseKeyType":1,"closed":-1,"used":1755758929427,"created":1755758929427,"remoteIdentityKey":"BR1ITdmf7u1jM2ZuGHxtC5Yt/v/7EHs3HoTSuFvBaxQq"},"_chains":{"BWbtZht/7OtDdLpD/7WifGDHYQF8QomyB8hxbJd4VcVb":{"chainKey":{"counter":0,"key":"tyXamt+qMPCSQcf3n4/LYdBD62vTXBv3ogdIRUAXdjU="},"chainType":1,"messageKeys":{}}},"pendingPreKey":{"signedKeyId":16,"baseKey":"BUX8Gcy1BpMfksOk7PP3/L4s+T2J7N0XM7diN7go0WIk","preKeyId":13763060}}},"version":"v1"}