{"_sessions":{"BeZ4XCPK4+kvDReQle4rpyMrGkGj27W2hbOgV5J5J211":{"registrationId":2038973784,"currentRatchet":{"ephemeralKeyPair":{"pubKey":"BdntBYY9N2eY9GOnM+xbim4YRWTyk+ZIfOs/9TLMwTJm","privKey":"sPbwct+kzA3p0gfcO99ttF7jtj7QaB2Vsy5iFUj6cEM="},"lastRemoteEphemeralKey":"BTAfyQNXFhOANQakpQZTLPjgyaebwAgh7H6Pbj89N84i","previousCounter":0,"rootKey":"KBkOEgVOUeNXfkcM2o3Rcin+73hpS6yfnXgYHJxsG+0="},"indexInfo":{"baseKey":"BeZ4XCPK4+kvDReQle4rpyMrGkGj27W2hbOgV5J5J211","baseKeyType":1,"closed":-1,"used":1755758930158,"created":1755758930158,"remoteIdentityKey":"BZE/bgHdmXI5AVcjGMMTQIaUih+63N1cdlI54NsOI2Ex"},"_chains":{"BdntBYY9N2eY9GOnM+xbim4YRWTyk+ZIfOs/9TLMwTJm":{"chainKey":{"counter":0,"key":"BSi/FzgRM5s4qagHkBywLzgr4tw5oTgPDf36NCqMvHs="},"chainType":1,"messageKeys":{}}},"pendingPreKey":{"signedKeyId":9,"baseKey":"BeZ4XCPK4+kvDReQle4rpyMrGkGj27W2hbOgV5J5J211","preKeyId":9782519}}},"version":"v1"}