{"_sessions":{"BZWbje4hXfm4kQuCWZDmbwEPsXc5sUIMyR3WSpmoFodl":{"registrationId":1624921117,"currentRatchet":{"ephemeralKeyPair":{"pubKey":"BfQ90BFMxmBrBVj9Iq1ZANcX1YPXGQBQ4DlQG5okIy5w","privKey":"uNRMZfaRNhQZKUYuWTgsAMoOhJe9eLR/vUfjJOFyk1U="},"lastRemoteEphemeralKey":"BTiln48+85+dH/zcxTT197QUEKiVFSE/+1Ye9RqrHLgc","previousCounter":0,"rootKey":"bV8scWirD7KMX2+6u8WxkeYsfqIJoaZm2PQetT4xowE="},"indexInfo":{"baseKey":"BZWbje4hXfm4kQuCWZDmbwEPsXc5sUIMyR3WSpmoFodl","baseKeyType":1,"closed":-1,"used":1755758928545,"created":1755758928545,"remoteIdentityKey":"BfudyqCPvpGtz45ARSarzV8o4d9KCrVZQc6wZieRfcxD"},"_chains":{"BfQ90BFMxmBrBVj9Iq1ZANcX1YPXGQBQ4DlQG5okIy5w":{"chainKey":{"counter":0,"key":"rQxayrwuqjVGHQW/qrMTvoJpszptkTJ2sIYiNXOYgl8="},"chainType":1,"messageKeys":{}}},"pendingPreKey":{"signedKeyId":5,"baseKey":"BZWbje4hXfm4kQuCWZDmbwEPsXc5sUIMyR3WSpmoFodl","preKeyId":3049749}}},"version":"v1"}