{"_sessions":{"BfEjGG5jQnGfw5S+xE/QM/AzpnKZXPVWiEXIjD3USp5O":{"registrationId":412567646,"currentRatchet":{"ephemeralKeyPair":{"pubKey":"BXdqnJZ6NCqGdcdXpN0WVJAk2ojzuzuejIDhfUfoJ68Y","privKey":"GCkWUsi14LmQzPTF+mssG3ftZAHycUtdQWWLWHcWom8="},"lastRemoteEphemeralKey":"BdXUG4m3G98LqLpKl3+jzWMXzjPj+ITUvL6I/mFsIng8","previousCounter":0,"rootKey":"iNXkwACNM6ktxqCL4YRfxwMUxo3zSAA9XfXk2YwYUVo="},"indexInfo":{"baseKey":"BfEjGG5jQnGfw5S+xE/QM/AzpnKZXPVWiEXIjD3USp5O","baseKeyType":1,"closed":-1,"used":1755758929451,"created":1755758929451,"remoteIdentityKey":"BZJrmNUW3/wXrXNlylz3CsrceUSyWobx9rgyvhO+uOxc"},"_chains":{"BXdqnJZ6NCqGdcdXpN0WVJAk2ojzuzuejIDhfUfoJ68Y":{"chainKey":{"counter":0,"key":"Tx1JWqILS3oul111NZ2AhK9AWi8BMYLnS18lK449Nn4="},"chainType":1,"messageKeys":{}}},"pendingPreKey":{"signedKeyId":8068881,"baseKey":"BfEjGG5jQnGfw5S+xE/QM/AzpnKZXPVWiEXIjD3USp5O","preKeyId":12422}}},"version":"v1"}