{"_sessions":{"BTJt+4+G1DoIst22xSoRpvrIRPpeoLqASOz+w8o0rG9D":{"registrationId":392078161,"currentRatchet":{"ephemeralKeyPair":{"pubKey":"BUlYyJGsH99PDY3YVWZMRxjyf3pfC4VZb331rRRK/8A1","privKey":"UI28zYLgk1+5IsNyelA33jRGvC1VrBW/MTrrTnvagHo="},"lastRemoteEphemeralKey":"Bc3D0tdTPzuRWeg7bLhrh7C5TidjxddeQMSPu7HgeK4O","previousCounter":0,"rootKey":"vu0d/+yIUlDCwggGHx6tSPsJo4vXX5O+xocjzeVtSuA="},"indexInfo":{"baseKey":"BTJt+4+G1DoIst22xSoRpvrIRPpeoLqASOz+w8o0rG9D","baseKeyType":1,"closed":-1,"used":1755758930230,"created":1755758930230,"remoteIdentityKey":"Bcq9f/CMdKKG5uP8FRhnebNURY5qhnzgqnx1wY6xtuMn"},"_chains":{"BUlYyJGsH99PDY3YVWZMRxjyf3pfC4VZb331rRRK/8A1":{"chainKey":{"counter":0,"key":"mtPp0siEp82v0ktTLffAzZSG4qEzC3CAD7O3IFo/BFM="},"chainType":1,"messageKeys":{}}},"pendingPreKey":{"signedKeyId":14924769,"baseKey":"BTJt+4+G1DoIst22xSoRpvrIRPpeoLqASOz+w8o0rG9D","preKeyId":2554}}},"version":"v1"}