{"_sessions":{"BTnrvC9zl7g0HhY+SfYUSDjg6rayVsZTJYLgMahMLdo2":{"registrationId":1850747308,"currentRatchet":{"ephemeralKeyPair":{"pubKey":"BbMwu6hmd+4fEoUFV7O3THumN451WockAElom0iId9EC","privKey":"SLFSoSY3EGGc7Cpk7A8qBY2yDAScMwrw1oXBusUSf1Y="},"lastRemoteEphemeralKey":"BQX8hjx123iw3WZfG1hWnD0G6bKMYEy4SjD44Fb65VYz","previousCounter":0,"rootKey":"9jAt3yq1Q2YtjowKt/h0VDtFVoOMn4uqH7QaC5utJAQ="},"indexInfo":{"baseKey":"BTnrvC9zl7g0HhY+SfYUSDjg6rayVsZTJYLgMahMLdo2","baseKeyType":1,"closed":-1,"used":1755758930703,"created":1755758930703,"remoteIdentityKey":"BU+eIWAjBL7XFArDnYi5V0g1j7/0DZykm0GzmhJH4Ioy"},"_chains":{"BbMwu6hmd+4fEoUFV7O3THumN451WockAElom0iId9EC":{"chainKey":{"counter":0,"key":"19Jas8t7bwZDp1lhVN8wVMqXZfNZ8A8DLC5iPCc1JUE="},"chainType":1,"messageKeys":{}}},"pendingPreKey":{"signedKeyId":11,"baseKey":"BTnrvC9zl7g0HhY+SfYUSDjg6rayVsZTJYLgMahMLdo2","preKeyId":4536140}}},"version":"v1"}