{"_sessions":{"BbwydwvoDwNp7An4xVKRZAKi/TPBREi3+DFadXpMTQll":{"registrationId":1713381066,"currentRatchet":{"ephemeralKeyPair":{"pubKey":"BTVBGTbXDMpMSNPaSsDF8UKjy1ynLvOEmMmdnsEWRY9p","privKey":"aKCK1HNJJIgvTz6+jzGwi9geq7ELICj8lMNFWEaJjEE="},"lastRemoteEphemeralKey":"BXBhZMAreGWSs3Sin9l1mofoHPkBsdTKDQ0zPNnUZyMD","previousCounter":0,"rootKey":"UBSe7Uw0Mw7Dqg/kJ+6knclchc4Jy4QsRiBJl6r4JrE="},"indexInfo":{"baseKey":"BbwydwvoDwNp7An4xVKRZAKi/TPBREi3+DFadXpMTQll","baseKeyType":1,"closed":-1,"used":1755758930490,"created":1755758930490,"remoteIdentityKey":"BfD9BuOPOBEJSCZtC8HkEP3ZCZS6EzQiOwTBin3Vwpww"},"_chains":{"BTVBGTbXDMpMSNPaSsDF8UKjy1ynLvOEmMmdnsEWRY9p":{"chainKey":{"counter":0,"key":"OTX5DCEOdguQBywP+I5SGxSteLFQAsa3niAgHK8D2Mk="},"chainType":1,"messageKeys":{}}},"pendingPreKey":{"signedKeyId":8,"baseKey":"BbwydwvoDwNp7An4xVKRZAKi/TPBREi3+DFadXpMTQll","preKeyId":2206781}}},"version":"v1"}