{"_sessions":{"BUyWV9Mb2xLF9rASMog1MxG/kyXpP/rNElw8vSBkcEdo":{"registrationId":612148416,"currentRatchet":{"ephemeralKeyPair":{"pubKey":"BRlZuanwVGx0RsQakP67f7PiDtr9SsQOZtj1M4PPXuMi","privKey":"YFnesMLVNJonvpefRVU2tv8a6sV1ousgo5EF93EJcXU="},"lastRemoteEphemeralKey":"BZPn3ixuBFMarPCswZ4PfRN/t3gVFNr4CwK/2oLs+fx+","previousCounter":0,"rootKey":"AceeKG3SKpf9TvNCDi6zYNeVYLW7vOh36bvmRe93X8w="},"indexInfo":{"baseKey":"BUyWV9Mb2xLF9rASMog1MxG/kyXpP/rNElw8vSBkcEdo","baseKeyType":1,"closed":-1,"used":1755758930598,"created":1755758930598,"remoteIdentityKey":"BUhwAMHhofdnhPi8zQ2cNp0NbgbMAiXabqKpn2pygcBr"},"_chains":{"BRlZuanwVGx0RsQakP67f7PiDtr9SsQOZtj1M4PPXuMi":{"chainKey":{"counter":0,"key":"I+PuFe/7Mp/+hSLPTsyqS4PSXVRCmEbdTejSb/bL8Qo="},"chainType":1,"messageKeys":{}}},"pendingPreKey":{"signedKeyId":15918798,"baseKey":"BUyWV9Mb2xLF9rASMog1MxG/kyXpP/rNElw8vSBkcEdo","preKeyId":10388}}},"version":"v1"}