{"_sessions":{"BZc6cAX4COfzLKxoIDqsqfGC6mt8zPrJL8I5GKF1uBBS":{"registrationId":448224296,"currentRatchet":{"ephemeralKeyPair":{"pubKey":"BWWs8/EUKGQykFM+VdQKUCFIcask0+Lhw/Ds7r5OmU9c","privKey":"aEBI1BIRUyiB9CZ2ClH66+EatzCcgYIXpwi1P1BLMUc="},"lastRemoteEphemeralKey":"BXB/uxXVXpOdkL7MBQMCJiWTOwhRjUKRnrUCVs1OAfA2","previousCounter":0,"rootKey":"qZGeKZTCKC9rVwLh3YGIRxa7WkDnI0tf0drtc0JSBIk="},"indexInfo":{"baseKey":"BZc6cAX4COfzLKxoIDqsqfGC6mt8zPrJL8I5GKF1uBBS","baseKeyType":1,"closed":-1,"used":1755758929082,"created":1755758929082,"remoteIdentityKey":"BVv1oGnqczhYbkBtr53xJYNusoRD7DnHcHIXUuTcvd52"},"_chains":{"BWWs8/EUKGQykFM+VdQKUCFIcask0+Lhw/Ds7r5OmU9c":{"chainKey":{"counter":0,"key":"ugXoXN/D8qq2N66YygMff+p7GoguOb3B98HHouiE/Zg="},"chainType":1,"messageKeys":{}}},"pendingPreKey":{"signedKeyId":14339316,"baseKey":"BZc6cAX4COfzLKxoIDqsqfGC6mt8zPrJL8I5GKF1uBBS"}}},"version":"v1"}