{"_sessions":{"Be1Guhd6DEzOp17/ETAFn94m6Wf5JQELAcFYrgJGP95u":{"registrationId":447628661,"currentRatchet":{"ephemeralKeyPair":{"pubKey":"BcXvVKhDNOjC373q701P1xcgyBIixKCQBw2Lh9GoYxBE","privKey":"MJ41uSIXz+/WTWQdE1fR23Kt5JRIlwc2/G+CCkpq7VM="},"lastRemoteEphemeralKey":"BbN5U4HeIjPxnspLxR50MGBX7IFLRYSwlU7NBlH85bM3","previousCounter":0,"rootKey":"nzmeXrqIefVhgmEWedHinZ4JYjq4VIvNtqx0CDm+pCE="},"indexInfo":{"baseKey":"Be1Guhd6DEzOp17/ETAFn94m6Wf5JQELAcFYrgJGP95u","baseKeyType":1,"closed":-1,"used":1755758928391,"created":1755758928391,"remoteIdentityKey":"BZZvseOhOaKiT8PSh1a/0LyCv9TVec2fGFTf7h9dtYFH"},"_chains":{"BcXvVKhDNOjC373q701P1xcgyBIixKCQBw2Lh9GoYxBE":{"chainKey":{"counter":0,"key":"c2VXCXf1IVAGce4/lzUbZyHGmuhyiQNuAHmcAZ/rdvU="},"chainType":1,"messageKeys":{}}},"pendingPreKey":{"signedKeyId":3387681,"baseKey":"Be1Guhd6DEzOp17/ETAFn94m6Wf5JQELAcFYrgJGP95u","preKeyId":16808}}},"version":"v1"}