{"_sessions":{"BfxGYxm6IjoOEvQ+e8jLwwzMnUbGYvn4uVcnheP5sVQN":{"registrationId":1619160986,"currentRatchet":{"ephemeralKeyPair":{"pubKey":"BcEr/QXUjlGscdHbTHkgDMS5PdW4qRTX4qkUGkaLGN0W","privKey":"EJEGbeDE9yrkIxvK8W7k+spZVEPH8/YdWsQrukj753w="},"lastRemoteEphemeralKey":"BZly+CpPUEGkoSmgOnRSKBd5CYWRmQm7G5vZyUjwX1cq","previousCounter":0,"rootKey":"tO04YScp2Qm45YW3pOliDx8pR0WY3wdDCAkm2EuM2m4="},"indexInfo":{"baseKey":"BfxGYxm6IjoOEvQ+e8jLwwzMnUbGYvn4uVcnheP5sVQN","baseKeyType":1,"closed":-1,"used":1755758929268,"created":1755758929268,"remoteIdentityKey":"BUl/ULbwwHVGGaI0Nz8JeFzEUY9sWT41f1LwRThyoKxc"},"_chains":{"BcEr/QXUjlGscdHbTHkgDMS5PdW4qRTX4qkUGkaLGN0W":{"chainKey":{"counter":0,"key":"lTpNjIvMIqeDHWDcOY/e/NZmROC1o2P8Og9mCHkzRXo="},"chainType":1,"messageKeys":{}}},"pendingPreKey":{"signedKeyId":4,"baseKey":"BfxGYxm6IjoOEvQ+e8jLwwzMnUbGYvn4uVcnheP5sVQN","preKeyId":3981938}}},"version":"v1"}