{"_sessions":{"BWmEkiYQtR6OyBxgIrK9LEM9coOtRSytUIW/mhTWfWYY":{"registrationId":1541917360,"currentRatchet":{"ephemeralKeyPair":{"pubKey":"BXs67kMDiHCRp8YGy3IEfSOV+mSczQcOwrwZhXqcCrBZ","privKey":"kGR6NVXq2RhHNJTBQylUYezMpuT9iDKS6bXMC4E0p2g="},"lastRemoteEphemeralKey":"BSHgbQPxZfNeCPFFAljoi2mcM8prloFsFRUlV4y0ll0o","previousCounter":0,"rootKey":"1AvuUwOgOlg6Ei20b/jcaLSAbWCgL1tCxZL/xDhiJd8="},"indexInfo":{"baseKey":"BWmEkiYQtR6OyBxgIrK9LEM9coOtRSytUIW/mhTWfWYY","baseKeyType":1,"closed":-1,"used":1755758928823,"created":1755758928823,"remoteIdentityKey":"BU44dZvl42e9gNecjhTtYtEg1fExh3paiHB3Vm5uvCMH"},"_chains":{"BXs67kMDiHCRp8YGy3IEfSOV+mSczQcOwrwZhXqcCrBZ":{"chainKey":{"counter":0,"key":"r1sOdcP8lEqNsMquJjfAVtFmjWe0ei6GBAqd8VuqEOQ="},"chainType":1,"messageKeys":{}}},"pendingPreKey":{"signedKeyId":5159848,"baseKey":"BWmEkiYQtR6OyBxgIrK9LEM9coOtRSytUIW/mhTWfWYY","preKeyId":17110}}},"version":"v1"}