{"_sessions":{"BecdhCxMR7gPpcwZYhZ35ujHF9FYBCXfK30remNoqy0I":{"registrationId":1319234296,"currentRatchet":{"ephemeralKeyPair":{"pubKey":"BRrYylz40/H3PZHuWoookpHEpOlWaw/x6Vh0O7BdyB9E","privKey":"mIRNxg34o8IJYwDFl5EB6SXBJDkWu9J0VaRlEVPpnVU="},"lastRemoteEphemeralKey":"BeGSObGORtRXK7LlKTBA5lj0tn4msQ5N37m1gv+T+/wY","previousCounter":0,"rootKey":"PvSKoEz8fsfKSTD3GOKqolynCwjGM7BrExqYRWOy/tw="},"indexInfo":{"baseKey":"BecdhCxMR7gPpcwZYhZ35ujHF9FYBCXfK30remNoqy0I","baseKeyType":1,"closed":-1,"used":1755758929289,"created":1755758929289,"remoteIdentityKey":"BWw8m0qmPOX04XtnlaqU9KA3jSAxzPBZwphT01DoaIBT"},"_chains":{"BRrYylz40/H3PZHuWoookpHEpOlWaw/x6Vh0O7BdyB9E":{"chainKey":{"counter":0,"key":"Nc0nkjwmDF6D8/KZSRTD+ifjo4YYh0JF64uHPWDzg2E="},"chainType":1,"messageKeys":{}}},"pendingPreKey":{"signedKeyId":6,"baseKey":"BecdhCxMR7gPpcwZYhZ35ujHF9FYBCXfK30remNoqy0I","preKeyId":2344005}}},"version":"v1"}