{"_sessions":{"Bal81o6e1qxEqAaYAGJdAPfuwXqmOp4joHx9rm3jtK1s":{"registrationId":126041645,"currentRatchet":{"ephemeralKeyPair":{"pubKey":"BcdEeM3i/DC8SIYTpx92WIHHj9S4zX8vzUF88iw+UjVL","privKey":"iBAElvRQ6XDPMJF/y5XgBeWQ3ycq78GO0JaTIbQW2VA="},"lastRemoteEphemeralKey":"BdDDCUR3eS4zekxWlGvZUwBFPe+9gLJlzOaf5PXOjFJK","previousCounter":0,"rootKey":"/EhU864hBeNXKOKXmcJmSTwCk8RjbqIgmxxiqDIWLro="},"indexInfo":{"baseKey":"Bal81o6e1qxEqAaYAGJdAPfuwXqmOp4joHx9rm3jtK1s","baseKeyType":1,"closed":-1,"used":1755758929925,"created":1755758929925,"remoteIdentityKey":"BThIl9xeeXtrfBGy+j5QoyuLQHrCrWbxAk8Czhz4Yn4B"},"_chains":{"BcdEeM3i/DC8SIYTpx92WIHHj9S4zX8vzUF88iw+UjVL":{"chainKey":{"counter":0,"key":"4EJLyEV31a9RCR+GTTbAhv/u1fMdjvYeKpP9stzl14c="},"chainType":1,"messageKeys":{}}},"pendingPreKey":{"signedKeyId":2682726,"baseKey":"Bal81o6e1qxEqAaYAGJdAPfuwXqmOp4joHx9rm3jtK1s"}}},"version":"v1"}