{"_sessions":{"BRK0o0TnJ6iC0dhBMiXmFjnf6ozrkCycjvhTsooYteVJ":{"registrationId":513765016,"currentRatchet":{"ephemeralKeyPair":{"pubKey":"BYI/n230OW5rBKs4TgMWuwyGKDQnNMUhxNe1a+wHaDVX","privKey":"uO8i2x+aiqZyhcRE6eXbQYQGPyrxnMPVnbn8AxxVlFc="},"lastRemoteEphemeralKey":"BVR98Rtg9QV3nz2XER+IkuhBhZ7Lhk+F6p1k5/oCzMoV","previousCounter":0,"rootKey":"xBYwNtg1hTEAsh11zXyouWCLxMTu43IlEwiYwZ21yWw="},"indexInfo":{"baseKey":"BRK0o0TnJ6iC0dhBMiXmFjnf6ozrkCycjvhTsooYteVJ","baseKeyType":1,"closed":-1,"used":1755758929077,"created":1755758929077,"remoteIdentityKey":"BQ88S3Xs58/BSnAZ7ZsEaJPcG2gEIna0s1rINTUFXOI9"},"_chains":{"BYI/n230OW5rBKs4TgMWuwyGKDQnNMUhxNe1a+wHaDVX":{"chainKey":{"counter":0,"key":"FCA8ZFJ2h0GdTnBJIpPYHy/pklsCPUIpvZIGj2h1SWs="},"chainType":1,"messageKeys":{}}},"pendingPreKey":{"signedKeyId":0,"baseKey":"BRK0o0TnJ6iC0dhBMiXmFjnf6ozrkCycjvhTsooYteVJ","preKeyId":10319589}}},"version":"v1"}