{"_sessions":{"BXuR9kwNccGsbR+RDMLcrNWHx9WmAf7ihIvD01tPQ+M0":{"registrationId":100050890,"currentRatchet":{"ephemeralKeyPair":{"pubKey":"BRKRLCjkO+C1u99t4R7+3MN9jPElA8BmlOrOzZXAo9wy","privKey":"iLVRmRlr/yNRHZoUFxZL0CCUyD01weuLqnLyFHTRb3A="},"lastRemoteEphemeralKey":"BcmrKtkf/umYtLQ4VejrY2k8sKd/Ls4thPPUaXI4DUhT","previousCounter":0,"rootKey":"TCS/DePS1/v4ZvhHdbn2O2W1GMtZfcTuAHTDW/4t0Uo="},"indexInfo":{"baseKey":"BXuR9kwNccGsbR+RDMLcrNWHx9WmAf7ihIvD01tPQ+M0","baseKeyType":1,"closed":-1,"used":1755758928399,"created":1755758928399,"remoteIdentityKey":"BV7nzuuM2t2LsRAdFmbi1cx7pcvrIxfIQU6sSVRKW/Zw"},"_chains":{"BRKRLCjkO+C1u99t4R7+3MN9jPElA8BmlOrOzZXAo9wy":{"chainKey":{"counter":0,"key":"Q+3fqLqnqA+/ZfZ+82qNqfkFi3h7yZAN4Y5tdXKZWCA="},"chainType":1,"messageKeys":{}}},"pendingPreKey":{"signedKeyId":3,"baseKey":"BXuR9kwNccGsbR+RDMLcrNWHx9WmAf7ihIvD01tPQ+M0","preKeyId":15739217}}},"version":"v1"}