{"_sessions":{"BdggZeDBiQobmV1+3TqanTqCE6LUvXtCv1Ks0d4ClJFt":{"registrationId":911794249,"currentRatchet":{"ephemeralKeyPair":{"pubKey":"BZyXu1AipIJpG5bTFHJ2UMxGr4/RmlF7S028R4K5btBw","privKey":"aGNRZo/ygag/MVpIydtYwN68CJbiUyvgpvr/3H8DbGc="},"lastRemoteEphemeralKey":"BSwqA2iARTSNMW/7Px566FmINanj6l3Suv/VB0o1NRcP","previousCounter":0,"rootKey":"i0S00sc0Mf5cTOeZ9wVy19mrPRH18J4Q/WzQAonciXU="},"indexInfo":{"baseKey":"BdggZeDBiQobmV1+3TqanTqCE6LUvXtCv1Ks0d4ClJFt","baseKeyType":1,"closed":-1,"used":1755758928433,"created":1755758928433,"remoteIdentityKey":"Bcpz2LBlp1oLU2XtR/2Blnvh+Dnb1zI+iQlMZnxXUzly"},"_chains":{"BZyXu1AipIJpG5bTFHJ2UMxGr4/RmlF7S028R4K5btBw":{"chainKey":{"counter":0,"key":"CPVsfP9KtbMXtZdbnRDXjwuoMmRplppgA3g2KcLsbxw="},"chainType":1,"messageKeys":{}}},"pendingPreKey":{"signedKeyId":10241231,"baseKey":"BdggZeDBiQobmV1+3TqanTqCE6LUvXtCv1Ks0d4ClJFt","preKeyId":22280}}},"version":"v1"}