{"_sessions":{"BbcVd43YFNJ7FNpVGGD7zHKK6c6WwuXIbXP0wxla04BC":{"registrationId":393833496,"currentRatchet":{"ephemeralKeyPair":{"pubKey":"BehKQ0orf/X+6U9xZuMK0d0Z8BaSCA3vqBzBCNHSsqkk","privKey":"UOysyslC2a3KwLTkvP6ZcO+WRV8SUUi2Y0fnYeYUFFs="},"lastRemoteEphemeralKey":"BTLsub+bQmVc8jFeI4AjCySlxtq2b9YcajZFhhQbmK8D","previousCounter":0,"rootKey":"YBDCVLGrr1dfoSrtRD6fvzugcdf2Xzj9UaELc/fD+K0="},"indexInfo":{"baseKey":"BbcVd43YFNJ7FNpVGGD7zHKK6c6WwuXIbXP0wxla04BC","baseKeyType":1,"closed":-1,"used":1755758929374,"created":1755758929374,"remoteIdentityKey":"BWNgVJoEQ1Uxdtj7ehr9CBFayXD4AptKe40HmDnhw/x7"},"_chains":{"BehKQ0orf/X+6U9xZuMK0d0Z8BaSCA3vqBzBCNHSsqkk":{"chainKey":{"counter":0,"key":"aMlUXwypRG3gInBoayUUcQ7C6RGHN+E4SciWXS8A3qc="},"chainType":1,"messageKeys":{}}},"pendingPreKey":{"signedKeyId":10,"baseKey":"BbcVd43YFNJ7FNpVGGD7zHKK6c6WwuXIbXP0wxla04BC","preKeyId":7959415}}},"version":"v1"}