{"_sessions":{"BcSIsit24vCa9OS9yLtZzSN+/UQBAzKSdst9Mkx3j/pX":{"registrationId":618767476,"currentRatchet":{"ephemeralKeyPair":{"pubKey":"Bbu/dS3tDlJ+ljr6CTu3vCD82wUuue98GyqIH54WfogM","privKey":"2KbY+/OApCNVWFlRPq7M9SYAvacGlo8YdFetFIDdrkg="},"lastRemoteEphemeralKey":"BTxDLsUan2lNP6U9MAPoGpf91H66/C21ZDS72WEO9HQY","previousCounter":0,"rootKey":"8+iofsSyYnUx6xcLfjqr6grWEm2/M5GiTjFTdLn7nnw="},"indexInfo":{"baseKey":"BcSIsit24vCa9OS9yLtZzSN+/UQBAzKSdst9Mkx3j/pX","baseKeyType":1,"closed":-1,"used":1755758929563,"created":1755758929563,"remoteIdentityKey":"BWLdfd2uts2TEGp4yke/PPVh8R9MyS9XyFAfXzGoU4Zy"},"_chains":{"Bbu/dS3tDlJ+ljr6CTu3vCD82wUuue98GyqIH54WfogM":{"chainKey":{"counter":0,"key":"2c5+EqcrodIwSIVqGfaFUwl8iActqyOWGlAZ6xkRAD8="},"chainType":1,"messageKeys":{}}},"pendingPreKey":{"signedKeyId":14,"baseKey":"BcSIsit24vCa9OS9yLtZzSN+/UQBAzKSdst9Mkx3j/pX","preKeyId":6821490}}},"version":"v1"}