{"_sessions":{"BWQpRGbAqLS6jkIHKH5eAQXlWmgoUJ2NGehxo/AD6UQl":{"registrationId":1329958625,"currentRatchet":{"ephemeralKeyPair":{"pubKey":"BYX/DQoAU7IVkp/KHaT/Dva3WWtZ5dIsgQoojA8ZXcRU","privKey":"UHiRJcS4AVPhY1aJagDYlINSDT0f23ZvwDp70FV94kE="},"lastRemoteEphemeralKey":"BXDntVrS63fCK3bHE5M6Q9tgaAigu5ST/NwbbZX1N95s","previousCounter":0,"rootKey":"JsVtF6pZew1j7awLDNuaA0RYJTToDkTKwBJ6h3A1xe4="},"indexInfo":{"baseKey":"BWQpRGbAqLS6jkIHKH5eAQXlWmgoUJ2NGehxo/AD6UQl","baseKeyType":1,"closed":-1,"used":1755758928765,"created":1755758928765,"remoteIdentityKey":"BXs7O9y94YuQ+wLKFyYTXW1A1PNPlk5EjR9Fxl6cWq8B"},"_chains":{"BYX/DQoAU7IVkp/KHaT/Dva3WWtZ5dIsgQoojA8ZXcRU":{"chainKey":{"counter":0,"key":"pYkBudXxfuonV76YeD06fdshRGMTkutGg+brLLN2nbU="},"chainType":1,"messageKeys":{}}},"pendingPreKey":{"signedKeyId":5,"baseKey":"BWQpRGbAqLS6jkIHKH5eAQXlWmgoUJ2NGehxo/AD6UQl","preKeyId":6278516}}},"version":"v1"}