{"_sessions":{"BW40ztxBG98ITEeOqQCfo1p1D9nuqL0YdSYYw9stc2gr":{"registrationId":1180290126,"currentRatchet":{"ephemeralKeyPair":{"pubKey":"BY9IVGB9P9c60/ZUDjlCxEhxS7V0vLefItWPhl6/jk1e","privKey":"UATG/T7VwLxrQ9i2M12uSU9lI8fwnFbl4gzGJL8pPW8="},"lastRemoteEphemeralKey":"BewpyJjvhVE1x04y+0awNVpwdIk943UzdqN+8seHJddN","previousCounter":0,"rootKey":"n3lDTaHpSuSLq8u2xIGt4OO52nnkI4GNvvXE9Udxuto="},"indexInfo":{"baseKey":"BW40ztxBG98ITEeOqQCfo1p1D9nuqL0YdSYYw9stc2gr","baseKeyType":1,"closed":-1,"used":1755758930619,"created":1755758930619,"remoteIdentityKey":"BTaEkjHGRVJSlUYmzng1stYVEs7A8eeSzjtFOEbmQI5t"},"_chains":{"BY9IVGB9P9c60/ZUDjlCxEhxS7V0vLefItWPhl6/jk1e":{"chainKey":{"counter":0,"key":"TWJCfm2M0MKDxEad17LpwfQhhnlFi1YslN7iDo4iB5w="},"chainType":1,"messageKeys":{}}},"pendingPreKey":{"signedKeyId":18,"baseKey":"BW40ztxBG98ITEeOqQCfo1p1D9nuqL0YdSYYw9stc2gr","preKeyId":12599182}}},"version":"v1"}