{"_sessions":{"BdIslIBLXlIR9vir56+5Kij2m0ufwlU/mB51daS2N/Vw":{"registrationId":1092368654,"currentRatchet":{"ephemeralKeyPair":{"pubKey":"BRLGbnMywMVbbEIFX2dzxXL4IIXAWgBe9iadVx9BfuE/","privKey":"GLl6i0cWYblyJrHF+ExEzPH7xtt29vYJCznk194B42g="},"lastRemoteEphemeralKey":"BU+xKpN2JtXl8LI7AMNkS3EJ23q0kxkYnnv3RrtvcRYg","previousCounter":0,"rootKey":"BkyVFRDUV44FGhJPYi5gIP/RStgwW4QrttNY6YXzd6c="},"indexInfo":{"baseKey":"BdIslIBLXlIR9vir56+5Kij2m0ufwlU/mB51daS2N/Vw","baseKeyType":1,"closed":-1,"used":1755758929747,"created":1755758929747,"remoteIdentityKey":"BX1eq6h5n8SXlZr0fW/TnN60w5wf/S+cVFx+iJXyZw0u"},"_chains":{"BRLGbnMywMVbbEIFX2dzxXL4IIXAWgBe9iadVx9BfuE/":{"chainKey":{"counter":0,"key":"PBjbvLWoIULe2d/Pf4LasRJQ79S2+n58usZDZUOst+c="},"chainType":1,"messageKeys":{}}},"pendingPreKey":{"signedKeyId":20,"baseKey":"BdIslIBLXlIR9vir56+5Kij2m0ufwlU/mB51daS2N/Vw","preKeyId":15549163}}},"version":"v1"}