{"_sessions":{"BeZ4G2Luez8IXTl2St+mhSogleLZZheaHg22Ja9/rZ4i":{"registrationId":1605507440,"currentRatchet":{"ephemeralKeyPair":{"pubKey":"BZFeNbuY4MKCAzlQ2et6XMyPlsVosR6a27wtW7TqKVJB","privKey":"MJ+cakG4xVgUAT8zYb2t29ZM8/HM0nsWgeV0HBgcDG4="},"lastRemoteEphemeralKey":"BT0qBtdAs7CT/RhF/6giCibc/xV+769S51H0VYWEUOFB","previousCounter":0,"rootKey":"1i2tVQPspsgg31orvCWDQrEm93sGLdDtZPO1rgIz0RQ="},"indexInfo":{"baseKey":"BeZ4G2Luez8IXTl2St+mhSogleLZZheaHg22Ja9/rZ4i","baseKeyType":1,"closed":-1,"used":1755758929736,"created":1755758929736,"remoteIdentityKey":"BVd2s41RkgQYoeJlXzjwee7zERqblMCAifi4qHbZ8khP"},"_chains":{"BZFeNbuY4MKCAzlQ2et6XMyPlsVosR6a27wtW7TqKVJB":{"chainKey":{"counter":0,"key":"BiUDXlZbESE7GQoczk4qAANNkiyx8pJKWx/+IB1TVvk="},"chainType":1,"messageKeys":{}}},"pendingPreKey":{"signedKeyId":11,"baseKey":"BeZ4G2Luez8IXTl2St+mhSogleLZZheaHg22Ja9/rZ4i","preKeyId":168229}}},"version":"v1"}