{"_sessions":{"BZ+w1Lsxf4R79GANjNphxyjDqlpsyr4AgOvLFiQN4XB4":{"registrationId":487679660,"currentRatchet":{"ephemeralKeyPair":{"pubKey":"BR5uoNJwyj5iN7IPjN7D2+rFs/GOfv+y+Rhu4E+f0rdk","privKey":"eLNr0qYFFxCfU6FzAvB2cEArTVaZYL6XzC+mf4aUT2k="},"lastRemoteEphemeralKey":"BZEZnA4Vwqla4aJ4wh1AtUFkxY/J9qU4JvQvzkAcxu0+","previousCounter":0,"rootKey":"5B9z6/dKi7kWoEgXLqRf1ZrVqo86J2Kio3M6R73GQPk="},"indexInfo":{"baseKey":"BZ+w1Lsxf4R79GANjNphxyjDqlpsyr4AgOvLFiQN4XB4","baseKeyType":1,"closed":-1,"used":1755758929853,"created":1755758929853,"remoteIdentityKey":"BWiNzHLiuLfWFCRDcVtJ5yOPgq3LZRj6LDzE2J2+bOwC"},"_chains":{"BR5uoNJwyj5iN7IPjN7D2+rFs/GOfv+y+Rhu4E+f0rdk":{"chainKey":{"counter":0,"key":"jQ1cjFOv+El9r0I0tfZv/KQk3/1KWuwgU71uHskiaTU="},"chainType":1,"messageKeys":{}}},"pendingPreKey":{"signedKeyId":31,"baseKey":"BZ+w1Lsxf4R79GANjNphxyjDqlpsyr4AgOvLFiQN4XB4","preKeyId":10473258}}},"version":"v1"}