{"_sessions":{"BfxIaAJI9c0PsyxlyGcfbZyDHRcXcrZc0UO5hQAt90xT":{"registrationId":1037046183,"currentRatchet":{"ephemeralKeyPair":{"pubKey":"BQd6VyyFm/WgsxNi1bX+kzOy++U1e0hqtTi2gZPp/HRU","privKey":"qE/w0Ye/rBZ5KkBaJj9wkWZinjkXMy32h/ZW4tFnGEI="},"lastRemoteEphemeralKey":"Bd6/jGKfyy9mFG2GRtgDOCK6iJO1KnIt0LCF/zwweHcL","previousCounter":0,"rootKey":"3uF9TTyTd19v00WMNr/td95Dc42g7L/Of1w3EkJCyEk="},"indexInfo":{"baseKey":"BfxIaAJI9c0PsyxlyGcfbZyDHRcXcrZc0UO5hQAt90xT","baseKeyType":1,"closed":-1,"used":1755758928618,"created":1755758928618,"remoteIdentityKey":"BRZrjO5V5lRIdR2Qs/+wrAixSNQ+7djLoJL/fKRioXFv"},"_chains":{"BQd6VyyFm/WgsxNi1bX+kzOy++U1e0hqtTi2gZPp/HRU":{"chainKey":{"counter":0,"key":"rG7pK0KIwKMhzazuA0/k2B0k8dqlJdi2PsidSjHgGRI="},"chainType":1,"messageKeys":{}}},"pendingPreKey":{"signedKeyId":17,"baseKey":"BfxIaAJI9c0PsyxlyGcfbZyDHRcXcrZc0UO5hQAt90xT"}}},"version":"v1"}