{"_sessions":{"BS88KYjyBN3gz0pMI53hQSHTsFlIjZM5uVLlOhRiRl8Y":{"registrationId":1823350107,"currentRatchet":{"ephemeralKeyPair":{"pubKey":"BZBpTYGq4YpTBt1sxYdllM/SVlMQVq2+QbC32gBDjA5Q","privKey":"UFmyHwyirIwXkGXfcfc2GU3N96ghu77ANTtI3bAWWEA="},"lastRemoteEphemeralKey":"BfxH/cy2DGdC0S9U/eYQdAdXzdcpbMOXuXgM6/8dl11j","previousCounter":0,"rootKey":"eG/zlq0Ocpts/Jl5wzQiZ1S7d4/KX+Z2eeoD61+luos="},"indexInfo":{"baseKey":"BS88KYjyBN3gz0pMI53hQSHTsFlIjZM5uVLlOhRiRl8Y","baseKeyType":1,"closed":-1,"used":1755758930794,"created":1755758930794,"remoteIdentityKey":"BdG6zjAQRMNnoI6cjNLBFMpnXspfwzeglL0zljwWNRQL"},"_chains":{"BZBpTYGq4YpTBt1sxYdllM/SVlMQVq2+QbC32gBDjA5Q":{"chainKey":{"counter":0,"key":"9LFF0YqhzpK1Wm69/HalhAx4+2lnLLEMwA1Jfi7tlFA="},"chainType":1,"messageKeys":{}}},"pendingPreKey":{"signedKeyId":8,"baseKey":"BS88KYjyBN3gz0pMI53hQSHTsFlIjZM5uVLlOhRiRl8Y","preKeyId":8234957}}},"version":"v1"}