{"_sessions":{"BcA2A/t4+RophbkQc2MszrK6dF5H0ceZZ1U6KHpoAnlw":{"registrationId":859809613,"currentRatchet":{"ephemeralKeyPair":{"pubKey":"BRk0WCUq5Oh1OECyjsAU4/MDgD4yjgUeqgsK/vAdTI1S","privKey":"QOoblMArBW94TTBjwfrooiE/hjZODebPeVAVhkjm4ks="},"lastRemoteEphemeralKey":"BRGTjZmzMj3jIY/tkuzwIG2nTqM4PYErIUM0ARnJpA1k","previousCounter":0,"rootKey":"otRgbjVyFyUpqNSIJC++fMHvEGHLQ7ACTEpOoAtKsO0="},"indexInfo":{"baseKey":"BcA2A/t4+RophbkQc2MszrK6dF5H0ceZZ1U6KHpoAnlw","baseKeyType":1,"closed":-1,"used":1755758930328,"created":1755758930328,"remoteIdentityKey":"BXeMY9qDvELyA45QNsFl+NDRDOVFB5vHw+1wE3y8MjZw"},"_chains":{"BRk0WCUq5Oh1OECyjsAU4/MDgD4yjgUeqgsK/vAdTI1S":{"chainKey":{"counter":0,"key":"8HCshQGtM744RLXLgLkU5NRUnaOljOdGUnS8Mn08iK8="},"chainType":1,"messageKeys":{}}},"pendingPreKey":{"signedKeyId":12689655,"baseKey":"BcA2A/t4+RophbkQc2MszrK6dF5H0ceZZ1U6KHpoAnlw","preKeyId":10986}}},"version":"v1"}