{"_sessions":{"BSjGMg04Ig2uKWo4gptXNhjHdr6aIzk1F4f/EODn/O8F":{"registrationId":479773428,"currentRatchet":{"ephemeralKeyPair":{"pubKey":"BfZ6yVgoec2pfzQpXImYm0jOX4k1njlWHNFttSFJvIpc","privKey":"WBDuB5dZrfhkbzhUKajzziADIh6ciEaQD2nciZg3SE4="},"lastRemoteEphemeralKey":"BeDufNQAS3vf5n/B/4Mmytb2wi4yKdiKyh3d9Ulri5Js","previousCounter":0,"rootKey":"an5J1gTjjR+9sjLoQ9R1PIBOzVViM7DjJt+EkQsxoeU="},"indexInfo":{"baseKey":"BSjGMg04Ig2uKWo4gptXNhjHdr6aIzk1F4f/EODn/O8F","baseKeyType":1,"closed":-1,"used":1755758930396,"created":1755758930396,"remoteIdentityKey":"BcKLqM+vQzwLDnevW8b0jLhtv7CVhFYt9a6m+OxiJkws"},"_chains":{"BfZ6yVgoec2pfzQpXImYm0jOX4k1njlWHNFttSFJvIpc":{"chainKey":{"counter":0,"key":"q+I81MHoyI6Fcs5EYdZRweiGPmaVS1OTsx4rbIXepIE="},"chainType":1,"messageKeys":{}}},"pendingPreKey":{"signedKeyId":6208311,"baseKey":"BSjGMg04Ig2uKWo4gptXNhjHdr6aIzk1F4f/EODn/O8F","preKeyId":15253}}},"version":"v1"}