{"_sessions":{"Bdsb1EVbVjZRgY31pafjzhpdLxmmZweTQxuDKMWy9bBO":{"registrationId":190758805,"currentRatchet":{"ephemeralKeyPair":{"pubKey":"BcYG7IsA/jrRApzGmP0Bl8On/LCn+pPgLeDBP8SDEpku","privKey":"WG/iZBamLvcPPRCp9M0x+W8FGN02igpRii7zO9hFS1k="},"lastRemoteEphemeralKey":"BT9cRqYStrPWmQvdsqCgZZgPlER+0Zsp1CayFWXxw2kZ","previousCounter":0,"rootKey":"PaZadzEc9NxZxABKLfq0Sk6jZdAI6Vq5xA5e/asoQeA="},"indexInfo":{"baseKey":"Bdsb1EVbVjZRgY31pafjzhpdLxmmZweTQxuDKMWy9bBO","baseKeyType":1,"closed":-1,"used":1755758930191,"created":1755758930191,"remoteIdentityKey":"Ba7n58uOXvT7XvGIigZjyvCGqjgXMFtiWdQVPkh+Iy9s"},"_chains":{"BcYG7IsA/jrRApzGmP0Bl8On/LCn+pPgLeDBP8SDEpku":{"chainKey":{"counter":0,"key":"9+6DBPW5JqmaVKzasSEWrdb/dwOYdhGNzN32btmwRkg="},"chainType":1,"messageKeys":{}}},"pendingPreKey":{"signedKeyId":12814473,"baseKey":"Bdsb1EVbVjZRgY31pafjzhpdLxmmZweTQxuDKMWy9bBO","preKeyId":23432}}},"version":"v1"}