{"_sessions":{"BZpWIcgaAT15Z8JO0RE+l3n3D4cZwfu1kOlguKkJ8WQW":{"registrationId":2075084479,"currentRatchet":{"ephemeralKeyPair":{"pubKey":"BVyXhn3nJPL943Vpu15bIPnOXsIxE8C/DRSOxIJErjVW","privKey":"QOEX33ZNjzQ2R7j7/NC1XiveQPWp9tTs8oUSgjphPGw="},"lastRemoteEphemeralKey":"BcWANrUmnzrzR4y2yiozcIVvoV/8hXc7DreE/plvQVkB","previousCounter":0,"rootKey":"knb9DsxQhb/Qf8T3264qtScncNWP3gDyqY0OhG6/9mE="},"indexInfo":{"baseKey":"BZpWIcgaAT15Z8JO0RE+l3n3D4cZwfu1kOlguKkJ8WQW","baseKeyType":1,"closed":-1,"used":1755758930566,"created":1755758930566,"remoteIdentityKey":"BQzkUqLfzkyeXVxhIVbimyI7MjhDCv2AAuxJc8aDZOIA"},"_chains":{"BVyXhn3nJPL943Vpu15bIPnOXsIxE8C/DRSOxIJErjVW":{"chainKey":{"counter":0,"key":"p24DVmatn5iB2U0AXX1nclUD4WOVLab9nQ1QeZJCD2A="},"chainType":1,"messageKeys":{}}},"pendingPreKey":{"signedKeyId":11,"baseKey":"BZpWIcgaAT15Z8JO0RE+l3n3D4cZwfu1kOlguKkJ8WQW","preKeyId":14013409}}},"version":"v1"}