{"_sessions":{"BW/CX+nIhp8dCzhwbGkZd6c4In3toBR+WG8q+erLfoF4":{"registrationId":454757167,"currentRatchet":{"ephemeralKeyPair":{"pubKey":"BdFtnXMlgW2rQJA3nQTcMJYr56OaGmGXQyV9hFxQ3u46","privKey":"4F3trA81UJGhMnXZ3vc7Sk049zUU8ox0HvaNAS7h5kM="},"lastRemoteEphemeralKey":"BRZp7bgE1prdHUGFznakfgRlYQ0aaNq8nAHDd9PPA1lQ","previousCounter":0,"rootKey":"92m91Ww8+qBwMCSY/pKJdcEb85OXWWPM9zCTAU99pao="},"indexInfo":{"baseKey":"BW/CX+nIhp8dCzhwbGkZd6c4In3toBR+WG8q+erLfoF4","baseKeyType":1,"closed":-1,"used":1755758928443,"created":1755758928443,"remoteIdentityKey":"BUGdaDafp+M3trsZANJ+bymv1ckJ9zYT1K06vlwPgPQ3"},"_chains":{"BdFtnXMlgW2rQJA3nQTcMJYr56OaGmGXQyV9hFxQ3u46":{"chainKey":{"counter":0,"key":"C2mMETslz0MbzZKUDhuzAIeipm5onH+4/Qm917EpTs4="},"chainType":1,"messageKeys":{}}},"pendingPreKey":{"signedKeyId":21,"baseKey":"BW/CX+nIhp8dCzhwbGkZd6c4In3toBR+WG8q+erLfoF4","preKeyId":8230946}}},"version":"v1"}