{"_sessions":{"BQTNjUQFK1ReQsZwaQA/fX751fuWTU/ptdr1ma7+ZUxt":{"registrationId":952965280,"currentRatchet":{"ephemeralKeyPair":{"pubKey":"BQU7lkdDI7dlNTLP/QQK3ceCDq9w2sWRVvJI+IdMwJNt","privKey":"gEhAwOjq0+DuS958lyQs46hYgiv02JOjvb1G8p5eInI="},"lastRemoteEphemeralKey":"BelF0eiGdxGodu9wXZ4GLhfqSaIttc9dIOAo2qAxwQs7","previousCounter":0,"rootKey":"AmBPbftPdQUSTxA2jLptL5JSQeFvKimUyZjGDIqLDGY="},"indexInfo":{"baseKey":"BQTNjUQFK1ReQsZwaQA/fX751fuWTU/ptdr1ma7+ZUxt","baseKeyType":1,"closed":-1,"used":1755758930219,"created":1755758930219,"remoteIdentityKey":"Bc/IVU8AAcnPYTfaExZWVfAnWdk7A5K1OxWKFkgT8l4S"},"_chains":{"BQU7lkdDI7dlNTLP/QQK3ceCDq9w2sWRVvJI+IdMwJNt":{"chainKey":{"counter":0,"key":"lw3drxet9pz9C0Uqf20ouUL6x/zQUrpQu+hCxmJn3rM="},"chainType":1,"messageKeys":{}}},"pendingPreKey":{"signedKeyId":3,"baseKey":"BQTNjUQFK1ReQsZwaQA/fX751fuWTU/ptdr1ma7+ZUxt","preKeyId":6487792}}},"version":"v1"}