{"_sessions":{"BfZLdxpTpLnWrakssrP1G4G37njmT3IlZeRW6fGlqDI3":{"registrationId":896076406,"currentRatchet":{"ephemeralKeyPair":{"pubKey":"BS9clF5WSkQo+v/H30xrRdAWfNFvSEXTYjSpneEIsSJC","privKey":"WLKgnxlDk+4Df8NKFHgQhnvdBW42FrtYaAvc9JR07Vo="},"lastRemoteEphemeralKey":"BVwOJUb0xJpJ8crzL9wTdDOuR01AlBlYux0VxyfvC8EK","previousCounter":0,"rootKey":"0ATH+Mf8Dn0edBGcvV0e+X9UnI18QSr6DJ9/B7eH1ag="},"indexInfo":{"baseKey":"BfZLdxpTpLnWrakssrP1G4G37njmT3IlZeRW6fGlqDI3","baseKeyType":1,"closed":-1,"used":1755758929778,"created":1755758929778,"remoteIdentityKey":"BbbNUAfgGrCv262J2g+mRz4NBccrCTF8ffX33BFgiYM0"},"_chains":{"BS9clF5WSkQo+v/H30xrRdAWfNFvSEXTYjSpneEIsSJC":{"chainKey":{"counter":0,"key":"B4HR8dgKv+VEnPP4CdE7dY/SQEWG/8oaYDUEScoTb+o="},"chainType":1,"messageKeys":{}}},"pendingPreKey":{"signedKeyId":6245650,"baseKey":"BfZLdxpTpLnWrakssrP1G4G37njmT3IlZeRW6fGlqDI3","preKeyId":19185}}},"version":"v1"}