{"_sessions":{"BclQRUCHZ3H365yCc0mOjIEjetr813UOetPKOQKFjtVl":{"registrationId":1979274830,"currentRatchet":{"ephemeralKeyPair":{"pubKey":"BVHgh36ZId9Dc0+TBkv4zgMBkC8WujczL9KBsUlkO/xf","privKey":"yNO94LtjC4uYsn6k1yLsgdbwyKSaPxWxbx6JZK8+PlQ="},"lastRemoteEphemeralKey":"BSMtuHDCQi404mpkI4bZp/w5i+GJZpclZoT9MXAw4AZ/","previousCounter":0,"rootKey":"NMlSrIzyGBQsYfy54EwTgIImn2l6lCVvQPUR3plUnoM="},"indexInfo":{"baseKey":"BclQRUCHZ3H365yCc0mOjIEjetr813UOetPKOQKFjtVl","baseKeyType":1,"closed":-1,"used":1755758928513,"created":1755758928513,"remoteIdentityKey":"BQyRHLwQtdYP7U+Lw3h2K+jkQrs8KtoKDCihNWmb1scl"},"_chains":{"BVHgh36ZId9Dc0+TBkv4zgMBkC8WujczL9KBsUlkO/xf":{"chainKey":{"counter":0,"key":"Nb2/3GbZpqALLwS4yHBibruGkVTbkfNp6Y1+0h70rFw="},"chainType":1,"messageKeys":{}}},"pendingPreKey":{"signedKeyId":23,"baseKey":"BclQRUCHZ3H365yCc0mOjIEjetr813UOetPKOQKFjtVl","preKeyId":16133332}}},"version":"v1"}