{"_sessions":{"BYposTNyBEUejYD9NAHlGlc8YnkaC8KlItZXufFsdnQg":{"registrationId":1458702328,"currentRatchet":{"ephemeralKeyPair":{"pubKey":"BXGI9x2CXjoRbXUeE20fqehm3xeTMDOPv23YdG80h2l2","privKey":"MIEzezXBAPlafNAHTCoi1V0uZUt+KmNxvVWtuHGvFn4="},"lastRemoteEphemeralKey":"BdfZr3pMhgtGiddsfvUNs4UtxbCdt1JpseFVHOtUUPkK","previousCounter":0,"rootKey":"EQYCxvbELigNw2XY061ugvNvwuraoE6aB0OZL5VCsqk="},"indexInfo":{"baseKey":"BYposTNyBEUejYD9NAHlGlc8YnkaC8KlItZXufFsdnQg","baseKeyType":1,"closed":-1,"used":1755758929772,"created":1755758929772,"remoteIdentityKey":"BapkzUrFQgfq9CBI6A4Bh/CGzpmrTaqc/vUApYvrdQwT"},"_chains":{"BXGI9x2CXjoRbXUeE20fqehm3xeTMDOPv23YdG80h2l2":{"chainKey":{"counter":0,"key":"FcAn2Owkn+i1GK7qp2k2WYVOt1KN+k1d4Xr3Uh1Mf3U="},"chainType":1,"messageKeys":{}}},"pendingPreKey":{"signedKeyId":14,"baseKey":"BYposTNyBEUejYD9NAHlGlc8YnkaC8KlItZXufFsdnQg","preKeyId":2790849}}},"version":"v1"}