{"_sessions":{"BXgLBXUlfdLcUWbo5FiGVka9qS+JSYNXu+OjFB7gS+RF":{"registrationId":86778879,"currentRatchet":{"ephemeralKeyPair":{"pubKey":"Be126Gyk5A7lbuQV1ldBTXZuzqdn7duWmS8lJ+a7WJxn","privKey":"YMJViOdKeO9EeFQdpeniJ9dFX03EcUNC6dMyYttJJE4="},"lastRemoteEphemeralKey":"BRGxFAltRqWhZE14zrdxuL6LS9v5H+xXJ0l1revdU5oI","previousCounter":0,"rootKey":"b4ux92RosAuYFTdemyH2hQZTNqsuAuUwIjcZJEDgYJ4="},"indexInfo":{"baseKey":"BXgLBXUlfdLcUWbo5FiGVka9qS+JSYNXu+OjFB7gS+RF","baseKeyType":1,"closed":-1,"used":1755758928550,"created":1755758928550,"remoteIdentityKey":"BXetxZXypcEUJUMZ5DVEfBFtHu2Ot4zxZBtK6/VQA5hg"},"_chains":{"Be126Gyk5A7lbuQV1ldBTXZuzqdn7duWmS8lJ+a7WJxn":{"chainKey":{"counter":0,"key":"VZTi+e3ayGS7JD718eQ89nxGl47T2FPwdzGtto18A6A="},"chainType":1,"messageKeys":{}}},"pendingPreKey":{"signedKeyId":4,"baseKey":"BXgLBXUlfdLcUWbo5FiGVka9qS+JSYNXu+OjFB7gS+RF","preKeyId":4853895}}},"version":"v1"}