{"_sessions":{"BTIF8pJlnnsgW3rbaZ64WrHybIAuDKgY2zbKVNqbZIcl":{"registrationId":1322682189,"currentRatchet":{"ephemeralKeyPair":{"pubKey":"BQznvD9zJUwXQ2b7xj0s/YZQMsdDKKqaeFEx2dPg4TBS","privKey":"MG/vtdlBAWcD+JluUUdOvS+ahDNXqcX6bYgxVcNWy2o="},"lastRemoteEphemeralKey":"Bf+h2BdxBlCHxBOScm+/Kjx6KE73gVHK6VLTU25mHrRZ","previousCounter":0,"rootKey":"xq1mDSqnEgfuAsD1vmWSoOMDrVWyaQQs8TXXmSgwqDQ="},"indexInfo":{"baseKey":"BTIF8pJlnnsgW3rbaZ64WrHybIAuDKgY2zbKVNqbZIcl","baseKeyType":1,"closed":-1,"used":1755758929900,"created":1755758929900,"remoteIdentityKey":"BbK8vE1LT2aWXR13ksgNBCah3iZKYZKi5Q/J1g8SNKB2"},"_chains":{"BQznvD9zJUwXQ2b7xj0s/YZQMsdDKKqaeFEx2dPg4TBS":{"chainKey":{"counter":0,"key":"D0MCJNAetYduoJXDY/dxA16+Ckh+sfiMtW4E1epCBog="},"chainType":1,"messageKeys":{}}},"pendingPreKey":{"signedKeyId":13,"baseKey":"BTIF8pJlnnsgW3rbaZ64WrHybIAuDKgY2zbKVNqbZIcl","preKeyId":12757637}}},"version":"v1"}