{"_sessions":{"BXLSKPCUdmUUCIXfoce0M+VWfkCIHNRORrqxVWpWr54W":{"registrationId":512574630,"currentRatchet":{"ephemeralKeyPair":{"pubKey":"BYt00vyHZjGQccjlcOLrnCthF/5/Yiv7J1zbKFKW93N2","privKey":"2GTsEnJ35D9lPC751BGoLQXp3cEHnb4FNiq84F3LBHI="},"lastRemoteEphemeralKey":"BUKmjQzKdZhsibGNPxLT8Q+RSHRWdjay5NvIf1vBeX0C","previousCounter":0,"rootKey":"dWMVMYr636cbzqsyB7xR3WZDtWvC/1T6nXjIP710cyk="},"indexInfo":{"baseKey":"BXLSKPCUdmUUCIXfoce0M+VWfkCIHNRORrqxVWpWr54W","baseKeyType":1,"closed":-1,"used":1755758928438,"created":1755758928438,"remoteIdentityKey":"BaDBxArgLVXKWiX8YSsKNJzimQeV8kcJ7SvDiFZrXOtc"},"_chains":{"BYt00vyHZjGQccjlcOLrnCthF/5/Yiv7J1zbKFKW93N2":{"chainKey":{"counter":0,"key":"D1q6LOwmC3tdxkF12kkSUha9rjdnk4PUko6LRY0DjNU="},"chainType":1,"messageKeys":{}}},"pendingPreKey":{"signedKeyId":11,"baseKey":"BXLSKPCUdmUUCIXfoce0M+VWfkCIHNRORrqxVWpWr54W","preKeyId":13091091}}},"version":"v1"}