{"_sessions":{"BdZt9JI/+4O+WXdlg/tGpKx72kEC5O4GX1wK+bPQalku":{"registrationId":1082411657,"currentRatchet":{"ephemeralKeyPair":{"pubKey":"BfcZmJrAGCPmSth3CJnwG65qkm3nPec2sZcbjZWVCBdk","privKey":"SIp2ESGkeyKh+GQ5VtBpbSLuY7XjGGtTW0HxV1LPyVQ="},"lastRemoteEphemeralKey":"BYihwohfUS4Gz2sC94YhCnpWFzGlHRp/LEv8gwIaFORZ","previousCounter":0,"rootKey":"V1uXp4SaL5O8NH9FI1e/6GOUpo28Cn2454mxzEbpbKY="},"indexInfo":{"baseKey":"BdZt9JI/+4O+WXdlg/tGpKx72kEC5O4GX1wK+bPQalku","baseKeyType":1,"closed":-1,"used":1755758928561,"created":1755758928561,"remoteIdentityKey":"BYpgLTKna8SbPCwI3yjO6f2j8NOS/Cju033EnR4ZfDMz"},"_chains":{"BfcZmJrAGCPmSth3CJnwG65qkm3nPec2sZcbjZWVCBdk":{"chainKey":{"counter":0,"key":"65ufRUu40RTwfoeT20cbmVWjv5rkx2CEqrP7AcGUpzw="},"chainType":1,"messageKeys":{}}},"pendingPreKey":{"signedKeyId":11620501,"baseKey":"BdZt9JI/+4O+WXdlg/tGpKx72kEC5O4GX1wK+bPQalku","preKeyId":11402}}},"version":"v1"}