{"_sessions":{"Ba6hg5WrpRDgD98JxAMFKBmWVKkG8o1o6jyQ+7IZ7/s3":{"registrationId":1982271357,"currentRatchet":{"ephemeralKeyPair":{"pubKey":"BTqp+0JaV7nQIT1E6b6LYJsHeiHpSVzewEUECg5sVQ5i","privKey":"yPwiQfGr0bGx4defAHNR/uZW48P8MLmezTJqJgFGV2w="},"lastRemoteEphemeralKey":"BbojefGXPJeqklF+ze7MnjAB3rB+sGspKSajn5NEUeoL","previousCounter":0,"rootKey":"J9gKPxNafEZB9TlCihYSMnzXCPBkJbQ3XqS2gkRiKPc="},"indexInfo":{"baseKey":"Ba6hg5WrpRDgD98JxAMFKBmWVKkG8o1o6jyQ+7IZ7/s3","baseKeyType":1,"closed":-1,"used":1755758930133,"created":1755758930133,"remoteIdentityKey":"BSE4C4sqi0b6e0W5I+dcWqgyV0n3dN4oo3NxzdAcep0Z"},"_chains":{"BTqp+0JaV7nQIT1E6b6LYJsHeiHpSVzewEUECg5sVQ5i":{"chainKey":{"counter":0,"key":"EsaDmt21uM0sgKDsAlvuSDANygt4g6F+sumhQxK2CJ8="},"chainType":1,"messageKeys":{}}},"pendingPreKey":{"signedKeyId":14,"baseKey":"Ba6hg5WrpRDgD98JxAMFKBmWVKkG8o1o6jyQ+7IZ7/s3","preKeyId":3027541}}},"version":"v1"}