{"_sessions":{"BYc+4hE/kCwLe9tFTB0P4Lfe5PsaVIv/OSVib+BUM0hr":{"registrationId":1787650436,"currentRatchet":{"ephemeralKeyPair":{"pubKey":"BWIpE1TsJehbWI5GTLIEtws0HB+6DfrE8WTzTeqA3zkd","privKey":"6DPmhQnU5YojP2ksld5q56xDDu6/YRkpaG9+Xsfip34="},"lastRemoteEphemeralKey":"BQxRTYY5PA5XLzj/4etaNOsPw4NB4RAOyMvWJLxRZxNX","previousCounter":0,"rootKey":"WBB+7jAZu/3MTSs5H1NdXvRaA75c7GoPWJUx5ywRQTI="},"indexInfo":{"baseKey":"BYc+4hE/kCwLe9tFTB0P4Lfe5PsaVIv/OSVib+BUM0hr","baseKeyType":1,"closed":-1,"used":1755758930302,"created":1755758930302,"remoteIdentityKey":"BWJQeiNUwxOLcHzWjmF2iaVR6JIcr2V0JRAJhpgXS/h7"},"_chains":{"BWIpE1TsJehbWI5GTLIEtws0HB+6DfrE8WTzTeqA3zkd":{"chainKey":{"counter":0,"key":"ZElOAcLJnhcElfYCNQw9opOj3OcxbCAdGbzQ0Pi/z4U="},"chainType":1,"messageKeys":{}}},"pendingPreKey":{"signedKeyId":1,"baseKey":"BYc+4hE/kCwLe9tFTB0P4Lfe5PsaVIv/OSVib+BUM0hr","preKeyId":10089420}}},"version":"v1"}