{"_sessions":{"BXJrLAGl+N88mBvqnNUY0bj0s2MEh+Yw/8dpRdefPs8o":{"registrationId":901403229,"currentRatchet":{"ephemeralKeyPair":{"pubKey":"BYtWS4Ef/fE8jReLXcHsetEZpttZxQ8LB4bw7SfMnlA8","privKey":"OPzKi8JbqGH6JW9y7/vSKawpjs0B7RpfLmgP9BT6xGY="},"lastRemoteEphemeralKey":"BRxMBDHCctFbF/riVpXFauZwnmZWSzVm5BIm3yKmVSoJ","previousCounter":0,"rootKey":"QDccNbKWhgUcGCSJn8SYpXLzal8ZM/bbHtGbd2RQotQ="},"indexInfo":{"baseKey":"BXJrLAGl+N88mBvqnNUY0bj0s2MEh+Yw/8dpRdefPs8o","baseKeyType":1,"closed":-1,"used":1755758929869,"created":1755758929869,"remoteIdentityKey":"BcRtqX0So2tZvirKoGz8HRnRqxf7wHdhnxduCFecpnQi"},"_chains":{"BYtWS4Ef/fE8jReLXcHsetEZpttZxQ8LB4bw7SfMnlA8":{"chainKey":{"counter":0,"key":"c8pXtAjJhkq4wbKamVM+OAmblsOrCjqKWB238ire9t0="},"chainType":1,"messageKeys":{}}},"pendingPreKey":{"signedKeyId":7,"baseKey":"BXJrLAGl+N88mBvqnNUY0bj0s2MEh+Yw/8dpRdefPs8o","preKeyId":16560986}}},"version":"v1"}