{"_sessions":{"BfzsNFI5xoYPbUebo/qwA23I7jrTkHSyNcNiz0wfWk1w":{"registrationId":180445604,"currentRatchet":{"ephemeralKeyPair":{"pubKey":"BUvvk398fbxkuDlvk+FULU5a4odybRsWXcT9LCPEKrxI","privKey":"wIiU/kDpJN/AU8AgAtCJHYisq6qKwypU29SfNlf+rVg="},"lastRemoteEphemeralKey":"BfyeDhV0xxTG8yBmBToT4e+Ih95sHkghtpo2JYJSzUY4","previousCounter":0,"rootKey":"HjGR3FqtSFxsCTrW4mOBzTFBjjR218IPX48lpxEJoKs="},"indexInfo":{"baseKey":"BfzsNFI5xoYPbUebo/qwA23I7jrTkHSyNcNiz0wfWk1w","baseKeyType":1,"closed":-1,"used":1755758929220,"created":1755758929220,"remoteIdentityKey":"BfugON+ttfNDAzDFbxte1u4Y3XG9ALD84kc1Yib+EbV7"},"_chains":{"BUvvk398fbxkuDlvk+FULU5a4odybRsWXcT9LCPEKrxI":{"chainKey":{"counter":0,"key":"lvB/uY9Zdfujc6iRRmf9KjX93TcOV5yNcfo6keNx0UM="},"chainType":1,"messageKeys":{}}},"pendingPreKey":{"signedKeyId":7,"baseKey":"BfzsNFI5xoYPbUebo/qwA23I7jrTkHSyNcNiz0wfWk1w","preKeyId":9713738}}},"version":"v1"}