{"_sessions":{"BYnLrWpzGUFDZ3eZ4zV74BVi/nIxgDmN5BnnSoJDau1I":{"registrationId":1195405654,"currentRatchet":{"ephemeralKeyPair":{"pubKey":"BaVguzTSEvUXSt0e7qoRPUS43SSSfzabOnyvQY9SZeJx","privKey":"aEocrSsDXW4B/t1wcZbO1mqlpKIott6AOzAhzcRgYVI="},"lastRemoteEphemeralKey":"BQvLQr0iXPWvCBEN52oQEMxEDGIYpcLLn6HQOQBqYpwC","previousCounter":0,"rootKey":"IA0w0utbDkMupjwkuwdYaR18pcNtteBeEKnMqiSTaBY="},"indexInfo":{"baseKey":"BYnLrWpzGUFDZ3eZ4zV74BVi/nIxgDmN5BnnSoJDau1I","baseKeyType":1,"closed":-1,"used":1755758929879,"created":1755758929879,"remoteIdentityKey":"BVHDLhHR52jv8TBanoZb57tqT0c3W/8VnvsQQBDm15wQ"},"_chains":{"BaVguzTSEvUXSt0e7qoRPUS43SSSfzabOnyvQY9SZeJx":{"chainKey":{"counter":0,"key":"rTkNQzbuVF36PPp6DOtKgZ23upxInPG9u80zm2Q4Fv8="},"chainType":1,"messageKeys":{}}},"pendingPreKey":{"signedKeyId":6,"baseKey":"BYnLrWpzGUFDZ3eZ4zV74BVi/nIxgDmN5BnnSoJDau1I","preKeyId":1108859}}},"version":"v1"}