{"_sessions":{"BaUA+84oQgkPTHOpZuIya6k+38SlQ4wVGw3w6So9UEYO":{"registrationId":616960533,"currentRatchet":{"ephemeralKeyPair":{"pubKey":"BalvgXjL0NVvXN6f75qVFUoP4i8vcS0mZxT6DLMJy7d3","privKey":"cIQWcwQJksagQz6w/wWMdDCUzwRqxZy1Gf/QYEfWLlA="},"lastRemoteEphemeralKey":"BZ+SZlvpsEPH0H2HH633KiC4peaE8Pg//MNLSXatDlIq","previousCounter":0,"rootKey":"+k0cMfkGN/LkzRnQ1nJOw0zso33nE7kaCkmfB0NUIVc="},"indexInfo":{"baseKey":"BaUA+84oQgkPTHOpZuIya6k+38SlQ4wVGw3w6So9UEYO","baseKeyType":1,"closed":-1,"used":1755758928776,"created":1755758928776,"remoteIdentityKey":"BS3OCjcO9klRSv42ON7dtpw+QeXST2qJNdS9WBjfqy8/"},"_chains":{"BalvgXjL0NVvXN6f75qVFUoP4i8vcS0mZxT6DLMJy7d3":{"chainKey":{"counter":0,"key":"KRkLR80VeIcRYFTTXcpJXkiuK2zVTS+KakVlYd2WvMw="},"chainType":1,"messageKeys":{}}},"pendingPreKey":{"signedKeyId":18,"baseKey":"BaUA+84oQgkPTHOpZuIya6k+38SlQ4wVGw3w6So9UEYO","preKeyId":10787933}}},"version":"v1"}