{"_sessions":{"BdrQLSVJTv8FTQ6hrLNtMookcXezbORlP4Y8+sCV+ghg":{"registrationId":300796034,"currentRatchet":{"ephemeralKeyPair":{"pubKey":"Bb1aH2Kem60iOhkzcVfwU0hxEB1y7SJvQJcFrwF5m/lS","privKey":"OPzkc7JddRS35xV3lxxGMNMRKM653CpJYMUhQbCYGUE="},"lastRemoteEphemeralKey":"BaLJsVSc+X0YLfcwov1O0LnfY4IgTeHSiSo+HP7MhUdv","previousCounter":0,"rootKey":"gk5ClfEOAkY6nblNWs01+VJ/dNBzEmVx5HCUTirWVgM="},"indexInfo":{"baseKey":"BdrQLSVJTv8FTQ6hrLNtMookcXezbORlP4Y8+sCV+ghg","baseKeyType":1,"closed":-1,"used":1755758929956,"created":1755758929956,"remoteIdentityKey":"Bafe6fcdKbR8tZ8bPE5Dl6EUL6sv48Y/eAEA18wLDS0y"},"_chains":{"Bb1aH2Kem60iOhkzcVfwU0hxEB1y7SJvQJcFrwF5m/lS":{"chainKey":{"counter":0,"key":"a8fehZZR6AX7MscMfwgDfJX6thFHBjPM8SyieXn0oys="},"chainType":1,"messageKeys":{}}},"pendingPreKey":{"signedKeyId":12,"baseKey":"BdrQLSVJTv8FTQ6hrLNtMookcXezbORlP4Y8+sCV+ghg","preKeyId":3285920}}},"version":"v1"}