{"_sessions":{"BagxogWZIrFXudPo5c/ZAycUKkJWSK/ZMv9GmmrHkD1L":{"registrationId":1467298665,"currentRatchet":{"ephemeralKeyPair":{"pubKey":"BXoux8GYMLMQIBJYLCA+qkCwETX9//ERf4eytGLbAgce","privKey":"OEfi+D0SJ5RglcwEaZWOuYby5gtPYqH887E7Y+vujVE="},"lastRemoteEphemeralKey":"BSniLqGZucRwXlEP+h4NeiKGA4Dv7o77rH6gmSxc1V5z","previousCounter":0,"rootKey":"1LisCZ4McyGRKIGgziQClZMFujoyOby2HmvJD4CejTE="},"indexInfo":{"baseKey":"BagxogWZIrFXudPo5c/ZAycUKkJWSK/ZMv9GmmrHkD1L","baseKeyType":2,"closed":-1,"used":1755758742714,"created":1755758742714,"remoteIdentityKey":"BRZybuuHJPRFt7DnCNqxTEjlSuj4sxMg5ku2Orp66att"},"_chains":{"BSniLqGZucRwXlEP+h4NeiKGA4Dv7o77rH6gmSxc1V5z":{"chainKey":{"counter":0,"key":"THYMrg9uns+bJbk757Vqtoh9zhvP0pc5ZsARca6vzII="},"chainType":2,"messageKeys":{}},"BXoux8GYMLMQIBJYLCA+qkCwETX9//ERf4eytGLbAgce":{"chainKey":{"counter":0,"key":"dsyMr8nh2CMDgfEqrBQ01b0gF2THHwpWpFIX5QL5xVw="},"chainType":1,"messageKeys":{}}}}},"version":"v1"}