{"_sessions":{"BaPxLZ+UCOwuTcFF/Dwpw+UiVy34tFcQPNr0rxTjvjVi":{"registrationId":2028860558,"currentRatchet":{"ephemeralKeyPair":{"pubKey":"BUb25AAyTQw6RID6Aeq/bHRLczg18GASHvOcNvx8tksN","privKey":"AIT6Qd2n/uCnrTJ966gU+B6HXb10XqLHpon56MAUQF8="},"lastRemoteEphemeralKey":"BTmS/YHmxI16O25Hr8NUBkCECYspyEvmCPF+DN/5gB5q","previousCounter":0,"rootKey":"nG07qUY+hp1u7QvrwTEsXtZCuXMVBRiXiOls64cdd1E="},"indexInfo":{"baseKey":"BaPxLZ+UCOwuTcFF/Dwpw+UiVy34tFcQPNr0rxTjvjVi","baseKeyType":1,"closed":-1,"used":1755758929486,"created":1755758929486,"remoteIdentityKey":"BeHsq9YS4ug55zVxeryakFxckRk+mw8IDDM2y/dY/Whu"},"_chains":{"BUb25AAyTQw6RID6Aeq/bHRLczg18GASHvOcNvx8tksN":{"chainKey":{"counter":0,"key":"Fpxboe+TpO9KhCA9BPjdnPhA0AVBk/b5AkoXdYpk9dY="},"chainType":1,"messageKeys":{}}},"pendingPreKey":{"signedKeyId":16063342,"baseKey":"BaPxLZ+UCOwuTcFF/Dwpw+UiVy34tFcQPNr0rxTjvjVi","preKeyId":16178}}},"version":"v1"}