{"_sessions":{"BSA3I0iu43vBmpHGxDDZocJDkVr8KgJ54VggM32r8WdJ":{"registrationId":1681569068,"currentRatchet":{"ephemeralKeyPair":{"pubKey":"Bf1i2kS5GKnOuMujzrzHsMUyzAJhktvBB6sncJS9eKIp","privKey":"KCRHUknpqeD58XeU+/ZiEk7VcPqc/y+DqyMd1peL3mI="},"lastRemoteEphemeralKey":"Beu8QNv82dpm3QRE65Ll4Rsek//C+pXa25KQhi+lbMlu","previousCounter":0,"rootKey":"eXbXlfbjlBgBbEsXAxgi3OWyOlaEaR9+PTDQupXgeL8="},"indexInfo":{"baseKey":"BSA3I0iu43vBmpHGxDDZocJDkVr8KgJ54VggM32r8WdJ","baseKeyType":1,"closed":-1,"used":1755758928572,"created":1755758928572,"remoteIdentityKey":"BedNxmCE62m2flUPB096+uiNpdUpIp7THWmiw98pIzhZ"},"_chains":{"Bf1i2kS5GKnOuMujzrzHsMUyzAJhktvBB6sncJS9eKIp":{"chainKey":{"counter":0,"key":"uEMVXgn1G/L2rP/0uNNlGeOM605S/sGvWFbVPsIWRD0="},"chainType":1,"messageKeys":{}}},"pendingPreKey":{"signedKeyId":1,"baseKey":"BSA3I0iu43vBmpHGxDDZocJDkVr8KgJ54VggM32r8WdJ","preKeyId":6973149}}},"version":"v1"}