{"_sessions":{"BZN4FO6DZO+zg9m1W5v2YzTdtWLWsk0iM7B8n/opz0lE":{"registrationId":57512977,"currentRatchet":{"ephemeralKeyPair":{"pubKey":"BXf25iOgLGORqjj3qJ85VmBhUAzRR2nNjbr5T7i0onpz","privKey":"4FEQnTxD+qRsTs8+JzgCpdlUHdzBJYLunqo1t+OkkG4="},"lastRemoteEphemeralKey":"BYTnM8WrYe36dbEwx6uT82L7sJErqyM/Yu8YhEBI+dYZ","previousCounter":0,"rootKey":"W35mYyOHgYIMCgXm85lXQ2iGsmB34J3M6VX5LtMcT2s="},"indexInfo":{"baseKey":"BZN4FO6DZO+zg9m1W5v2YzTdtWLWsk0iM7B8n/opz0lE","baseKeyType":1,"closed":-1,"used":1755758930896,"created":1755758930896,"remoteIdentityKey":"BajUKlJi75UXchdIbzsefInh7m44bQIy5kXhjxm3bXRX"},"_chains":{"BXf25iOgLGORqjj3qJ85VmBhUAzRR2nNjbr5T7i0onpz":{"chainKey":{"counter":0,"key":"SOjmp0Rwzl5VeQOZy0VzjsuelPREClzGeavr/377VBA="},"chainType":1,"messageKeys":{}}},"pendingPreKey":{"signedKeyId":3,"baseKey":"BZN4FO6DZO+zg9m1W5v2YzTdtWLWsk0iM7B8n/opz0lE"}}},"version":"v1"}