{"_sessions":{"BVmpAM/lNvg6cO9qvPk6TkGZ5cTnQRshXXd/Cgz92UFK":{"registrationId":138505033,"currentRatchet":{"ephemeralKeyPair":{"pubKey":"BRBEEdMhdnXeeCRg3kFX4bobISEMPCWm/yY3lOnVihMv","privKey":"oFiYmsOicwf7xcKYA096D6tzHMK2no2S+AKaVFw6F1g="},"lastRemoteEphemeralKey":"Bdq2XVeH1spPYCKdwGXxWp4dOJjsNxpJiu66yzEdQJki","previousCounter":0,"rootKey":"gWI0amK2mhJdii6dZhEyvU82CaBK1ZF9qWv0CQZaWK8="},"indexInfo":{"baseKey":"BVmpAM/lNvg6cO9qvPk6TkGZ5cTnQRshXXd/Cgz92UFK","baseKeyType":1,"closed":-1,"used":1755758928990,"created":1755758928990,"remoteIdentityKey":"BSjofyBcCd+EFOS49dcqoPJEzZDe9VizdU6Xg5BXP2JE"},"_chains":{"BRBEEdMhdnXeeCRg3kFX4bobISEMPCWm/yY3lOnVihMv":{"chainKey":{"counter":0,"key":"ERc77UlBlmXvkqu+zAu2jniOcjoDWgrYOS2dH+0aDvY="},"chainType":1,"messageKeys":{}}},"pendingPreKey":{"signedKeyId":12592097,"baseKey":"BVmpAM/lNvg6cO9qvPk6TkGZ5cTnQRshXXd/Cgz92UFK","preKeyId":37493}}},"version":"v1"}