{"_sessions":{"BQBJAZibkrUiuv720PewvPckZaflor9LwLXr7TscUJoh":{"registrationId":445296399,"currentRatchet":{"ephemeralKeyPair":{"pubKey":"Bbjr6IivBGzIrs8uLoMwHP0rS8TZLLIoFQu0Ey6BtPlA","privKey":"IDO4pRauXLtQ8EUl/hNNbJAS0V/aVCB19zsysNP5yUk="},"lastRemoteEphemeralKey":"BfWtYoH6Z9RueyFgwIiMnubBnLF9hjGOS3Inw56YjBsR","previousCounter":0,"rootKey":"c3U2xub3Z8kh1LnBHf2tTBaIwtAaHa8I47be4SpPOmE="},"indexInfo":{"baseKey":"BQBJAZibkrUiuv720PewvPckZaflor9LwLXr7TscUJoh","baseKeyType":1,"closed":-1,"used":1755758930860,"created":1755758930860,"remoteIdentityKey":"BcaZVPTnIHUbVf5uXdd3ZjH5yv3+VRwv6m3zPSyax1Ns"},"_chains":{"Bbjr6IivBGzIrs8uLoMwHP0rS8TZLLIoFQu0Ey6BtPlA":{"chainKey":{"counter":0,"key":"GxBTp3artrGYBGdZDpPFtOObnpLZuvW3MQaUCVfnghg="},"chainType":1,"messageKeys":{}}},"pendingPreKey":{"signedKeyId":1,"baseKey":"BQBJAZibkrUiuv720PewvPckZaflor9LwLXr7TscUJoh","preKeyId":12130545}}},"version":"v1"}