{"_sessions":{"BZunosYh1tdNTTvHqZeyhIq+VWVie6nCKH4lToKgcRMy":{"registrationId":1275191944,"currentRatchet":{"ephemeralKeyPair":{"pubKey":"Bb+UtvcurL1WB2xsiuRzRjV4vssbQ4nOiIJQX1EQF60q","privKey":"EGAb+twf2An1cc+XZJ3x0NAXOO83WV9G70Ab1ZdMvV0="},"lastRemoteEphemeralKey":"BUAIms75EA0Il6zWp10cZ+eOEkYUmBDf5f/d9lOfN0MZ","previousCounter":0,"rootKey":"E1iI/c6x/HMRzROPB3mCIEb+9dwuc+elL6ND5JMg3b4="},"indexInfo":{"baseKey":"BZunosYh1tdNTTvHqZeyhIq+VWVie6nCKH4lToKgcRMy","baseKeyType":1,"closed":-1,"used":1755758929460,"created":1755758929460,"remoteIdentityKey":"BWThLd4KMTM2v+6Ws7cswlPnDxMTFofQyuJbR0fzOtYK"},"_chains":{"Bb+UtvcurL1WB2xsiuRzRjV4vssbQ4nOiIJQX1EQF60q":{"chainKey":{"counter":0,"key":"ZDcQa92kxEpAtXw+TYvPJeUnSMP1znb8et9pxZtiae8="},"chainType":1,"messageKeys":{}}},"pendingPreKey":{"signedKeyId":14667450,"baseKey":"BZunosYh1tdNTTvHqZeyhIq+VWVie6nCKH4lToKgcRMy","preKeyId":11310}}},"version":"v1"}