{"_sessions":{"BdV1EaafyQq1m+AxTJpq3Q1tG4AWwX7TC/++dEFno+p2":{"registrationId":1417752547,"currentRatchet":{"ephemeralKeyPair":{"pubKey":"BSFDVL4FUKCruRS/MFP47G0uyCkfE4TbLGgsMlLbRKBI","privKey":"SFk0CzjbNFs99xXQaBSrG7neSjnyXnYCQ0XsPXQeTEk="},"lastRemoteEphemeralKey":"BU+O/UWrua8kNnmZA6t1pGSi8JRGO6pi45Nmq1gNzbcr","previousCounter":0,"rootKey":"8rDL907H2YALSP5dh1RHioqm+8/59b3HBNmn1Yvkxaw="},"indexInfo":{"baseKey":"BdV1EaafyQq1m+AxTJpq3Q1tG4AWwX7TC/++dEFno+p2","baseKeyType":1,"closed":-1,"used":1755758929171,"created":1755758929171,"remoteIdentityKey":"BUw7IXqzbndsP5ceLm+Aci8JS1QX/3E+X8mTMZNkm/8p"},"_chains":{"BSFDVL4FUKCruRS/MFP47G0uyCkfE4TbLGgsMlLbRKBI":{"chainKey":{"counter":0,"key":"uPMLgb0tijvJdJs33mV4y9ZPtCZSWqUOWb6BBjHaJq0="},"chainType":1,"messageKeys":{}}},"pendingPreKey":{"signedKeyId":13,"baseKey":"BdV1EaafyQq1m+AxTJpq3Q1tG4AWwX7TC/++dEFno+p2","preKeyId":1239134}}},"version":"v1"}