{"_sessions":{"BWU+g5Db2oz8KklOW0xOlaia1oShYi3G31Z8ogy37Fg/":{"registrationId":1964651728,"currentRatchet":{"ephemeralKeyPair":{"pubKey":"BRCkJkYACI+A5aK2oumtNM4HozHeElwMJCXBSME9VH8h","privKey":"AH3un7DZFeC5r8e2RcARRKhLoEpA0D5PYQBPkXilSEY="},"lastRemoteEphemeralKey":"BSFLavyVKExj6wScPE/187jwxV/vDCONl8hW+3aG7ORx","previousCounter":0,"rootKey":"lrHgHX7y9csjpfouFhl7xFUpb2315vsmalP4V4aOFp0="},"indexInfo":{"baseKey":"BWU+g5Db2oz8KklOW0xOlaia1oShYi3G31Z8ogy37Fg/","baseKeyType":1,"closed":-1,"used":1755758929005,"created":1755758929005,"remoteIdentityKey":"BYi3iUQQr35uA3Y/pDDPwGk+5qarm9sP28uemO4Z8H1I"},"_chains":{"BRCkJkYACI+A5aK2oumtNM4HozHeElwMJCXBSME9VH8h":{"chainKey":{"counter":0,"key":"Y0nKKrZYjFE5XkFLFAx+HiEKrp+CWkAWU7tVULTxjrw="},"chainType":1,"messageKeys":{}}},"pendingPreKey":{"signedKeyId":11756958,"baseKey":"BWU+g5Db2oz8KklOW0xOlaia1oShYi3G31Z8ogy37Fg/"}}},"version":"v1"}