{"_sessions":{"BfkrNOF+POEtla0rYTENcxNnJ2vRnCsZwQz68ex4lwlS":{"registrationId":1006375134,"currentRatchet":{"ephemeralKeyPair":{"pubKey":"BRqGSJXhYQuEq03Dr5faHYDe+YoYrkjaD1++wZ8FZ3Y5","privKey":"iCqKPATgfDMeq3vUsrIiEvkr+jk/ErvdLATOgGUlbXw="},"lastRemoteEphemeralKey":"BbQrieCC9oaMY6J7VqRAGDKVj4TtUU7PoAL9VmdfN/8a","previousCounter":0,"rootKey":"z9pcfZIMQZ2h0Ai81qIs45XoSlGo0OuxB/YNnnIFXaI="},"indexInfo":{"baseKey":"BfkrNOF+POEtla0rYTENcxNnJ2vRnCsZwQz68ex4lwlS","baseKeyType":1,"closed":-1,"used":1755758930698,"created":1755758930698,"remoteIdentityKey":"BVxmUV3OvsZCHmOHfJA4OOh8md4BUwca2pUvHGkSY7N8"},"_chains":{"BRqGSJXhYQuEq03Dr5faHYDe+YoYrkjaD1++wZ8FZ3Y5":{"chainKey":{"counter":0,"key":"J4ZOtqJNAtVIAWt4Db28uybi9ex6Ins3osLXBJnmDZ8="},"chainType":1,"messageKeys":{}}},"pendingPreKey":{"signedKeyId":8099599,"baseKey":"BfkrNOF+POEtla0rYTENcxNnJ2vRnCsZwQz68ex4lwlS","preKeyId":11834}}},"version":"v1"}