{"_sessions":{"BShhP+2UJzUqYRyeBWo0ztEc9YePz3dzyba0yvvSbCMn":{"registrationId":1012718443,"currentRatchet":{"ephemeralKeyPair":{"pubKey":"BelPRdyfKwtTkQQ+yUQFlG1JzJkgTk3vYDFdcrouHm0+","privKey":"MLQuL8L7bNR979Ji3+mnPaKCSEW9pSl1gycpQyxK8lU="},"lastRemoteEphemeralKey":"BZ1grUzWRnd78PYwikybbBpRNjdko7kE0dFYdXJcG7dI","previousCounter":0,"rootKey":"1+IBHHwbPeJSPTKVdE0UC89K8n0NciFAJi198B3xkwA="},"indexInfo":{"baseKey":"BShhP+2UJzUqYRyeBWo0ztEc9YePz3dzyba0yvvSbCMn","baseKeyType":1,"closed":-1,"used":1755758930432,"created":1755758930432,"remoteIdentityKey":"BUqTQffHS6KHrIEHYbwIdOH/n7S20fBJoOJhwMsq3m9V"},"_chains":{"BelPRdyfKwtTkQQ+yUQFlG1JzJkgTk3vYDFdcrouHm0+":{"chainKey":{"counter":0,"key":"Xev1R0qYx6+1YJU9C/bPE9t3ZT1/1BJ/ol6ap+H3FkM="},"chainType":1,"messageKeys":{}}},"pendingPreKey":{"signedKeyId":11,"baseKey":"BShhP+2UJzUqYRyeBWo0ztEc9YePz3dzyba0yvvSbCMn","preKeyId":10659736}}},"version":"v1"}