{"_sessions":{"BWfJIjTKJ8ozkyq8LVNk5VXhCBc6AfSuhDqsDE/IG6QU":{"registrationId":20740639,"currentRatchet":{"ephemeralKeyPair":{"pubKey":"BVo/MOjPnn1IeVDdt4N+SnmNYeebzVku9w9fJ8SrOPom","privKey":"6EvgvbscMnnvQvar4137r8wpcPdb9RJQPU1nNHPrSGk="},"lastRemoteEphemeralKey":"BVqor+aj6RCg4fGwzc6ET8LNj/wjTzZ6RK9ceq/0ud5H","previousCounter":0,"rootKey":"hTitIxm2lUqhLUIoSeYLbFo4Us+kObgJh2bKu7N3tN0="},"indexInfo":{"baseKey":"BWfJIjTKJ8ozkyq8LVNk5VXhCBc6AfSuhDqsDE/IG6QU","baseKeyType":1,"closed":-1,"used":1755758929752,"created":1755758929752,"remoteIdentityKey":"BQQf/Vq+kdbAXs/EfFq5KxZ1H34SmSC1miu3Nu2Dudx1"},"_chains":{"BVo/MOjPnn1IeVDdt4N+SnmNYeebzVku9w9fJ8SrOPom":{"chainKey":{"counter":0,"key":"ib2Eja83IdKjZtVjX0mIwcAOEjzgZkAsKzwcmNTXK+Q="},"chainType":1,"messageKeys":{}}},"pendingPreKey":{"signedKeyId":7,"baseKey":"BWfJIjTKJ8ozkyq8LVNk5VXhCBc6AfSuhDqsDE/IG6QU","preKeyId":11399654}}},"version":"v1"}