{"_sessions":{"BdCsNW99BcMSrUIMRvHEMlmr5t0VlTOxZYtWKR10oLIU":{"registrationId":826867019,"currentRatchet":{"ephemeralKeyPair":{"pubKey":"Bbvuf2a5RDORdunnNOsw0b1u8+H9kpA5ZLTfXiDXZaNA","privKey":"8Gx/S/IQM+SaQl/XmCGzlkhskxViIsuClzrZWDYOUFI="},"lastRemoteEphemeralKey":"BUuOKB1qZWELtGpn/7wIOUIFgyrMF5KrUvxt+2p1MO0T","previousCounter":0,"rootKey":"i4zVHHX/xsWvKJtEKYjSWQK4wlcv62WXqjNmE+Qn1TA="},"indexInfo":{"baseKey":"BdCsNW99BcMSrUIMRvHEMlmr5t0VlTOxZYtWKR10oLIU","baseKeyType":1,"closed":-1,"used":1755758930427,"created":1755758930427,"remoteIdentityKey":"BXUK1AkZZ7Fr5sw/l74GgAL3QnlDobqrVGYut80oTH9E"},"_chains":{"Bbvuf2a5RDORdunnNOsw0b1u8+H9kpA5ZLTfXiDXZaNA":{"chainKey":{"counter":0,"key":"E24DXuahy1AlhxYFPZY5+Gs3KSVPjUaxSQwC0SYzfoU="},"chainType":1,"messageKeys":{}}},"pendingPreKey":{"signedKeyId":8,"baseKey":"BdCsNW99BcMSrUIMRvHEMlmr5t0VlTOxZYtWKR10oLIU"}}},"version":"v1"}