{"_sessions":{"BSQZlIEUSiZ4Spaxis1zAL78/+h+eLc0PTvJUWYLlVRB":{"registrationId":1121822722,"currentRatchet":{"ephemeralKeyPair":{"pubKey":"BcpVEUgbZY+SVYJsWnH5YKVqWrOTmRpMqHXN22mhJnAk","privKey":"+BENfc4cmnA9Tl5m5ky8qZ1/yzXwI92A/HzNfi6iP2s="},"lastRemoteEphemeralKey":"BRpDrdOMdjXcG7bq6xBGZbx3hRYDXzdCtxlyAhzs5W0x","previousCounter":0,"rootKey":"7TBrIVRMGZbk4CbkTo7FhXau2XsLtI6CDaNaos5pNu0="},"indexInfo":{"baseKey":"BSQZlIEUSiZ4Spaxis1zAL78/+h+eLc0PTvJUWYLlVRB","baseKeyType":1,"closed":-1,"used":1755758929128,"created":1755758929128,"remoteIdentityKey":"BepuDeHiWUt/OUYDbfHy65m88ZXL6MJBC3VQTabTg7U7"},"_chains":{"BcpVEUgbZY+SVYJsWnH5YKVqWrOTmRpMqHXN22mhJnAk":{"chainKey":{"counter":0,"key":"pL9w7GL/DqD+t8bcVzzSUjXddkyt04hKJBO5KBC8+sk="},"chainType":1,"messageKeys":{}}},"pendingPreKey":{"signedKeyId":12,"baseKey":"BSQZlIEUSiZ4Spaxis1zAL78/+h+eLc0PTvJUWYLlVRB","preKeyId":3167733}}},"version":"v1"}