{"_sessions":{"BWMQUaPNbr8/YhgJ91rQe99tIJrIkTpgsyyAfvZVn7h9":{"registrationId":1112435916,"currentRatchet":{"ephemeralKeyPair":{"pubKey":"BSJOO+v6FIjnMMJC0QnmQhp+Ar3DPDIxT2JJXwppnYtd","privKey":"2Cf2I9wdBBuVWWYUz2Go1e6SHecZt56Nf1Kd5jKSnG4="},"lastRemoteEphemeralKey":"BYAfZXUW04GwI2r2KQ1oFbPjZ3X4XcwlTYw/Mjst9mcV","previousCounter":0,"rootKey":"7AKnlFiIThhS6t1Gy4vEUAN7m36/qTDKmIpl6a7a7YI="},"indexInfo":{"baseKey":"BWMQUaPNbr8/YhgJ91rQe99tIJrIkTpgsyyAfvZVn7h9","baseKeyType":1,"closed":-1,"used":1755758929144,"created":1755758929144,"remoteIdentityKey":"BbFzDzQTQEJXd5KmOe134h2NigsCA6SpSmmgg8eN8ccn"},"_chains":{"BSJOO+v6FIjnMMJC0QnmQhp+Ar3DPDIxT2JJXwppnYtd":{"chainKey":{"counter":0,"key":"Q/In+uVexongpJKSRJdk8KHe853Iu7ygoiTfwunsbws="},"chainType":1,"messageKeys":{}}},"pendingPreKey":{"signedKeyId":12,"baseKey":"BWMQUaPNbr8/YhgJ91rQe99tIJrIkTpgsyyAfvZVn7h9","preKeyId":2298525}}},"version":"v1"}