{"_sessions":{"BeyIUDLYliWGkXQR06PgQtV7eoi3bl+H2K1glxCVFNlR":{"registrationId":127153174,"currentRatchet":{"ephemeralKeyPair":{"pubKey":"BXVd9bcfCnuS8vzqLC4Py1GBVHPdnxdln18EsVWF/ZIt","privKey":"UD2/9i6wFNkYjOV9oUfXmk/iAQvNExypA277bRcz21E="},"lastRemoteEphemeralKey":"Bf4whNDAzE9/lh07arH/mPMk4izL4JLAjwX/K86JNTEh","previousCounter":0,"rootKey":"EEF9+qC0R+igVzLrWk/tynrGDpn7/LUqsiybo/1/ILE="},"indexInfo":{"baseKey":"BeyIUDLYliWGkXQR06PgQtV7eoi3bl+H2K1glxCVFNlR","baseKeyType":1,"closed":-1,"used":1755758930760,"created":1755758930760,"remoteIdentityKey":"BTaBH5laPEJlafcFlFMeKQCha6MVCo4TqHnO5W7CdJQJ"},"_chains":{"BXVd9bcfCnuS8vzqLC4Py1GBVHPdnxdln18EsVWF/ZIt":{"chainKey":{"counter":0,"key":"Pm4o0p3XD8BAN0V9ibQXEwhIlly4KxAAaJRS+TgxQKE="},"chainType":1,"messageKeys":{}}},"pendingPreKey":{"signedKeyId":17,"baseKey":"BeyIUDLYliWGkXQR06PgQtV7eoi3bl+H2K1glxCVFNlR","preKeyId":15677109}}},"version":"v1"}