{"_sessions":{"Bb2GNnorF+10mg9kdHeENFeP3qUH0d8dY/BmeNFwkGQv":{"registrationId":92396861,"currentRatchet":{"ephemeralKeyPair":{"pubKey":"BbzUZ8YnU8//PfiUWruJR8y1pwubmK/PMF9IO2hibC4W","privKey":"SHb0lIdYxDtgjGIEqzZHZiOboUySgdLzOHKgl7KehFE="},"lastRemoteEphemeralKey":"BUGCMRq/LtgK9MFxqBHW5I+UeJT4Iat6ttsJhQ8HBEAr","previousCounter":0,"rootKey":"ywnDXdcyxbuTXycc8Yc+Y+zHq8GIy6ZQFkGt/Gld+eQ="},"indexInfo":{"baseKey":"Bb2GNnorF+10mg9kdHeENFeP3qUH0d8dY/BmeNFwkGQv","baseKeyType":1,"closed":-1,"used":1755758930169,"created":1755758930169,"remoteIdentityKey":"BVGty6JHgDzcbDW/bmS4YOzgvSX+TpDHKKl/8pqkfIJ4"},"_chains":{"BbzUZ8YnU8//PfiUWruJR8y1pwubmK/PMF9IO2hibC4W":{"chainKey":{"counter":0,"key":"pOxCIQOIBclLd3v/8erneN81GOY+gJqOShTsusZI3Bk="},"chainType":1,"messageKeys":{}}},"pendingPreKey":{"signedKeyId":21,"baseKey":"Bb2GNnorF+10mg9kdHeENFeP3qUH0d8dY/BmeNFwkGQv","preKeyId":15718277}}},"version":"v1"}