{"_sessions":{"BUDl1fnqJthSKj2Fu8T0sPzSQy6lpyFJYsfxe8zb0HEu":{"registrationId":99387034,"currentRatchet":{"ephemeralKeyPair":{"pubKey":"BdhOgr2CRMioXjZwDmPNwNjdsMYMQdFqg5FckC2+GS9p","privKey":"4FE+RFgKClkBRlYb8Y42QvMZfbPdo007qZZyx3jM1WY="},"lastRemoteEphemeralKey":"BRh9doqU3wsGFbEWbojI6KfDQjKe1kSFBjaVF8drD8gc","previousCounter":0,"rootKey":"cZTeB/DFSwjuVJcQdnvU333qmqZrgv+KfQmrKFqDRh4="},"indexInfo":{"baseKey":"BUDl1fnqJthSKj2Fu8T0sPzSQy6lpyFJYsfxe8zb0HEu","baseKeyType":1,"closed":-1,"used":1755758928866,"created":1755758928866,"remoteIdentityKey":"BctB0v6OgYQiRmbYU34uZsgAae1Au4M/ZHXXeIIT0H0n"},"_chains":{"BdhOgr2CRMioXjZwDmPNwNjdsMYMQdFqg5FckC2+GS9p":{"chainKey":{"counter":0,"key":"LyNalbJROIjE8UPRh55C7L/ocWU5DxeiBRXUwO+r99o="},"chainType":1,"messageKeys":{}}},"pendingPreKey":{"signedKeyId":16625129,"baseKey":"BUDl1fnqJthSKj2Fu8T0sPzSQy6lpyFJYsfxe8zb0HEu","preKeyId":9010}}},"version":"v1"}