{"_sessions":{"BXdyqo2kVkrVT2iirxAiV8EUHdDZALnR7Grrg6hXKmR7":{"registrationId":622705509,"currentRatchet":{"ephemeralKeyPair":{"pubKey":"BWY6vLQmKmAsiGuAxWr5nLkAxOb9jJdo9bcU+1YozKsa","privKey":"MOoXHJsEOmDyD8rJw1jp/KU2AoWGH277Uqis6DfuOHY="},"lastRemoteEphemeralKey":"BcnWQMJ+sSbQT7w+jvSbPo5TDx/f8c/b8oBauBcSbGM2","previousCounter":0,"rootKey":"WfcxUEuQx7MjjCMJHHIeuCXbgX4TUMmIGgXbmCf8Ljg="},"indexInfo":{"baseKey":"BXdyqo2kVkrVT2iirxAiV8EUHdDZALnR7Grrg6hXKmR7","baseKeyType":1,"closed":-1,"used":1755758928808,"created":1755758928808,"remoteIdentityKey":"BRKSmm7kd3FFnDeAdrS04zmVYgGL/RmPS35Oh1NDBAAC"},"_chains":{"BWY6vLQmKmAsiGuAxWr5nLkAxOb9jJdo9bcU+1YozKsa":{"chainKey":{"counter":0,"key":"CWkH9X+Ml8FeybqoeW+eQu3T2kxLr7otcOxvOxx9pZs="},"chainType":1,"messageKeys":{}}},"pendingPreKey":{"signedKeyId":11201619,"baseKey":"BXdyqo2kVkrVT2iirxAiV8EUHdDZALnR7Grrg6hXKmR7","preKeyId":15562}}},"version":"v1"}