{"_sessions":{"BUEi7zvQS4pwJ/dr+DDU+uI7bXYYTji1Em/PyX6oOBoJ":{"registrationId":843224267,"currentRatchet":{"ephemeralKeyPair":{"pubKey":"BUTlEny02ZGrYkmVhVIafXwWYc+9toK1dWUEw7MYhIF0","privKey":"SJ8F5agyH7PDqjn8DZUlzPDuQ4rjL0puetmke0O8eEE="},"lastRemoteEphemeralKey":"BZbaltV8ANf4ilQ6+Gi5fdAV6xu3Yx+GFfcu0w+/INQ/","previousCounter":0,"rootKey":"S1OT7ZUfoTOhIu0/PjIHxk3n+5s2G04PSInsEHkIkiA="},"indexInfo":{"baseKey":"BUEi7zvQS4pwJ/dr+DDU+uI7bXYYTji1Em/PyX6oOBoJ","baseKeyType":1,"closed":-1,"used":1755758930128,"created":1755758930128,"remoteIdentityKey":"BVeBxFiecTeltl8ghrUXbBF2HKNqIBwgmBX/hPk4zWAq"},"_chains":{"BUTlEny02ZGrYkmVhVIafXwWYc+9toK1dWUEw7MYhIF0":{"chainKey":{"counter":0,"key":"6lGIYoD8I4M8O3+rPScqN2GsMdGlzhEEOzcOT7j3PjY="},"chainType":1,"messageKeys":{}}},"pendingPreKey":{"signedKeyId":4,"baseKey":"BUEi7zvQS4pwJ/dr+DDU+uI7bXYYTji1Em/PyX6oOBoJ","preKeyId":5213862}}},"version":"v1"}