{"_sessions":{"BTswI3IMwjml1cLbiVTYmDuk9+JiG4q8rGxaNvAUTko3":{"registrationId":531344971,"currentRatchet":{"ephemeralKeyPair":{"pubKey":"BbP5gf81Dw2jBZNP4fdjb4KQ6HLLO4DgwtaIK0rLBc8n","privKey":"oJl1pQ7vIH0ked43OXDmtsJQY2jOr4qZaeiHsO0tWW0="},"lastRemoteEphemeralKey":"BQpktALko8ff4wA+1SL6IKjifOCiVhXv5ysyrYHSTNVS","previousCounter":0,"rootKey":"hloS5udLt27NEldEoDGlITH+ib/A5Pb0PfcOgix+3Kg="},"indexInfo":{"baseKey":"BTswI3IMwjml1cLbiVTYmDuk9+JiG4q8rGxaNvAUTko3","baseKeyType":1,"closed":-1,"used":1755758929036,"created":1755758929036,"remoteIdentityKey":"BSIopl0gvs+A/xrym7h6tXr0WphDWHdz2I4RP8TyYchF"},"_chains":{"BbP5gf81Dw2jBZNP4fdjb4KQ6HLLO4DgwtaIK0rLBc8n":{"chainKey":{"counter":0,"key":"jF07GVHBgVqeZVzzVCg1n/yn/uTnyV8XZseom19+bOI="},"chainType":1,"messageKeys":{}}},"pendingPreKey":{"signedKeyId":11,"baseKey":"BTswI3IMwjml1cLbiVTYmDuk9+JiG4q8rGxaNvAUTko3","preKeyId":12817463}}},"version":"v1"}