{"_sessions":{"BS9p3nHpTUvpPM/Hkam1sLeJBiVyig/MiuvCRFr/4BlQ":{"registrationId":442909308,"currentRatchet":{"ephemeralKeyPair":{"pubKey":"BYoMwmfF28CBY1yiuwXuRa68NYpXgJ9Tqs4S+BDxeqdu","privKey":"6AKva1sW61V4/jJktYjjzQQkGpgqkKd4HRJqPaKrzUo="},"lastRemoteEphemeralKey":"BWlgHARYw+KKYGnHPot3jk/FE4YRqaNp8uJHuRNiZmxp","previousCounter":0,"rootKey":"oIo9/Pie+9tvWMk8N/D/qgP7DfciSXSfUJilCCkApII="},"indexInfo":{"baseKey":"BS9p3nHpTUvpPM/Hkam1sLeJBiVyig/MiuvCRFr/4BlQ","baseKeyType":1,"closed":-1,"used":1755758930235,"created":1755758930235,"remoteIdentityKey":"BSDxYUSdmKAYoVDGXl1JTA/FGLIekCyH4KYqLRYCFh82"},"_chains":{"BYoMwmfF28CBY1yiuwXuRa68NYpXgJ9Tqs4S+BDxeqdu":{"chainKey":{"counter":0,"key":"H2YwHEUUT8K+oeHZ4n58D4MKCu/NMrxOeBpGbNAwA8w="},"chainType":1,"messageKeys":{}}},"pendingPreKey":{"signedKeyId":10,"baseKey":"BS9p3nHpTUvpPM/Hkam1sLeJBiVyig/MiuvCRFr/4BlQ","preKeyId":5206644}}},"version":"v1"}