{"_sessions":{"BbE0VbQKKMu077ACPoUW8eupmVdL+sCUti39qp00cZB/":{"registrationId":985252620,"currentRatchet":{"ephemeralKeyPair":{"pubKey":"BdoZShWKzomIzVgR6LvgxHYY6S5HV7LqPrixNh1HwcYy","privKey":"iDzykqQ9crz3GL+nmk0OFEY2bygkoUz7D+T6dYOOn0Y="},"lastRemoteEphemeralKey":"BXeVURjNXHoghDhId254wb9ygg0yWxbxogoqdamR1S5W","previousCounter":0,"rootKey":"nCsetymsxTme1u1xx71S2LN6wtT9AYPgOYtQx72jvIQ="},"indexInfo":{"baseKey":"BbE0VbQKKMu077ACPoUW8eupmVdL+sCUti39qp00cZB/","baseKeyType":1,"closed":-1,"used":1755758928897,"created":1755758928897,"remoteIdentityKey":"Bf5uLgTkxBqgCT8MVlgu4nUoE6oZ2vXRNj/32SLnKBwi"},"_chains":{"BdoZShWKzomIzVgR6LvgxHYY6S5HV7LqPrixNh1HwcYy":{"chainKey":{"counter":0,"key":"mqQMoRXvGg3u2GgYaDt9+H/fkkYEZ3oJcwyfRsOnyT4="},"chainType":1,"messageKeys":{}}},"pendingPreKey":{"signedKeyId":10,"baseKey":"BbE0VbQKKMu077ACPoUW8eupmVdL+sCUti39qp00cZB/","preKeyId":9397039}}},"version":"v1"}