{"_sessions":{"BUFQU1Iwof4MVyjOcL1JWJf6tzCGDOdSFoN4ObV2OFYg":{"registrationId":12669257,"currentRatchet":{"ephemeralKeyPair":{"pubKey":"BSKw2k2lulBfLGaVKSS0CqeqDt2205Z3fmfqXMR5a+As","privKey":"WNitaQsjMqIvJdxAXBYtUN1Ma3FCrdhVX10dSAKzp1k="},"lastRemoteEphemeralKey":"BaxaoQHFOwlDdz/fhcg02gu64lwjxg1VsYoQq22jrltt","previousCounter":0,"rootKey":"ojXdGjdt2iqNy6wlbjk2Ks8k1tukA6A4bOis6So/uzE="},"indexInfo":{"baseKey":"BUFQU1Iwof4MVyjOcL1JWJf6tzCGDOdSFoN4ObV2OFYg","baseKeyType":1,"closed":-1,"used":1755758930138,"created":1755758930138,"remoteIdentityKey":"BQx9vMg4phih5Zmi3/WfHbX89yfYEKGhNWDLX1uYYXUa"},"_chains":{"BSKw2k2lulBfLGaVKSS0CqeqDt2205Z3fmfqXMR5a+As":{"chainKey":{"counter":0,"key":"U2YBPFgmKEaNmco+eQSR6PVRKZag95cyiw+pKAf6RaA="},"chainType":1,"messageKeys":{}}},"pendingPreKey":{"signedKeyId":5,"baseKey":"BUFQU1Iwof4MVyjOcL1JWJf6tzCGDOdSFoN4ObV2OFYg","preKeyId":12020171}}},"version":"v1"}