{"_sessions":{"BcmsMvk+PwIIlXjOYmnOoO+M2anbA7OG1UaZuv0+mIcE":{"registrationId":470042192,"currentRatchet":{"ephemeralKeyPair":{"pubKey":"BX7KP6PW6Zfc3tvenubseOEsNaZLKTgXoXnguA/51cdi","privKey":"MNUnkgFXblreQeOysEEJQamKLWRgBemSg25zKN2vk0A="},"lastRemoteEphemeralKey":"BR7jGjVh3qhQDNnPdzwlZXNvCCPdHXaQQaOhm5o6EcpK","previousCounter":0,"rootKey":"tw4pMm/KI/1FEjoWTiem3W2073ijcvQBlGvIABxRizE="},"indexInfo":{"baseKey":"BcmsMvk+PwIIlXjOYmnOoO+M2anbA7OG1UaZuv0+mIcE","baseKeyType":1,"closed":-1,"used":1755758929337,"created":1755758929337,"remoteIdentityKey":"BQ7SPsU0qSjcNukw1G/seROk9witbNDiAtBVQDv2AyZ5"},"_chains":{"BX7KP6PW6Zfc3tvenubseOEsNaZLKTgXoXnguA/51cdi":{"chainKey":{"counter":0,"key":"C7gP80fTKCXnfZvD4PeTIaqdlttQUqUCiBz4nUF4+9g="},"chainType":1,"messageKeys":{}}},"pendingPreKey":{"signedKeyId":9,"baseKey":"BcmsMvk+PwIIlXjOYmnOoO+M2anbA7OG1UaZuv0+mIcE","preKeyId":3612303}}},"version":"v1"}