{"_sessions":{"BZHcdX0Kf+tJcWUmsPyRvRPfTqWxMnQ+U4g958/ZTehm":{"registrationId":261250811,"currentRatchet":{"ephemeralKeyPair":{"pubKey":"BfR6uF0ILwVe8SHl+YEu5AWdzpD0NrwerB5OrwhZEagq","privKey":"gLEhxk3AMpxQbqWQ2CO7+BSw3L5IfFzoC7gDu1D/eng="},"lastRemoteEphemeralKey":"BdYryPZnxHBba1Ukc4Yvh6Ld6r1z1H9qoSW6pskSjllz","previousCounter":0,"rootKey":"eL0zgZL8pxPt6AkHBP9sCi85OPUb1i5yRy/f1Ph33oU="},"indexInfo":{"baseKey":"BZHcdX0Kf+tJcWUmsPyRvRPfTqWxMnQ+U4g958/ZTehm","baseKeyType":1,"closed":-1,"used":1755758930917,"created":1755758930917,"remoteIdentityKey":"BVCyIiO8eIuuianPz2dG4k7XcMBu9JkFTb6nZHV/5q4l"},"_chains":{"BfR6uF0ILwVe8SHl+YEu5AWdzpD0NrwerB5OrwhZEagq":{"chainKey":{"counter":0,"key":"njyypWgBPtXjbk1AfGRdGfg96gfbhJBZ/WzAHzIKDig="},"chainType":1,"messageKeys":{}}},"pendingPreKey":{"signedKeyId":0,"baseKey":"BZHcdX0Kf+tJcWUmsPyRvRPfTqWxMnQ+U4g958/ZTehm","preKeyId":6554229}}},"version":"v1"}