{"_sessions":{"BZAep5IvHQefJJNJGJjXQBwrUI3WHDY1JOkmi4ceXxsW":{"registrationId":1009646667,"currentRatchet":{"ephemeralKeyPair":{"pubKey":"BeG2LuXcWgt/1Y3bnHAD0zuxJGPKA25Rs59Y0aOt68tv","privKey":"uILeD7eynegX0F0YH07Bv8jFSvdVYnguFJ6aL7q14FQ="},"lastRemoteEphemeralKey":"BS0xGgH0P/Owvt78K4HNVg7m0kV3DwFboYGLoI2lospG","previousCounter":0,"rootKey":"r982c32tG2c4IVg8wCiZht6dsd6rJIKBjM7aVQ0+JKU="},"indexInfo":{"baseKey":"BZAep5IvHQefJJNJGJjXQBwrUI3WHDY1JOkmi4ceXxsW","baseKeyType":1,"closed":-1,"used":1755758928453,"created":1755758928453,"remoteIdentityKey":"Bf2kLVjkXjSgVtGqmY/qX+JhM/4bcbfEmeEAaomQyx5k"},"_chains":{"BeG2LuXcWgt/1Y3bnHAD0zuxJGPKA25Rs59Y0aOt68tv":{"chainKey":{"counter":0,"key":"9MXrxpeQJIQMs8s5rkpWDrMZAUEWxU59/6uPqEABk6E="},"chainType":1,"messageKeys":{}}},"pendingPreKey":{"signedKeyId":8,"baseKey":"BZAep5IvHQefJJNJGJjXQBwrUI3WHDY1JOkmi4ceXxsW","preKeyId":8920626}}},"version":"v1"}