{"_sessions":{"BRHe1xT3ggwpWk9Lx6iaE6/QvhvPBbcZQKg3YoF2E7Q5":{"registrationId":1282844364,"currentRatchet":{"ephemeralKeyPair":{"pubKey":"BfKQ43me9krGj1BY8yFvLNtLA2Ymh6Qopha/MqzshEQi","privKey":"6B+66wWNc1eCI46eK+d0P9x6hNWNYbsBbi+b6/NPJkE="},"lastRemoteEphemeralKey":"Bd+UwalL7dKQUKGJ8bYw2nEpbxnY8Xg/FCCruOAMC44r","previousCounter":0,"rootKey":"DVJPMLddUHD8f6OjUVnoA7GdufVy2kfpbm6NzBQzuM0="},"indexInfo":{"baseKey":"BRHe1xT3ggwpWk9Lx6iaE6/QvhvPBbcZQKg3YoF2E7Q5","baseKeyType":1,"closed":-1,"used":1755758930495,"created":1755758930495,"remoteIdentityKey":"BRHvRy+M+C6fSx+t1VXJDn15Xap/46QnAkFWb6Psq5YJ"},"_chains":{"BfKQ43me9krGj1BY8yFvLNtLA2Ymh6Qopha/MqzshEQi":{"chainKey":{"counter":0,"key":"9cf5JY6jqhRd0k0EKYgFTdgb8J40RuCXsCxcIzrm3ww="},"chainType":1,"messageKeys":{}}},"pendingPreKey":{"signedKeyId":0,"baseKey":"BRHe1xT3ggwpWk9Lx6iaE6/QvhvPBbcZQKg3YoF2E7Q5","preKeyId":5592732}}},"version":"v1"}