{"_sessions":{"BcrRf3wmMdnIN76CyfnnUrSZqAeT+cttb5i2HFD6y+Z5":{"registrationId":1080994377,"currentRatchet":{"ephemeralKeyPair":{"pubKey":"BUdm6e9oSB9YFkLIKX5VHRCECw+BkE74FxOWRHYOnOtq","privKey":"IKe4Lz7EZQ1HRjwqGQZ1itZl+qh0yonh81V3JaNk1XA="},"lastRemoteEphemeralKey":"BfI2ubZrtUSgfcNikZK3v59nrxTF/Rt7UKe0XZRd0TA+","previousCounter":0,"rootKey":"aOImXSQoEeAzCiJApkIGLZKmGE0RumaiYbJP45jG9FY="},"indexInfo":{"baseKey":"BcrRf3wmMdnIN76CyfnnUrSZqAeT+cttb5i2HFD6y+Z5","baseKeyType":1,"closed":-1,"used":1755758928782,"created":1755758928782,"remoteIdentityKey":"BYdkat60tTzgHWSXuUNNIseT10PBB2/H3NaZrJkT87NR"},"_chains":{"BUdm6e9oSB9YFkLIKX5VHRCECw+BkE74FxOWRHYOnOtq":{"chainKey":{"counter":0,"key":"a1IQpAgu4/xVdEUSMpFX6ZgsNo/Kie0tfOTMrpP22UQ="},"chainType":1,"messageKeys":{}}},"pendingPreKey":{"signedKeyId":24,"baseKey":"BcrRf3wmMdnIN76CyfnnUrSZqAeT+cttb5i2HFD6y+Z5","preKeyId":9526042}}},"version":"v1"}