{"_sessions":{"BWeq7rot5b1vG6cxEyUhmYxBsLt4eB2Rta6taclwMoQH":{"registrationId":1345785820,"currentRatchet":{"ephemeralKeyPair":{"pubKey":"Bb2POeKZJk2XrS59B79MqEnuYVV5qaek6o2mN8Grd4cX","privKey":"uE2hDL3NIoMpkSqiW0luNunqelwf73r4nMCSYa7svmM="},"lastRemoteEphemeralKey":"Bf+vmWAI3SJmqwer3Q6XLvYmlWuC9v1vstmkJI3Kq3E3","previousCounter":0,"rootKey":"NwU75oPJpSMYsJy6kd6gKD5XCQKR3yNPJN01SuJ3USc="},"indexInfo":{"baseKey":"BWeq7rot5b1vG6cxEyUhmYxBsLt4eB2Rta6taclwMoQH","baseKeyType":1,"closed":-1,"used":1755758929538,"created":1755758929538,"remoteIdentityKey":"BSeIyXm6b0PhpZbh5ZGyyVLs5yQ3xl6hX5GPoC8MxPoH"},"_chains":{"Bb2POeKZJk2XrS59B79MqEnuYVV5qaek6o2mN8Grd4cX":{"chainKey":{"counter":0,"key":"8Ih1+qtswlJIefKyH8/DThQQPftYgO1YowXyhS0KynQ="},"chainType":1,"messageKeys":{}}},"pendingPreKey":{"signedKeyId":17,"baseKey":"BWeq7rot5b1vG6cxEyUhmYxBsLt4eB2Rta6taclwMoQH","preKeyId":11600341}}},"version":"v1"}