{"_sessions":{"BQJ4HMG0XKjukwzTau9zj1txfnOFyMBkpuREfo1Awag3":{"registrationId":1379335181,"currentRatchet":{"ephemeralKeyPair":{"pubKey":"BUW0RGKV9sMXdYrMweaMyg3mm2o6u2jW52h2aZ4IxlJC","privKey":"mPEcso7QzTWxwHndqo9PCP5mfUni+ztIRuW/lpb1m0E="},"lastRemoteEphemeralKey":"BcedaWM9Yll7UUVv2QsJ83Min30ru83iE4sRKk26xGEs","previousCounter":0,"rootKey":"SWSNsjPUEXaseS6pFbhwSuXUcpSxG3v9CfPUZoZodTY="},"indexInfo":{"baseKey":"BQJ4HMG0XKjukwzTau9zj1txfnOFyMBkpuREfo1Awag3","baseKeyType":1,"closed":-1,"used":1755758928690,"created":1755758928690,"remoteIdentityKey":"BSc3PIZfDYCoqNRK+VLz5XN9YTcvqPlBkXrwPU2pYWUK"},"_chains":{"BUW0RGKV9sMXdYrMweaMyg3mm2o6u2jW52h2aZ4IxlJC":{"chainKey":{"counter":0,"key":"uRmGgssjCsJrlJndkOZ8XC3GBoThrZaHftrY2u9IwLg="},"chainType":1,"messageKeys":{}}},"pendingPreKey":{"signedKeyId":4195075,"baseKey":"BQJ4HMG0XKjukwzTau9zj1txfnOFyMBkpuREfo1Awag3","preKeyId":8073}}},"version":"v1"}