{"_sessions":{"BZ70SfyU4WDQmmMWXTf+YwWAD20gKKqjmrMQTZSVes9j":{"registrationId":167220494,"currentRatchet":{"ephemeralKeyPair":{"pubKey":"BX6z9ly48FdSYIOMtERLlcXnCKdmt94JXOLu5bUBN7xD","privKey":"SFOirD8GLmKroX+ExbuV5kuTlkK8RdHm78zBjwiMKlk="},"lastRemoteEphemeralKey":"BQRJS4sgzgs9zXDHmmOsx6TrCa+egNzWVT4UoNsrzEVE","previousCounter":0,"rootKey":"1rHKIRgbrVGWWTZ36ztkIsdCt68iQCsg7FPFG9DnKa4="},"indexInfo":{"baseKey":"BZ70SfyU4WDQmmMWXTf+YwWAD20gKKqjmrMQTZSVes9j","baseKeyType":1,"closed":-1,"used":1755758930708,"created":1755758930708,"remoteIdentityKey":"BT+8xLdDlEjDWe/lor0wdqYHYdn52520hWiJeUYSvfoW"},"_chains":{"BX6z9ly48FdSYIOMtERLlcXnCKdmt94JXOLu5bUBN7xD":{"chainKey":{"counter":0,"key":"zAa/GufwGL6xWb1t+Jt/5EIFIdL54o1Lxpx4RPdwXsw="},"chainType":1,"messageKeys":{}}},"pendingPreKey":{"signedKeyId":22,"baseKey":"BZ70SfyU4WDQmmMWXTf+YwWAD20gKKqjmrMQTZSVes9j","preKeyId":5234286}}},"version":"v1"}