{"_sessions":{"BbpCxng95ekz1ErQSQUD/Zn8M1YtzbxV4SKUXrECvYxR":{"registrationId":544463888,"currentRatchet":{"ephemeralKeyPair":{"pubKey":"BT9idNPugqXrPFLzJb5unscmQRKQMpl84e5OJM5H/e5s","privKey":"+FdfN6ik9fKEBOrLUgX1PKj1YEQOjcz2Hp5YWAdnqWU="},"lastRemoteEphemeralKey":"BQcDh+kkQdP/ZIaoD29Esil9xIih6RdOQ4GXRGaiJ4gy","previousCounter":0,"rootKey":"SO9+9L4miJHsdqz5Z/3GGa4Fw+OOvIk0Slf6bz+gfnI="},"indexInfo":{"baseKey":"BbpCxng95ekz1ErQSQUD/Zn8M1YtzbxV4SKUXrECvYxR","baseKeyType":1,"closed":-1,"used":1755758929590,"created":1755758929590,"remoteIdentityKey":"Bb4fhZstO5Zb23CmIli9gUd8MIT5jd4z6IX/0e/qQjUD"},"_chains":{"BT9idNPugqXrPFLzJb5unscmQRKQMpl84e5OJM5H/e5s":{"chainKey":{"counter":0,"key":"nn//EPclS7pPzd/Wh+8j8bsHD+azIk4nNF1yvDuwWhk="},"chainType":1,"messageKeys":{}}},"pendingPreKey":{"signedKeyId":1,"baseKey":"BbpCxng95ekz1ErQSQUD/Zn8M1YtzbxV4SKUXrECvYxR","preKeyId":4789838}}},"version":"v1"}