{"_sessions":{"BUtnqhfYNfxgPuRelMNT/dY6tuaR2lr7HUvsJ4gYsBF1":{"registrationId":1244766338,"currentRatchet":{"ephemeralKeyPair":{"pubKey":"BYO+7Jl9nxusQA9AqaCpl5stoBHye8cnmCZQgB5PaqIl","privKey":"QAWGZFabDk/SrJKeqRQcfXcbxonj3QXBL7TeCIE68Vc="},"lastRemoteEphemeralKey":"BX1i3d41Y6GiVe8DghBCSRa667TVmCKUzwvwMiTGoN04","previousCounter":0,"rootKey":"akoYpcI3d68No8H/a3Dd9d9SGfvzqslscfSNCrEbqLk="},"indexInfo":{"baseKey":"BUtnqhfYNfxgPuRelMNT/dY6tuaR2lr7HUvsJ4gYsBF1","baseKeyType":1,"closed":-1,"used":1755758930624,"created":1755758930624,"remoteIdentityKey":"BcZ3BtvDj5oAEgh6GUT6LanItEPgqQBtwVJsGCLFSFAj"},"_chains":{"BYO+7Jl9nxusQA9AqaCpl5stoBHye8cnmCZQgB5PaqIl":{"chainKey":{"counter":0,"key":"yCKbs2PZXH5ziH/lmlE6EPaN5OMDJkkOmHYrxZRWSBg="},"chainType":1,"messageKeys":{}}},"pendingPreKey":{"signedKeyId":16,"baseKey":"BUtnqhfYNfxgPuRelMNT/dY6tuaR2lr7HUvsJ4gYsBF1","preKeyId":768092}}},"version":"v1"}