{"_sessions":{"BTWirBFPrlm3L5m6quJZE28t2fBDUm790cTo1E47me0P":{"registrationId":779848390,"currentRatchet":{"ephemeralKeyPair":{"pubKey":"Bb+BZcdFiNmMSjTDKO9yZayZcN4f2PNTxBm/8JFZcX5i","privKey":"EKcyc9fdP9lTx4jGKtXkmpQZGBPjkkDcgiux3UR0En4="},"lastRemoteEphemeralKey":"Bc3Iri1Mxn56xP5aRBE8iSsALJeKXmtmYXVVY10YlX5f","previousCounter":0,"rootKey":"OhGeP661E/+UeytwQKsXoQJ5jx+/P4odw5vioX0lBHs="},"indexInfo":{"baseKey":"BTWirBFPrlm3L5m6quJZE28t2fBDUm790cTo1E47me0P","baseKeyType":2,"closed":-1,"used":1755758851712,"created":1755758851712,"remoteIdentityKey":"BdU1QiJY5lp6SytTZPOPKsee5GvsqhAv/hzisqCYEtVj"},"_chains":{"Bc3Iri1Mxn56xP5aRBE8iSsALJeKXmtmYXVVY10YlX5f":{"chainKey":{"counter":2,"key":"EhHIvCKbBNh8/NQRD27xcFPnVqV6j8FutdqcaKEmd5Q="},"chainType":2,"messageKeys":{}},"Bb+BZcdFiNmMSjTDKO9yZayZcN4f2PNTxBm/8JFZcX5i":{"chainKey":{"counter":-1,"key":"8Ch9TlQpYBS83CfSPLSu/xFj7sjIpjrhoWA4LibOT5w="},"chainType":1,"messageKeys":{}}}}},"version":"v1"}