{"_sessions":{"BTO2cs25KcBTxoZKKGvQo0fWm+Y0hmSlO23EtGiDZKVi":{"registrationId":5630547,"currentRatchet":{"ephemeralKeyPair":{"pubKey":"BQx0JF6dKSzdrzz2ASubSzsZhkCTyjYU7EOiKNepZskl","privKey":"OFYn3gmrPqLkLEfou+mb4Cl4Y62P+2EYjMqs9fCFHW8="},"lastRemoteEphemeralKey":"BQ8EK4tTAuDQQ5oZ6zoblcQ5GdSbLjuUQnAnWtXUvKwH","previousCounter":0,"rootKey":"lak6HJteY6qTsheGHZbq9nkUGtIpmWE9LxuLhuv2JmA="},"indexInfo":{"baseKey":"BTO2cs25KcBTxoZKKGvQo0fWm+Y0hmSlO23EtGiDZKVi","baseKeyType":1,"closed":-1,"used":1755758928480,"created":1755758928480,"remoteIdentityKey":"BR71JtBwcyD/+NE22Hq/FQDfB5SOVBUGh1OyVCvVL2lL"},"_chains":{"BQx0JF6dKSzdrzz2ASubSzsZhkCTyjYU7EOiKNepZskl":{"chainKey":{"counter":0,"key":"VTNdzzAGhGntgWej14TBarnrxPM58H+pjLfqbuIZEIQ="},"chainType":1,"messageKeys":{}}},"pendingPreKey":{"signedKeyId":9496129,"baseKey":"BTO2cs25KcBTxoZKKGvQo0fWm+Y0hmSlO23EtGiDZKVi","preKeyId":14378}}},"version":"v1"}