{"_sessions":{"BdT1zggZYGHCqIZCGZdqzvZTPlMYWfAt//Z5oQopia8g":{"registrationId":1310142779,"currentRatchet":{"ephemeralKeyPair":{"pubKey":"Bdikbu430OexkkEBT04xGsTg1LUzfIx7M6dPv/dTgwtV","privKey":"YBva/fr2BESsuvOA2bMj71nRa61rIxpm698Et/U49U4="},"lastRemoteEphemeralKey":"BeTwN4lyoVp01HtA0vk2fcXB9D+cxqbL+OfNXOglTvNd","previousCounter":0,"rootKey":"93b3wTmdI3DlZvpbZZ+zaQMBwnOEd6wgfkLHgITOv4s="},"indexInfo":{"baseKey":"BdT1zggZYGHCqIZCGZdqzvZTPlMYWfAt//Z5oQopia8g","baseKeyType":1,"closed":-1,"used":1755758930381,"created":1755758930381,"remoteIdentityKey":"BR9+jtcqig8kiEwhtPq/ESHHHYb20g3qqz0Q4WWkSXF3"},"_chains":{"Bdikbu430OexkkEBT04xGsTg1LUzfIx7M6dPv/dTgwtV":{"chainKey":{"counter":0,"key":"BpBD5J//Ds22FMseeIwtoYU/GHRjptMOsMfrlQXZmw0="},"chainType":1,"messageKeys":{}}},"pendingPreKey":{"signedKeyId":10,"baseKey":"BdT1zggZYGHCqIZCGZdqzvZTPlMYWfAt//Z5oQopia8g","preKeyId":4945077}}},"version":"v1"}