{"_sessions":{"BapYJzMKiEYORRBKLarf/eGguS5rltj9onm/RXWLmYw1":{"registrationId":1217276859,"currentRatchet":{"ephemeralKeyPair":{"pubKey":"BfLg3aTsrPio4ABltd50+A0zVvYh+EA1KPD0ZpRDj/tH","privKey":"sMSeFh3uMZVvcUyt1Qq6Bqt7sdmgjNurqKMNnQQiuVw="},"lastRemoteEphemeralKey":"BSKXVome3z0PXZ4MkSUBDpG0kWubNPt8cks6xrjfrUFp","previousCounter":0,"rootKey":"52VlgpcD8Ycw+X333eGyHLEL/MFc6145UM+cuaaZ16Q="},"indexInfo":{"baseKey":"BapYJzMKiEYORRBKLarf/eGguS5rltj9onm/RXWLmYw1","baseKeyType":1,"closed":-1,"used":1755758928608,"created":1755758928608,"remoteIdentityKey":"BQA8qxYG3n6fl1micCCyuO2CjGfCztx0gIJvg0T2YYk5"},"_chains":{"BfLg3aTsrPio4ABltd50+A0zVvYh+EA1KPD0ZpRDj/tH":{"chainKey":{"counter":0,"key":"0Xqf4mDlnNn0WrBA+eHYHJLdeIFNG3gNgvakPNKCqDc="},"chainType":1,"messageKeys":{}}},"pendingPreKey":{"signedKeyId":4,"baseKey":"BapYJzMKiEYORRBKLarf/eGguS5rltj9onm/RXWLmYw1","preKeyId":2768541}}},"version":"v1"}