{"_sessions":{"BWAuhlEmfSloS249oawNpaNvuEeBvgATFElCmGkU07cD":{"registrationId":946070644,"currentRatchet":{"ephemeralKeyPair":{"pubKey":"BVsE/IU+4O5JjlQAfBKVNn0QXb5JobSyftLE10E3Kytq","privKey":"YLRYPxR9QOEBDEF0oLnT4UkjIP43F2Wb7Hz1qcM7w2A="},"lastRemoteEphemeralKey":"Bc3Vc30mSwpeh5gaGF7pph5NTUiPp+j0iIJu4qM3hqhM","previousCounter":0,"rootKey":"9PYsC53H1IbAqRL7LvLsASg4ef9ea+P1sDGQRWi7SKE="},"indexInfo":{"baseKey":"BWAuhlEmfSloS249oawNpaNvuEeBvgATFElCmGkU07cD","baseKeyType":1,"closed":-1,"used":1755758929972,"created":1755758929972,"remoteIdentityKey":"BaSNX2wuMKUjdbF1ZsuaecOSG+bazFIkm9tE39mCjV12"},"_chains":{"BVsE/IU+4O5JjlQAfBKVNn0QXb5JobSyftLE10E3Kytq":{"chainKey":{"counter":0,"key":"rlOV+w0C+z3ngeXHRdsboB+zR9SUwzhcN+l2QtRYAZs="},"chainType":1,"messageKeys":{}}},"pendingPreKey":{"signedKeyId":3,"baseKey":"BWAuhlEmfSloS249oawNpaNvuEeBvgATFElCmGkU07cD","preKeyId":11103295}}},"version":"v1"}