{"_sessions":{"BeQxwUv6YDiV6jBdYCUp1Ntk+P0ldWBy+0IUbsjc8bIS":{"registrationId":26149564,"currentRatchet":{"ephemeralKeyPair":{"pubKey":"BU4LtBdBwzLjaZgegl853RupOAVPXFVmhamQulPVM9U6","privKey":"8A5EG3RXPc1/Kce2JUjNwvrKzi3JzRgXt3JtHu5MGXM="},"lastRemoteEphemeralKey":"Ba4RxDiLRzIATxw1kQ2bN/2GyRg0cEmY+NyLSWq81Mdf","previousCounter":0,"rootKey":"E7KBCG48Dj+TwaP/oupniYN9PaqOgbDKME8yIOqWYEo="},"indexInfo":{"baseKey":"BeQxwUv6YDiV6jBdYCUp1Ntk+P0ldWBy+0IUbsjc8bIS","baseKeyType":1,"closed":-1,"used":1755758930509,"created":1755758930509,"remoteIdentityKey":"BQ5e+OUBP+wIVM+1oIll7/dSl8CW5pb3STXsWSOmyHJy"},"_chains":{"BU4LtBdBwzLjaZgegl853RupOAVPXFVmhamQulPVM9U6":{"chainKey":{"counter":0,"key":"sEuQv5Rzei3aiN9ncPM5Mn/LXgjL4g5OmIfcXOuoyFs="},"chainType":1,"messageKeys":{}}},"pendingPreKey":{"signedKeyId":1,"baseKey":"BeQxwUv6YDiV6jBdYCUp1Ntk+P0ldWBy+0IUbsjc8bIS","preKeyId":12886981}}},"version":"v1"}