{"_sessions":{"BZ9r3Rbq3pr9Ils4o/TVAkLFYyyZOp+9BkX4pmH02wcE":{"registrationId":1744620837,"currentRatchet":{"ephemeralKeyPair":{"pubKey":"BShBs4SPmpy+AfqtEzs1ES4XhXcPIo0bMf5Ew6CrDPU/","privKey":"MJVJPotuSIAes6jcvk4k3WE2mtTx/tgvrxByhh8TA3I="},"lastRemoteEphemeralKey":"Bcvf44jnvRPAnZN+4LpeoU3ck+3IVKIXpm4FLGAxa3JG","previousCounter":0,"rootKey":"74ANC35UhP2pSKzCEYt8QhRXIme8twrUU6KgOPYzG64="},"indexInfo":{"baseKey":"BZ9r3Rbq3pr9Ils4o/TVAkLFYyyZOp+9BkX4pmH02wcE","baseKeyType":1,"closed":-1,"used":1755758928798,"created":1755758928798,"remoteIdentityKey":"BYLgUGLLecRpeOgkPNVQUgHq6H+eIdWzZ34dMv8zopAe"},"_chains":{"BShBs4SPmpy+AfqtEzs1ES4XhXcPIo0bMf5Ew6CrDPU/":{"chainKey":{"counter":0,"key":"H1tuAyOkZX55Q5qOtPHQr3J1K6001SIHvV1Yrte6wgo="},"chainType":1,"messageKeys":{}}},"pendingPreKey":{"signedKeyId":5,"baseKey":"BZ9r3Rbq3pr9Ils4o/TVAkLFYyyZOp+9BkX4pmH02wcE","preKeyId":11820911}}},"version":"v1"}