{"_sessions":{"BdwDaCoJyhYqy7JmpnF0Geb1nHFYmhnywWrDtfXD/V4E":{"registrationId":920517373,"currentRatchet":{"ephemeralKeyPair":{"pubKey":"BWIRipk3l7lFSHQ7IX+8qTmkL5xzh64yYnB7I8CAlAkR","privKey":"MIM10UPpVMMYn/6pViErFFiBHaGha7QuigRJ+LKn7VQ="},"lastRemoteEphemeralKey":"BVH9FggRsTrVusv44wfuovb+kMY6CAlXVVEH3YO73GVG","previousCounter":0,"rootKey":"2pmrw7lRjeSv7SdmAmxGK+dr0rBhdEpK7x4DNEAwlFQ="},"indexInfo":{"baseKey":"BdwDaCoJyhYqy7JmpnF0Geb1nHFYmhnywWrDtfXD/V4E","baseKeyType":1,"closed":-1,"used":1755758930844,"created":1755758930844,"remoteIdentityKey":"BRLdZSCD+XkwlnMFbWuJJSdDtY111xpuPLEzteq+ZLVF"},"_chains":{"BWIRipk3l7lFSHQ7IX+8qTmkL5xzh64yYnB7I8CAlAkR":{"chainKey":{"counter":0,"key":"1inapZXFmjPTrpdjKmMy3BZtIVwXFz/KosPqczjw6Ig="},"chainType":1,"messageKeys":{}}},"pendingPreKey":{"signedKeyId":2,"baseKey":"BdwDaCoJyhYqy7JmpnF0Geb1nHFYmhnywWrDtfXD/V4E","preKeyId":12263286}}},"version":"v1"}